rank,person,judgment,status,scenes,scenes_main,scenes_ev,changes,changes_main,changes_ev,change_places,changes_deep,records,named,lines,center,score,from,pass,band,mismatch
1,person:아니스,C1,확정,484,446,38,27,19,8,14,19,40,502,6099,47,114.3,ch08,1,1,
2,person:라피,C2,확정,495,464,31,23,21,2,14,11,24,542,5212,49,106.7,ch09,1,1,
3,person:지휘관,C3,확정,528,522,6,10,10,0,9,10,10,635,4260,60,72.7,ch01,1,1,
4,person:네온,C4,확정,411,405,6,8,8,0,6,5,9,438,3156,41,57.3,ch35,1,1,
5,person:도로시,C5,확정,125,57,68,15,8,7,9,9,16,161,2926,12,43.3,event_overzone,1,1,
6,person:스노우_화이트,C6,확정,140,48,92,13,5,8,7,6,17,169,1911,11,42.7,fl:ark_guardian,1,1,
7,person:마리안,C7,확정,70,34,36,18,12,6,9,16,20,145,941,10,35.5,ch48,1,1,
8,person:레비아탄,C8,확정,74,62,12,17,13,4,8,9,21,102,2264,15,35.5,ch41,1,1,
9,person:홍련,C9,기각,95,11,84,7,3,4,4,4,7,124,1105,6,25.8,ch48,,1,
10,person:신데렐라,C10,기각,70,45,25,9,5,4,4,6,11,126,1528,7,25.1,event_oldtales1,,1,
11,person:그레이브,C11,기각,87,61,26,7,6,1,5,4,7,125,1934,10,24.7,event_oldtales1,,1,
12,person:라플라스,C12,기각,86,86,0,7,7,0,6,5,8,93,803,10,24.5,ch37,,1,
13,person:라푼젤,C13,기각,104,21,83,5,3,2,3,4,5,128,1132,6,22.8,ch48,,1,
14,person:맥스웰,C14,기각,85,85,0,6,6,0,5,4,6,92,1114,12,22.6,ch38,,1,
15,person:베히모스,C15,기각,47,47,0,7,7,0,5,5,7,92,869,11,18.1,ch48,,1,
16,person:나유타,C16,기각,53,22,31,6,4,2,3,5,6,66,1335,5,17.8,ch46,,1,
17,person:드레이크,C17,기각,73,73,0,4,4,0,4,3,4,82,441,10,17.1,ch38,,1,
18,person:엔더슨,C18,기각,36,35,1,8,6,2,5,4,8,117,1032,11,17,ch48,,1,
19,person:파피용,C19,기각,48,28,20,6,3,3,5,4,6,56,583,9,17,ch48,,1,
20,person:요한,C20,기각,69,39,30,4,1,3,2,2,5,89,1276,8,16.6,ch47,,1,
21,person:레드_후드,,,51,14,37,5,3,2,4,2,5,107,1617,5,16,event_redash,,,
22,person:한슨,,,35,0,35,7,0,7,2,2,11,39,734,2,15.7,event_staranis1,,,
23,person:리버린,,,47,47,0,5,5,0,3,3,5,66,906,7,15.3,ch45,,,
24,person:오스왈드,,,30,0,30,7,0,7,3,4,8,37,827,5,14.5,side:pretty_star,,,
25,person:E.H.,,,26,26,0,8,8,0,6,6,8,37,557,7,14.4,ch45,,,
26,person:크라운,,,50,6,44,4,0,4,2,3,4,54,648,4,14.1,event_goddessfall1,,,
27,person:슈엔,,,48,48,0,4,4,0,4,3,4,102,970,15,13.9,ch15,,,
28,person:프리카,,,36,11,25,5,1,4,2,2,7,43,460,4,13.4,event_staranis1,,,
29,person:릴리스,,,39,0,39,4,0,4,2,3,5,75,737,4,12.5,fl:ark_guardian,,,
30,person:에닉,,,39,37,2,4,4,0,3,3,4,69,886,6,12.5,ch47,,,
31,person:토커티브,,,31,11,20,5,1,4,3,3,6,76,353,6,12.4,event_goddessfall1,,,
32,person:민트,,,37,12,25,4,0,4,1,2,7,44,579,3,12.2,event_staranis1,,,
33,person:유니,,,28,27,1,5,5,0,3,1,5,34,299,9,11.8,ch12,,,
34,person:하란,,,35,15,20,4,0,4,2,2,4,48,473,5,11.8,event_goddessfall1,,,
35,person:시프티,,,128,128,0,1,1,0,1,1,1,137,910,14,11.3,ch27,,,
36,person:머스탱,,,42,18,24,3,1,2,2,0,5,66,1280,6,11.2,event_staranis1,,,
37,person:니힐리스타,,,25,12,13,5,1,4,2,3,5,66,602,4,11.2,event_goddessfall1,,,
38,person:세이렌,,,41,11,30,3,1,2,3,0,4,58,709,3,11.1,ch42,,,
39,person:킬로,,,41,0,41,3,0,3,1,1,3,45,714,2,11.1,event_lastkingdom1,,,
40,person:지즈,,,40,40,0,3,3,0,3,0,3,53,563,8,11,ch48,,,
41,person:프리시아,,,20,0,20,6,1,5,2,4,12,48,645,5,11,side:pretty_star,,,
42,person:바이퍼,,,39,39,0,3,3,0,1,2,3,48,650,4,10.8,ch24,,,
43,person:인디빌리아,,,25,2,23,4,0,4,2,2,4,46,526,2,10,event_goddessfall1,,,
44,person:은화,,,48,48,0,2,2,0,2,0,2,56,519,7,9.8,ch32,,,
45,person:차임,,,44,6,38,2,0,2,1,1,2,55,678,3,9.4,event_lastkingdom1,,,
46,person:미하라,,,28,27,1,3,3,0,2,2,3,35,274,4,9.2,ch04,,,
47,person:장화,,,14,6,8,6,4,2,3,4,6,23,177,3,9.2,ch48,,,
48,person:미러,,,20,7,13,4,3,1,3,2,4,29,521,4,8.9,ch48,,,
49,person:미세스_미스,,,19,7,12,4,2,2,3,3,4,29,473,5,8.7,event_staranis1,,,
50,person:프레자일,,,24,24,0,3,3,0,3,0,4,29,347,4,8.5,ch45,,,
51,person:해머링,,,34,34,0,2,2,0,1,2,2,61,350,4,8.2,ch30,,,
52,person:레드_슈즈,,,16,1,15,4,2,2,2,3,4,28,394,2,8,ch48,,,
53,person:세실,,,62,36,26,1,0,1,1,1,1,76,947,8,7.9,ch48,,,
54,person:이사벨,,,31,13,18,2,0,2,1,1,2,48,283,3,7.9,event_goddessfall1,,,
55,person:리버렐리오,,,24,22,2,2,2,0,2,2,2,48,521,5,6.9,ch44,,,
56,person:노아,,,23,13,10,2,1,1,2,1,2,43,232,4,6.8,event_goddessfall1,,,
57,person:잉그리드,,,43,41,2,1,1,0,1,0,1,72,862,7,6.6,ch48,,,
58,person:버닝엄,,,19,18,1,2,2,0,2,0,2,32,578,7,6.2,ch48,,,
59,person:도반,,,9,9,0,4,4,0,1,3,4,19,237,3,6,ch46,,,
60,person:프린세스,,,12,12,0,3,3,0,1,2,4,14,426,1,6,ch43,,,
61,person:아비스타,,,17,16,1,2,1,1,2,2,2,21,304,2,5.8,event_staranis1,,,
62,person:온리_원,,,16,16,0,2,2,0,1,2,3,26,225,4,5.7,ch48,,,
63,person:T.A.L.O.S.,,,31,0,31,1,0,1,1,0,1,31,238,2,5.6,event_goddessfall1,,,
64,person:리스,,,15,0,15,2,0,2,1,1,2,19,292,1,5.5,event_staranis1,,,
65,person:크로우,,,30,30,0,1,1,0,1,1,1,45,613,3,5.5,ch24,,,
66,person:목단,,,14,14,0,2,2,0,1,2,2,21,397,2,5.3,ch44,,,
67,person:요요,,,8,0,8,3,0,3,1,2,4,16,205,1,4.9,event_staranis1,,,
68,person:피나,,,16,0,16,1,0,1,1,1,1,22,217,1,4,event_overzone,,,
69,person:헨젤,,,14,0,14,1,0,1,1,0,2,23,188,1,3.7,event_oldtales1,,,
70,person:엑시아,,,11,11,0,1,1,0,1,1,1,21,146,2,3.3,ch09,,,
71,person:랩칠리언,,,10,10,0,1,1,0,1,1,1,25,232,2,3.2,ch41,,,
72,person:지엔,,,5,5,0,2,2,0,2,0,2,7,226,2,3.2,ch44,,,
73,person:프리_랫,,,5,5,0,2,2,0,1,1,3,6,130,1,3.2,ch43,,,
74,person:슈가,,,4,4,0,2,2,0,1,1,2,6,119,2,2.8,ch44,,,
75,person:디젤,,,6,6,0,1,1,0,1,1,1,6,105,1,2.4,ch24,,,
76,person:프리바티,,,5,5,0,1,1,0,1,0,1,5,98,2,2.2,ch14,,,
77,person:길로틴,,,3,3,0,1,1,0,1,0,1,5,64,1,1.7,ch23,,,
78,person:빅_마담,,,3,3,0,1,1,0,1,0,1,11,55,1,1.7,ch43,,,
79,person:아르카나,,,1,1,0,1,1,0,1,1,1,3,42,1,1,ch45,,,
