unit,kind,title,tick,judgment,status,gate,skeleton,skeleton_by,payoffs,answers,main,main_in,main_out,pass,mismatch
event_nocallerid,이벤트,No Caller ID,18,,,,0,,0,0,0,,,,
event_hightechtoy,이벤트,HIGHTECH TOY,20,,,,0,,0,0,0,,,,
event_miraclesnow1,이벤트,MIRACLE SNOW,21,,,,0,,0,1,0,,,,
event_brandnewyear,이벤트,BRAND NEW YEAR,23,B8,기각,신년,1,J1×1,0,0,1,,,,
event_doutsiders,이벤트,D-OUTSIDERS,26,,,,0,,0,1,0,,,,
event_maidinvalentine,이벤트,Maid in Valentine,28,,,,0,,0,0,0,,,,
event_bowwowparadise,이벤트,BOW-WOW PARADISE,31,,,,0,,0,0,0,,,,
event_cherryblossom,이벤트,CHERRY BLOSSOM,32,,,,0,,0,0,1,,,,
event_fullfoolday,이벤트,FULL FOOL DAY,33,,,,0,,0,0,0,,,,
event_ltk,이벤트,License to Kill,34,,,,0,,0,0,0,,,,
event_overzone,이벤트,OVER ZONE,36,B1,확정,하프(0.5주년),9,J6×5 J7×3 J16×1,1,1,11,,,1,
event_BunnyX777,이벤트,Bunny x 777,37,,,,0,,0,0,0,,,,
event_queensorder,이벤트,Queen's Order,39,,,,0,,0,0,0,,,,
event_bluewaterisland,이벤트,BLUEWATER ISLAND,40,,,,0,,0,1,0,,,,
event_nyanyaparadise,이벤트,NYA NYA PARADISE,42,,,,0,,0,0,0,,,,
event_goldenship,이벤트,Golden Ship,44,,,,0,,0,0,0,,,,
event_seayouagain1,이벤트,"SEA, YOU, AGAIN",45,,,,0,,0,2,0,,,,
event_firstaffection,이벤트,First Affection,47,,,,0,,0,0,0,,,,
event_schooloflock,이벤트,SCHOOL OF LOCK,50,,,,0,,0,0,0,,,,
event_dazzlingcupid,이벤트,DAZZLING CUPID,51,,,,0,,0,0,0,,,,
event_freezeacpu,이벤트,A.C.P.U.! FREEZE!,53,,,,1,J3×1,0,0,0,,,,
event_redash,이벤트,RED ASH,55,B2,확정,1주년,8,J9×3 J2×3 J6×2,0,5,9,,,1,
event_alonesurvivor,이벤트,ALONE SURVIVOR,56,,,,0,,0,0,0,,,,
event_neverland1,이벤트,NEVERLAND,57,,,,0,,0,0,0,,,,
event_newyearnewsword,이벤트,"NEW YEAR, NEW SWORD",59,B9,기각,연말 · 신년,0,,1,1,5,,,,
event_lionheart,이벤트,LION HEART,61,,,,0,,0,0,0,,,,
event_dirtybackyard,이벤트,DIRTY BACKYARD,62,,,,0,,0,0,15,,,,
event_perfectmaid,이벤트,PERFECT MAID,63,,,,0,,0,0,0,,,,
event_boomsday,이벤트,BOOMS DAY,66,,,,3,J19×3,0,0,6,,,,
event_killthelord,이벤트,KILL THE LORD,67,,,,0,,0,1,0,,,,
event_liarsend,이벤트,LIAR'S END,70,,,,0,,0,0,0,,,,
side:second_affection,사이드,SECOND AFFECTION,71,B13,기각,사이드,2,J1×2,0,0,0,,,,
event_onemoretime,이벤트,ONE MORE TIME,71,,,,0,,0,0,0,,,,
event_lastkingdom1,이벤트,LAST KINGDOM,73,B3,확정,1.5주년,6,J1×5 J15×1,0,4,5,,,1,
event_darkhero,이벤트,D.ARK HERO,74,,,,4,J19×4,0,3,4,,,,
event_goldencoinrush1,이벤트,GOLDEN COIN RUSH,75,,,,0,,0,0,0,,,,
event_claymore,이벤트,"CLAY, MORE!",77,,,,0,,0,1,0,,,,
event_beautyfullshot1,이벤트,BEAUTY FULL SHOT,78,,,,0,,0,0,2,,,,
event_juveniledays,이벤트,JUVENILE DAYS,81,,,,0,,0,0,0,,,,
event_colorless,이벤트,COLORLESS,82,,,,0,,0,2,0,,,,
event_jinxplayer,이벤트,JINX PLAYER,86,,,,0,,0,0,0,,,,
event_nonsensered,이벤트,Nonsense Red,86,,,,0,,0,0,0,,,,
event_phantomthiefvsdetective,이벤트,PHANTOM THIEF VS DETECTIVE,87,,,,0,,0,0,0,,,,
side:wordless,사이드,WORDLESS,89,B14,기각,사이드,0,,0,1,2,,,,
event_lifeagain,이벤트,LIFE AGAIN,89,,,,0,,0,0,0,,,,
event_oldtales1,이벤트,OLD TALES,91,B4,확정,2주년,6,J12×6,0,3,16,,,1,
event_secretgarden,이벤트,SECRET GARDEN,93,,,,0,,0,0,0,,,,
event_icedragonsaga1,이벤트,ICE DRAGON SAGA,94,,,,0,,1,0,0,,,,
event_footstepwalkrun1,이벤트,"FOOTSTEP, WALK, RUN",96,B10,확정,연말 · 신년,14,J2×11 J19×2 J18×1,3,2,22,,,1,
event_outofuniform,이벤트,OUT OF UNIFORM,97,B11,기각,신년,0,,0,0,0,,,,
event_wisdomspring,이벤트,WISDOM SPRING,98,,,,5,J3×4 J18×1,0,2,11,,,,
event_romanticvalentine,이벤트,ROMANTIC VALENTINE,99,,,,0,,0,1,0,,,,
fl:for_rest,이벤트,FOR REST,104,,,,0,,0,0,0,,,,
event_newflavor,이벤트,NEW FLAVOR,105,,,,1,J3×1,0,0,0,,,,
event_foolburstday,이벤트,FOOL BURST DAY,106,,,,0,,0,0,0,,,,
side:mudfish,사이드,MUDFISH,107,B15,확정,사이드,4,J10×2 J12×2,0,2,11,,,1,
event_trueflavor,이벤트,TRUE FLAVOR,107,,,,0,,0,1,0,,,,
event_unbreakablesphere1,이벤트,UNBREAKABLE SPHERE,109,B5,기각,2.5주년,7,J12×6 J18×1,0,2,2,,,,
event_arcanearchive,이벤트,ARCANE ARCHIVE,111,,,,2,J6×2,1,0,2,,,,
event_lordforjustice,이벤트,"LORD, FOR JUSTICE",112,,,,0,,0,6,3,,,,
event_ce006,이벤트,MEMORIES TELLER,113,,,,2,J8×2,0,1,1,,,,
event_overthehorizon,이벤트,OVER THE HORIZON,115,,,,2,J6×2,0,0,1,,,,
fl:boom_the_ghost,이벤트,BOOM! THE GHOST!,116,,,,6,J7×3 J2×2 J19×1,0,1,13,,,,
fl:absolute,이벤트,ABSOLUTE,119,,,,0,,0,0,1,,,,
fl:coins_in_rush,이벤트,COINS IN RUSH,122,,,,0,,0,0,0,,,,
fl:reborn_evil,이벤트,REBORN EVIL,124,,,,0,,0,2,0,,,,
side:eden_spear,사이드,EDEN SPEAR,126,B16,확정,사이드,15,J13×3 J8×6 J15×3 J12×2 J1×1,0,2,11,,,1,
fl:go_ninja_thief,이벤트,GO! NINJA THIEF!,126,,,,0,,0,1,0,,,,
event_goddessfall1,이벤트,GODDESS FALL,128,B6,확정,3주년,26,J13×10 J1×4 J3×5 J7×4 J8×2 J12×1,1,8,29,,,1,
fl:blank_ticket,이벤트,BLANK TICKET,130,,,,0,,0,0,0,,,,
fl:terminus_ticket,이벤트,TERMINUS TICKET,131,,,,0,,0,4,0,,,,
fl:ark_guardian,이벤트,ARK GUARDIAN,133,B12,확정,신년,19,J6×7 J4×3 J5×7 J15×1 J8×1,4,6,26,,,1,
fl:sin_editor,이벤트,SIN EDITOR,135,,,,1,J19×1,0,1,1,,,,
fl:fatal_maid,이벤트,FATAL MAID,136,,,,0,,0,1,0,,,,
fl:lie_cause_recoil,이벤트,LIE CAUSE RECOIL,138,,,,0,,0,1,0,,,,
fl:enter_heaven,이벤트,ENTER HEAVEN,140,,,,0,,1,3,9,,,,
fl:2x2_love_1ch,이벤트,2X2 LOVE 1부,141,,,,0,,0,0,0,,,,
fl:2x2_love_2ch,이벤트,2X2 LOVE 2부,141,,,,0,,0,0,0,,,,
side:pretty_star,사이드,PRETTY STAR,142,B17,확정,사이드,4,J6×4,1,5,10,,,1,
fl:good_world,이벤트,GOOD WORLD,142,,,,4,J3×2 J18×2,0,0,2,,,,
event_staranis1,이벤트,STAR ANIS,144,B7,확정,3.5주년,0,,3,9,18,,,1,
fl:b-side_idol,이벤트,B-SIDE IDOL,146,,,,0,,0,0,0,,,,
fl:bitter_spice,이벤트,BITTER SPICE,147,,,,0,,0,2,0,,,,
fl:ark_ranger,이벤트,ARK RANGER,148,,,,3,J13×3,0,2,4,,,,
fl:wave_to_you,이벤트,WAVE TO YOU,149,,,,0,,0,3,0,,,,
fl:project_matis,이벤트,PROJECT MATIS,151,,,,1,J16×1,1,5,4,,,,
fl:persona_on_frontline,이벤트,PERSONA ON FRONTLINE,154,,,,0,,0,0,0,,,,
fl:great_villain_union,이벤트,GREAT VILLAIN UNION,156,,,,0,,0,1,1,,,,
