thread,weight,title,target,type,records,thread_about,sample
J1,뼈대,마리안 — 침식 · 모더니아 · 여왕의 각성,place:방주,place,4,,E410 F84 F376 Q1
J1,뼈대,마리안 — 침식 · 모더니아 · 여왕의 각성,concept:침식,concept,3,,F84 F376 Q1
J1,뼈대,마리안 — 침식 · 모더니아 · 여왕의 각성,concept:퀸_인자,concept,2,,F2072 F2277
J1,뼈대,마리안 — 침식 · 모더니아 · 여왕의 각성,concept:랩쳐,concept,1,,F2072
J1,뼈대,마리안 — 침식 · 모더니아 · 여왕의 각성,concept:헬레틱,concept,1,,F2072
J1,뼈대,마리안 — 침식 · 모더니아 · 여왕의 각성,item:에덴의_창,item,1,,F2289
J1,뼈대,마리안 — 침식 · 모더니아 · 여왕의 각성,org:3대_기업,org,1,,E46
J1,뼈대,마리안 — 침식 · 모더니아 · 여왕의 각성,org:바이스리터,org,1,,Q102
J2,뼈대,라피와 레드 후드,org:앱솔루트,org,8,,E498 F279 F1559 F1644 F1763 F1765
J2,뼈대,라피와 레드 후드,concept:NIMPH,concept,7,,E513 E590 F259 F312 F1655 F1756
J2,뼈대,라피와 레드 후드,item:세븐스_드워프,item,5,,E296 E586 F1655 F2430 Q206
J2,뼈대,라피와 레드 후드,concept:침식,concept,4,,E287 E299 F1756 Q157
J2,뼈대,라피와 레드 후드,org:갓데스,org,4,,E38 E39 F1115 F1145
J2,뼈대,라피와 레드 후드,concept:그레이브_디거,concept,2,,E10 F2214
J2,뼈대,라피와 레드 후드,concept:적합자,concept,2,,F1145 F1307
J2,뼈대,라피와 레드 후드,concept:페어리_테일,concept,2,,F1145 Q14
J2,뼈대,라피와 레드 후드,item:초거대_코어,item,2,,E1093 F1755
J2,뼈대,라피와 레드 후드,org:엘리시온,org,2,,F1145 Q258
J2,뼈대,라피와 레드 후드,place:궤도_엘리베이터,place,2,,E567 F1755
J2,뼈대,라피와 레드 후드,place:방주,place,2,,F1115 F1755
J2,뼈대,라피와 레드 후드,concept:기억_소거,concept,1,,Q18
J2,뼈대,라피와 레드 후드,concept:양산형_니케,concept,1,,F1145
J2,뼈대,라피와 레드 후드,concept:언체인드,concept,1,,F259
J2,뼈대,라피와 레드 후드,concept:에블라_입자,concept,1,,F1644
J2,뼈대,라피와 레드 후드,concept:프레데터,concept,1,,E844
J2,뼈대,라피와 레드 후드,item:방주_추첨권,item,1,,F1307
J2,뼈대,라피와 레드 후드,item:유리_구두,item,1,,F1145
J2,뼈대,라피와 레드 후드,org:메티스,org,1,,E75
J2,뼈대,라피와 레드 후드,org:바이스리터,org,1,,F1109
J2,뼈대,라피와 레드 후드,place:수정_지역,place,1,,F1644
J2,뼈대,라피와 레드 후드,place:탈환지_01,place,1,,Q167
J3,뼈대,지휘관의 정체 — 7호 · 블랙박스 · 인자,concept:PROJECT_A.D.,concept,6,줄기,E1069 E1074 F1773 F2568 Q225 Q227
J3,뼈대,지휘관의 정체 — 7호 · 블랙박스 · 인자,concept:퀸_인자,concept,5,줄기,F2071 F2072 F2074 F2278 Q287
J3,뼈대,지휘관의 정체 — 7호 · 블랙박스 · 인자,concept:언체인드,concept,4,,F2071 F2891 Q263 Q301
J3,뼈대,지휘관의 정체 — 7호 · 블랙박스 · 인자,org:카운터스,org,4,,E7 E1487 Q3 Q6
J3,뼈대,지휘관의 정체 — 7호 · 블랙박스 · 인자,item:이터널_라이프,item,2,,E1070 F2568
J3,뼈대,지휘관의 정체 — 7호 · 블랙박스 · 인자,place:M.M.R._심층부,place,2,,E580 F1773
J3,뼈대,지휘관의 정체 — 7호 · 블랙박스 · 인자,concept:랩쳐,concept,1,,F2072
J3,뼈대,지휘관의 정체 — 7호 · 블랙박스 · 인자,concept:헬레틱,concept,1,,F2072
J3,뼈대,지휘관의 정체 — 7호 · 블랙박스 · 인자,org:M.M.R.,org,1,,F2568
J3,뼈대,지휘관의 정체 — 7호 · 블랙박스 · 인자,org:니푸르,org,1,,E35
J3,뼈대,지휘관의 정체 — 7호 · 블랙박스 · 인자,org:중앙_정부,org,1,,F40
J3,뼈대,지휘관의 정체 — 7호 · 블랙박스 · 인자,place:전초기지,place,1,,F40
J4,뼈대,언체인드 — 헬레틱을 죽이는 피,concept:언체인드,concept,12,줄기,E101 E457 E535 E979 F249 F682
J4,뼈대,언체인드 — 헬레틱을 죽이는 피,org:V.T.C.,org,5,,E103 E984 E1117 F2363 F2410
J4,뼈대,언체인드 — 헬레틱을 죽이는 피,concept:머신_메사이어,concept,3,줄기,F2363 F2410 Q309
J4,뼈대,언체인드 — 헬레틱을 죽이는 피,concept:헬레틱,concept,2,,F682 F2363
J4,뼈대,언체인드 — 헬레틱을 죽이는 피,concept:NIMPH,concept,1,,F2363
J4,뼈대,언체인드 — 헬레틱을 죽이는 피,concept:니케,concept,1,,F2410
J4,뼈대,언체인드 — 헬레틱을 죽이는 피,concept:랩쳐,concept,1,,E103
J4,뼈대,언체인드 — 헬레틱을 죽이는 피,incident:랩쳐_침공,incident,1,,F682
J4,뼈대,언체인드 — 헬레틱을 죽이는 피,org:갓데스,org,1,,F682
J4,뼈대,언체인드 — 헬레틱을 죽이는 피,place:방주,place,1,,F2410
J5,뼈대,엔더슨 — 갓데스의 지휘관,org:V.T.C.,org,9,,E974 E985 E988 E1011 F2364 F2400
J5,뼈대,엔더슨 — 갓데스의 지휘관,org:갓데스,org,5,,F683 F2364 F2373 F2654 Q310
J5,뼈대,엔더슨 — 갓데스의 지휘관,concept:언체인드,concept,3,,E119 F683 F2364
J5,뼈대,엔더슨 — 갓데스의 지휘관,org:필그림,org,1,,E27
J5,뼈대,엔더슨 — 갓데스의 지휘관,place:방주,place,1,,F2373
J6,뼈대,갓데스 스쿼드와 방주의 배신,org:갓데스,org,25,줄기,E123 E201 E205 E259 E294 E298
J6,뼈대,갓데스 스쿼드와 방주의 배신,org:중앙_정부,org,6,,E1602 F1161 F2358 F2369 F2375 F2558
J6,뼈대,갓데스 스쿼드와 방주의 배신,place:방주,place,5,,E123 E291 E1602 F909 Q36
J6,뼈대,갓데스 스쿼드와 방주의 배신,org:베스트셀러,org,4,,E200 F2559 Q247 Q248
J6,뼈대,갓데스 스쿼드와 방주의 배신,incident:아크_가디언_작전,incident,3,줄기,F909 F2649 Q33
J6,뼈대,갓데스 스쿼드와 방주의 배신,org:V.T.C.,org,2,,F2369 F2375
J6,뼈대,갓데스 스쿼드와 방주의 배신,place:승리의_날개_호,place,2,,E778 F2369
J6,뼈대,갓데스 스쿼드와 방주의 배신,concept:스톰_브링어,concept,1,,F2369
J6,뼈대,갓데스 스쿼드와 방주의 배신,concept:양산형_니케,concept,1,,F909
J6,뼈대,갓데스 스쿼드와 방주의 배신,concept:침식,concept,1,,F1161
J6,뼈대,갓데스 스쿼드와 방주의 배신,org:인류연합군,org,1,,Q347
J6,뼈대,갓데스 스쿼드와 방주의 배신,org:필그림,org,1,,E58
J6,뼈대,갓데스 스쿼드와 방주의 배신,place:궤도_엘리베이터,place,1,,Q347
J7,뼈대,도로시의 복수와 3차 지상 탈환전,place:방주,place,16,,E204 E249 E254 E352 E425 E1312
J7,뼈대,도로시의 복수와 3차 지상 탈환전,org:갓데스,org,8,,E256 E259 E261 E1066 F928 F1128
J7,뼈대,도로시의 복수와 3차 지상 탈환전,place:에덴,place,6,,E252 E272 F1028 F1859 F2439 F2643
J7,뼈대,도로시의 복수와 3차 지상 탈환전,incident:3차_지상_탈환전,incident,3,줄기,F2439 F2657 Q268
J7,뼈대,도로시의 복수와 3차 지상 탈환전,concept:침식,concept,2,,Q345 Q369
J7,뼈대,도로시의 복수와 3차 지상 탈환전,org:중앙_정부,org,2,,E249 Q268
J7,뼈대,도로시의 복수와 3차 지상 탈환전,place:금서고,place,2,,E1111 F2609
J7,뼈대,도로시의 복수와 3차 지상 탈환전,org:오버시어,org,1,,F2609
J7,뼈대,도로시의 복수와 3차 지상 탈환전,place:코랄_아일랜드,place,1,,E425
J8,뼈대,에덴과 요한 — 샛별 · 에덴의 창,place:에덴,place,17,줄기,E1102 E1273 F745 F2055 F2070 F2167
J8,뼈대,에덴과 요한 — 샛별 · 에덴의 창,org:중앙_정부,org,7,,E158 E742 E757 E760 E1185 F1987
J8,뼈대,에덴과 요한 — 샛별 · 에덴의 창,place:방주,place,3,,F762 Q107 Q312
J8,뼈대,에덴과 요한 — 샛별 · 에덴의 창,incident:2차_지상_탈환전,incident,2,,F861 F2334
J8,뼈대,에덴과 요한 — 샛별 · 에덴의 창,item:에덴의_창,item,2,,F2170 F2337
J8,뼈대,에덴과 요한 — 샛별 · 에덴의 창,place:갱생관,place,2,,F861 F2334
J8,뼈대,에덴과 요한 — 샛별 · 에덴의 창,concept:언체인드,concept,1,,F745
J8,뼈대,에덴과 요한 — 샛별 · 에덴의 창,incident:3차_지상_탈환전,incident,1,,F2663
J8,뼈대,에덴과 요한 — 샛별 · 에덴의 창,org:T.T.STAR,org,1,,F2663
J8,뼈대,에덴과 요한 — 샛별 · 에덴의 창,org:미실리스,org,1,,F2663
J8,뼈대,에덴과 요한 — 샛별 · 에덴의 창,place:궤도_엘리베이터,place,1,,F2337
J8,뼈대,에덴과 요한 — 샛별 · 에덴의 창,place:사관학교,place,1,,E144
J8,뼈대,에덴과 요한 — 샛별 · 에덴의 창,place:아우터_림,place,1,,F2335
J9,뼈대,랩쳐의 기원과 목적,concept:랩쳐,concept,14,,E103 E1189 E1338 F34 F493 F1140
J9,뼈대,랩쳐의 기원과 목적,org:V.T.C.,org,4,,E103 E984 E1117 F2410
J9,뼈대,랩쳐의 기원과 목적,concept:니케,concept,3,,F493 F2410 Q103
J9,뼈대,랩쳐의 기원과 목적,incident:랩쳐_침공,incident,2,줄기,F493 Q73
J9,뼈대,랩쳐의 기원과 목적,place:궤도_엘리베이터,place,2,,F1140 Q46
J9,뼈대,랩쳐의 기원과 목적,place:방주,place,2,,F2410 Q57
J9,뼈대,랩쳐의 기원과 목적,concept:머신_메사이어,concept,1,,F2410
J9,뼈대,랩쳐의 기원과 목적,concept:침식,concept,1,,Q158
J9,뼈대,랩쳐의 기원과 목적,org:갓데스,org,1,,F1140
J9,뼈대,랩쳐의 기원과 목적,org:미실리스,org,1,,Q57
J10,뼈대,포비스트와 온리 원,org:포비스트,org,25,줄기,E456 E485 E489 E490 E604 E616
J10,뼈대,포비스트와 온리 원,concept:헬레틱,concept,4,,F1636 F1641 F1808 Q215
J10,뼈대,포비스트와 온리 원,concept:다크_매터,concept,3,,F1806 F1808 Q231
J10,뼈대,포비스트와 온리 원,concept:은색_액체,concept,3,,E659 E676 F1878
J10,뼈대,포비스트와 온리 원,concept:그레이브_디거,concept,2,,E10 F2214
J10,뼈대,포비스트와 온리 원,item:하모니_큐브,item,2,,F1636 F2185
J10,뼈대,포비스트와 온리 원,place:유사_방주,place,2,,F2185 F2624
J10,뼈대,포비스트와 온리 원,concept:랩쳐,concept,1,,Q59
J10,뼈대,포비스트와 온리 원,concept:마테리얼_H,concept,1,,E418
J10,뼈대,포비스트와 온리 원,concept:용광로,concept,1,,F2184
J10,뼈대,포비스트와 온리 원,concept:웨일리,concept,1,,Q274
J10,뼈대,포비스트와 온리 원,concept:일곱의_조율자,concept,1,,F2835
J10,뼈대,포비스트와 온리 원,concept:퀸_인자,concept,1,,Q286
J10,뼈대,포비스트와 온리 원,org:메티스,org,1,,F1878
J10,뼈대,포비스트와 온리 원,org:이지스,org,1,,F1878
J10,뼈대,포비스트와 온리 원,place:방주,place,1,,Q59
J10,뼈대,포비스트와 온리 원,place:수정_지역,place,1,,F1636
J10,뼈대,포비스트와 온리 원,place:어드마이어_호,place,1,,F1878
J10,뼈대,포비스트와 온리 원,place:에덴,place,1,,F2624
J11,보강,수정 지역과 하모니 큐브,place:수정_지역,place,12,줄기,E340 E341 E370 E627 F1297 F1321
J11,보강,수정 지역과 하모니 큐브,concept:랩쳐,concept,3,,F1297 F1321 Q166
J11,보강,수정 지역과 하모니 큐브,item:하모니_큐브,item,2,줄기,E436 F1396
J11,보강,수정 지역과 하모니 큐브,concept:E2_크리스탈,concept,1,,F1533
J11,보강,수정 지역과 하모니 큐브,concept:로드_급,concept,1,,F1321
J11,보강,수정 지역과 하모니 큐브,concept:로스트_섹터,concept,1,,E436
J11,보강,수정 지역과 하모니 큐브,concept:마스터_급,concept,1,,E278
J11,보강,수정 지역과 하모니 큐브,concept:헬레틱,concept,1,,F1533
J11,보강,수정 지역과 하모니 큐브,org:포비스트,org,1,,F1533
J12,뼈대,2세대 페어리 테일 — 그레이브 · 신데렐라 · 세이렌 · 미러,item:세븐스_드워프,item,4,,E442 F1545 F1571 Q170
J12,뼈대,2세대 페어리 테일 — 그레이브 · 신데렐라 · 세이렌 · 미러,concept:다크_매터,concept,3,,F1643 F1654 F1815
J12,뼈대,2세대 페어리 테일 — 그레이브 · 신데렐라 · 세이렌 · 미러,concept:NIMPH,concept,2,,E492 F1654
J12,뼈대,2세대 페어리 테일 — 그레이브 · 신데렐라 · 세이렌 · 미러,concept:랩쳐,concept,2,,E1189 F1792
J12,뼈대,2세대 페어리 테일 — 그레이브 · 신데렐라 · 세이렌 · 미러,org:갓데스,org,2,,E466 F1545
J12,뼈대,2세대 페어리 테일 — 그레이브 · 신데렐라 · 세이렌 · 미러,place:수정_지역,place,2,,F1562 Q169
J12,뼈대,2세대 페어리 테일 — 그레이브 · 신데렐라 · 세이렌 · 미러,concept:니케,concept,1,,F1536
J12,뼈대,2세대 페어리 테일 — 그레이브 · 신데렐라 · 세이렌 · 미러,concept:침식,concept,1,,F1703
J12,뼈대,2세대 페어리 테일 — 그레이브 · 신데렐라 · 세이렌 · 미러,concept:페어리_테일,concept,1,,F1632
J12,뼈대,2세대 페어리 테일 — 그레이브 · 신데렐라 · 세이렌 · 미러,concept:헬레틱,concept,1,,F1703
J12,뼈대,2세대 페어리 테일 — 그레이브 · 신데렐라 · 세이렌 · 미러,incident:3차_지상_탈환전,incident,1,,F2250
J12,뼈대,2세대 페어리 테일 — 그레이브 · 신데렐라 · 세이렌 · 미러,item:유리_구두,item,1,,F1684
J12,뼈대,2세대 페어리 테일 — 그레이브 · 신데렐라 · 세이렌 · 미러,org:필그림,org,1,,F1903
J12,뼈대,2세대 페어리 테일 — 그레이브 · 신데렐라 · 세이렌 · 미러,place:에덴,place,1,,F2173
J13,뼈대,퀸 — 릴리스의 바디와 귀환,concept:릴리스의_바디,concept,7,줄기,E190 F839 F2163 F2268 Q111 Q283
J13,뼈대,퀸 — 릴리스의 바디와 귀환,place:궤도_엘리베이터,place,5,,E1118 F2615 F2617 F2814 Q354
J13,뼈대,퀸 — 릴리스의 바디와 귀환,concept:언체인드,concept,3,,E147 F2320 Q283
J13,뼈대,퀸 — 릴리스의 바디와 귀환,concept:헬레틱,concept,3,,F839 F2617 Q342
J13,뼈대,퀸 — 릴리스의 바디와 귀환,concept:랩쳐,concept,2,,E1189 F1792
J13,뼈대,퀸 — 릴리스의 바디와 귀환,item:에덴의_창,item,2,,E815 F2260
J13,뼈대,퀸 — 릴리스의 바디와 귀환,concept:스톰_브링어,concept,1,,F2615
J13,뼈대,퀸 — 릴리스의 바디와 귀환,concept:신생_랩쳐,concept,1,,F2615
J13,뼈대,퀸 — 릴리스의 바디와 귀환,concept:일곱의_조율자,concept,1,,Q365
J13,뼈대,퀸 — 릴리스의 바디와 귀환,concept:퀸_인자,concept,1,,F2320
J13,뼈대,퀸 — 릴리스의 바디와 귀환,item:세븐스_드워프,item,1,,Q356
J13,뼈대,퀸 — 릴리스의 바디와 귀환,place:방주,place,1,,F2814
J13,뼈대,퀸 — 릴리스의 바디와 귀환,place:북부,place,1,,F2268
J13,뼈대,퀸 — 릴리스의 바디와 귀환,place:에덴,place,1,,F2260
J14,보강,니케 제작의 비밀 — NIMPH · 뇌의 출처,concept:NIMPH,concept,2,줄기,Q61 Q62
J14,보강,니케 제작의 비밀 — NIMPH · 뇌의 출처,concept:니케,concept,2,,F971 Q51
J14,보강,니케 제작의 비밀 — NIMPH · 뇌의 출처,org:3대_기업,org,2,,E46 E52
J14,보강,니케 제작의 비밀 — NIMPH · 뇌의 출처,org:미실리스,org,2,,E47 Q51
J14,보강,니케 제작의 비밀 — NIMPH · 뇌의 출처,place:아우터_림,place,2,,E1270 Q114
J14,보강,니케 제작의 비밀 — NIMPH · 뇌의 출처,org:중앙_정부,org,1,,F971
J14,보강,니케 제작의 비밀 — NIMPH · 뇌의 출처,place:리페어_센터,place,1,,F971
J15,뼈대,직계 헬레틱 — 토커티브 · 니힐리스타 · 인디빌리아 · 리버렐리오,concept:랩쳐,concept,5,,F71 F319 F320 Q12 Q55
J15,뼈대,직계 헬레틱 — 토커티브 · 니힐리스타 · 인디빌리아 · 리버렐리오,concept:니케,concept,3,,E79 F320 Q26
J15,뼈대,직계 헬레틱 — 토커티브 · 니힐리스타 · 인디빌리아 · 리버렐리오,concept:헬레틱,concept,3,,F319 F754 Q55
J15,뼈대,직계 헬레틱 — 토커티브 · 니힐리스타 · 인디빌리아 · 리버렐리오,concept:다크_매터,concept,2,,F2247 Q288
J15,뼈대,직계 헬레틱 — 토커티브 · 니힐리스타 · 인디빌리아 · 리버렐리오,concept:마테리얼_H,concept,2,줄기,F319 F1032
J15,뼈대,직계 헬레틱 — 토커티브 · 니힐리스타 · 인디빌리아 · 리버렐리오,concept:언체인드,concept,1,,F754
J15,뼈대,직계 헬레틱 — 토커티브 · 니힐리스타 · 인디빌리아 · 리버렐리오,concept:퀸_인자,concept,1,,Q273
J15,뼈대,직계 헬레틱 — 토커티브 · 니힐리스타 · 인디빌리아 · 리버렐리오,item:에덴의_창,item,1,,F2172
J15,뼈대,직계 헬레틱 — 토커티브 · 니힐리스타 · 인디빌리아 · 리버렐리오,org:M.M.R.,org,1,,F1032
J15,뼈대,직계 헬레틱 — 토커티브 · 니힐리스타 · 인디빌리아 · 리버렐리오,place:에덴,place,1,,F754
J15,뼈대,직계 헬레틱 — 토커티브 · 니힐리스타 · 인디빌리아 · 리버렐리오,place:지상,place,1,,Q26
J16,뼈대,에닉 — 거래 · 판결 · 카운터,place:방주,place,4,,F376 F1100 Q27 Q128
J16,뼈대,에닉 — 거래 · 판결 · 카운터,concept:니케,concept,1,,Q144
J16,뼈대,에닉 — 거래 · 판결 · 카운터,concept:랩쳐,concept,1,,Q70
J16,뼈대,에닉 — 거래 · 판결 · 카운터,concept:침식,concept,1,,F376
J16,뼈대,에닉 — 거래 · 판결 · 카운터,concept:페어리_테일,concept,1,,F2332
J16,뼈대,에닉 — 거래 · 판결 · 카운터,org:저지스,org,1,,F2444
J16,뼈대,에닉 — 거래 · 판결 · 카운터,org:중앙_정부,org,1,,F2444
J17,보강,식스오와 블랙넷,concept:E2_크리스탈,concept,4,줄기,F2207 F2237 F2576 Q293
J17,보강,식스오와 블랙넷,place:방주,place,4,,E1173 F2576 F2596 Q293
J17,보강,식스오와 블랙넷,concept:미스트,concept,3,줄기,F2209 Q177 Q276
J17,보강,식스오와 블랙넷,org:저지스,org,3,,E738 F1962 F2444
J17,보강,식스오와 블랙넷,org:이그조틱,org,2,,F1400 F2237
J17,보강,식스오와 블랙넷,place:블랙넷,place,2,줄기,F1400 Q161
J17,보강,식스오와 블랙넷,place:아우터_림,place,2,,F2209 Q162
J17,보강,식스오와 블랙넷,concept:에블라_입자,concept,1,,F2237
J17,보강,식스오와 블랙넷,item:브레인_셸터,item,1,,Q275
J17,보강,식스오와 블랙넷,org:M.M.R.,org,1,,F2203
J17,보강,식스오와 블랙넷,org:중앙_정부,org,1,,F2444
J17,보강,식스오와 블랙넷,org:화양연화,org,1,,Q177
J17,보강,식스오와 블랙넷,place:펑크_스트리트,place,1,,F2237
J18,뼈대,D.E.E.P.와 V.T.C. — 방주의 어둠과 열쇠,org:V.T.C.,org,6,줄기,E1012 E1076 F2414 F2415 Q316 Q334
J18,뼈대,D.E.E.P.와 V.T.C. — 방주의 어둠과 열쇠,org:M.M.R.,org,3,,E581 F2204 Q289
J18,뼈대,D.E.E.P.와 V.T.C. — 방주의 어둠과 열쇠,org:베일드_오더,org,2,줄기,E1076 Q334
J18,뼈대,D.E.E.P.와 V.T.C. — 방주의 어둠과 열쇠,org:엘리시온,org,2,,Q318 Q319
J18,뼈대,D.E.E.P.와 V.T.C. — 방주의 어둠과 열쇠,org:중앙_정부,org,2,,F2413 Q319
J18,뼈대,D.E.E.P.와 V.T.C. — 방주의 어둠과 열쇠,place:방주,place,2,,F2413 Q226
J18,뼈대,D.E.E.P.와 V.T.C. — 방주의 어둠과 열쇠,concept:PROJECT_A.D.,concept,1,,Q226
J18,뼈대,D.E.E.P.와 V.T.C. — 방주의 어둠과 열쇠,item:초거대_코어,item,1,,Q223
J18,뼈대,D.E.E.P.와 V.T.C. — 방주의 어둠과 열쇠,place:M.M.R._심층부,place,1,,E581
J19,뼈대,방주 동력원 — 쌍둥이 초거대 코어,place:방주,place,17,,E327 E352 E384 E419 E425 E583
J19,뼈대,방주 동력원 — 쌍둥이 초거대 코어,concept:방주_동력원,concept,8,줄기,E346 E348 E350 F1339 F1474 F2581
J19,뼈대,방주 동력원 — 쌍둥이 초거대 코어,item:초거대_코어,item,5,줄기,E1093 F1755 F2581 F2606 Q346
J19,뼈대,방주 동력원 — 쌍둥이 초거대 코어,place:궤도_엘리베이터,place,4,,E567 E1098 F1755 Q370
J19,뼈대,방주 동력원 — 쌍둥이 초거대 코어,concept:크라켄,concept,2,,E792 Q259
J19,뼈대,방주 동력원 — 쌍둥이 초거대 코어,concept:마테리얼_H,concept,1,,E419
J19,뼈대,방주 동력원 — 쌍둥이 초거대 코어,concept:컨버터,concept,1,줄기,F1339
J19,뼈대,방주 동력원 — 쌍둥이 초거대 코어,incident:3차_지상_탈환전,incident,1,,F2657
J19,뼈대,방주 동력원 — 쌍둥이 초거대 코어,org:갓데스,org,1,,F2657
J19,뼈대,방주 동력원 — 쌍둥이 초거대 코어,org:중앙_정부,org,1,,Q127
J19,뼈대,방주 동력원 — 쌍둥이 초거대 코어,place:코랄_아일랜드,place,1,,E425
J20,보강,필그림 — 스노우 화이트 · 라푼젤 · 나유타,org:필그림,org,3,줄기,F123 Q15 Q28
J20,보강,필그림 — 스노우 화이트 · 라푼젤 · 나유타,concept:NIMPH,concept,2,,E1258 F2830
J20,보강,필그림 — 스노우 화이트 · 라푼젤 · 나유타,concept:침식,concept,2,,F2830 F2843
J20,보강,필그림 — 스노우 화이트 · 라푼젤 · 나유타,org:파이오니아,org,2,줄기,F2890 Q302
J21,보강,이그조틱과 방주 침공 — 크로우 · JohnD · E.H.,org:엔터_헤븐,org,6,줄기,F369 F2490 F2502 Q49 Q124 Q327
J21,보강,이그조틱과 방주 침공 — 크로우 · JohnD · E.H.,concept:NIMPH,concept,5,,E162 E234 F706 F993 Q143
J21,보강,이그조틱과 방주 침공 — 크로우 · JohnD · E.H.,org:엘리시온,org,4,,F2490 F2495 F2502 Q125
J21,보강,이그조틱과 방주 침공 — 크로우 · JohnD · E.H.,place:방주,place,4,,E132 F894 F993 F1014
J21,보강,이그조틱과 방주 침공 — 크로우 · JohnD · E.H.,org:이그조틱,org,3,줄기,E1170 Q76 Q124
J21,보강,이그조틱과 방주 침공 — 크로우 · JohnD · E.H.,org:카운터스,org,3,,F675 F1014 Q75
J21,보강,이그조틱과 방주 침공 — 크로우 · JohnD · E.H.,org:테트라_커넥트,org,3,,E133 E227 F995
J21,보강,이그조틱과 방주 침공 — 크로우 · JohnD · E.H.,org:익스터너,org,2,,F2495 Q125
J21,보강,이그조틱과 방주 침공 — 크로우 · JohnD · E.H.,org:중앙_정부,org,2,,E13 F995
J21,보강,이그조틱과 방주 침공 — 크로우 · JohnD · E.H.,place:쉘터,place,2,,F993 F995
J21,보강,이그조틱과 방주 침공 — 크로우 · JohnD · E.H.,place:아우터_림,place,2,,E13 F369
J21,보강,이그조틱과 방주 침공 — 크로우 · JohnD · E.H.,concept:로드_급,concept,1,,F894
J21,보강,이그조틱과 방주 침공 — 크로우 · JohnD · E.H.,concept:콜링_시그널,concept,1,,F894
J21,보강,이그조틱과 방주 침공 — 크로우 · JohnD · E.H.,incident:방주_테러,incident,1,,E1170
J21,보강,이그조틱과 방주 침공 — 크로우 · JohnD · E.H.,org:메티스,org,1,,F993
J21,보강,이그조틱과 방주 침공 — 크로우 · JohnD · E.H.,org:앱솔루트,org,1,,F2495
J22,보강,슈엔과 메티스,org:메티스,org,11,줄기,E78 E80 E83 E100 E613 E1288
J22,보강,슈엔과 메티스,org:카운터스,org,3,,F248 Q42 Q52
J22,보강,슈엔과 메티스,concept:니케,concept,1,,F2791
J22,보강,슈엔과 메티스,concept:타일런트_급,concept,1,,F2791
J22,보강,슈엔과 메티스,org:앱솔루트,org,1,,Q52
J23,보강,와드리스 — 유니 · 미하라 · 모리와 지엔의 실험,concept:E2_크리스탈,concept,1,,F1883
J23,보강,와드리스 — 유니 · 미하라 · 모리와 지엔의 실험,concept:언체인드,concept,1,,F1012
J23,보강,와드리스 — 유니 · 미하라 · 모리와 지엔의 실험,concept:콜링_시그널,concept,1,,F1898
J23,보강,와드리스 — 유니 · 미하라 · 모리와 지엔의 실험,item:AA_필러,item,1,,F1883
J23,보강,와드리스 — 유니 · 미하라 · 모리와 지엔의 실험,org:메티스,org,1,,F1898
J23,보강,와드리스 — 유니 · 미하라 · 모리와 지엔의 실험,org:워드리스,org,1,줄기,Q11
J23,보강,와드리스 — 유니 · 미하라 · 모리와 지엔의 실험,org:카운터스,org,1,,F1012
J24,보강,아니스와 머스탱 — T.T.STAR · 프리티 · 쉐이드,org:T.T.STAR,org,12,줄기,E630 E1155 E1275 F1798 F2066 F2093
J24,보강,아니스와 머스탱 — T.T.STAR · 프리티 · 쉐이드,org:쉐이드,org,6,줄기,E1466 F2389 F2548 Q279 Q280 Q314
J24,보강,아니스와 머스탱 — T.T.STAR · 프리티 · 쉐이드,org:테트라,org,6,,E1053 F1798 F2556 F2690 F2701 Q19
J24,보강,아니스와 머스탱 — T.T.STAR · 프리티 · 쉐이드,concept:스마일_박스,concept,4,줄기,E901 F2690 F2695 Q291
J24,보강,아니스와 머스탱 — T.T.STAR · 프리티 · 쉐이드,org:V.T.C.,org,3,,E1152 F2675 F2694
J24,보강,아니스와 머스탱 — T.T.STAR · 프리티 · 쉐이드,org:미실리스,org,3,,F2675 F2701 Q350
J24,보강,아니스와 머스탱 — T.T.STAR · 프리티 · 쉐이드,org:중앙_정부,org,3,,F2548 F2675 Q331
J24,보강,아니스와 머스탱 — T.T.STAR · 프리티 · 쉐이드,concept:니케포비아,concept,2,,F1748 Q332
J24,보강,아니스와 머스탱 — T.T.STAR · 프리티 · 쉐이드,org:엘리시온,org,2,,F2701 Q350
J24,보강,아니스와 머스탱 — T.T.STAR · 프리티 · 쉐이드,place:방주,place,2,,E649 E900
J24,보강,아니스와 머스탱 — T.T.STAR · 프리티 · 쉐이드,item:이터널_라이프,item,1,,F2694
J24,보강,아니스와 머스탱 — T.T.STAR · 프리티 · 쉐이드,place:배드_드림,place,1,,E1050
J24,보강,아니스와 머스탱 — T.T.STAR · 프리티 · 쉐이드,place:아크리온_홀,place,1,,F2698
J25,보강,잉그리드의 협회 — 익스터너 · 기억 소거,org:익스터너,org,4,줄기,F431 F997 F1729 Q60
J25,보강,잉그리드의 협회 — 익스터너 · 기억 소거,concept:기억_소거,concept,1,,F1729
J26,보강,랩칠리언 · 웨일리 · 피노키오,concept:웨일리,concept,11,줄기,E263 E675 E802 E819 F1284 F1285
J26,보강,랩칠리언 · 웨일리 · 피노키오,concept:마더_웨일,concept,3,,F1284 F1285 F2042
J26,보강,랩칠리언 · 웨일리 · 피노키오,concept:랩쳐,concept,1,,F1284
J26,보강,랩칠리언 · 웨일리 · 피노키오,place:탈환지_01,place,1,,F1284
J27,보강,지휘관에게 닿는 정체 모를 연락,org:미실리스,org,1,,E15
J28,보강,백기사 — 크라운과 차임,concept:에블라_입자,concept,2,,F1445 Q179
J28,보강,백기사 — 크라운과 차임,item:네이키드_킹,item,2,,E403 F1445
J28,보강,백기사 — 크라운과 차임,concept:하이퍼_푸드,concept,1,,E407
J28,보강,백기사 — 크라운과 차임,place:방주,place,1,,E397
J29,보강,에덴의 필그림 — 이사벨 · 하란 · 노아,place:방주,place,3,,E1281 F2325 Q89
J29,보강,에덴의 필그림 — 이사벨 · 하란 · 노아,place:에덴,place,1,,F876
J30,보강,홍련과 장화,org:근접_전투_스쿼드,org,4,,E314 E1217 E1349 F1239
J30,보강,홍련과 장화,item:화무십일홍,item,2,,E311 F1239
J30,보강,홍련과 장화,org:갓데스,org,2,,E312 F1181
J30,보강,홍련과 장화,concept:양산형_니케,concept,1,,F1181
J30,보강,홍련과 장화,org:인류연합군,org,1,,F1239
J31,보강,북부의 수수께끼 — 연구 기지 · 괴물 · 벙커,place:북부,place,2,줄기,E48 Q21
J32,보강,구원의 성화와 X,org:구원의_성화,org,7,줄기,E182 E876 F902 F2134 F2142 F2144
J32,보강,구원의 성화와 X,concept:NEO_바이러스,concept,2,,E876 F2134
J32,보강,구원의 성화와 X,concept:랩쳐,concept,1,,F2144
J32,보강,구원의 성화와 X,org:시지_패러리스,org,1,,F2142
J32,보강,구원의 성화와 X,place:쉘터,place,1,,F902
J33,보강,에바와 에블라,concept:에블라_입자,concept,1,,Q71
J34,독립,루드밀라,org:필그림,org,2,,E42 Q25
J34,독립,루드밀라,concept:로열,concept,1,,F513
J34,독립,루드밀라,org:갓데스,org,1,,F513
J35,독립,칠리페퍼의 아버지,place:전초기지,place,1,,F380
J36,독립,제인 밀러의 탈주,concept:니케,concept,1,,F711
J36,독립,제인 밀러의 탈주,concept:랩쳐,concept,1,,F710
J37,독립,트레저 헌터,org:자원_채집_부대,org,3,,F146 F149 F150
J38,독립,니푸르,org:니푸르,org,1,줄기,Q31
J39,독립,세르반의 꽃,concept:로열,concept,1,,E60
J40,독립,앨리스의 이야기,concept:니케,concept,1,,F604
J40,독립,앨리스의 이야기,concept:포멀,concept,1,,F604
J40,독립,앨리스의 이야기,org:3대_기업,org,1,,E46
J41,독립,퍼펙트,concept:퍼펙트,concept,4,줄기,E638 E1603 F1837 Q234
J41,독립,퍼펙트,concept:양산형_니케,concept,1,,E638
J42,독립,피사 돔 폭발 사고,incident:피사_돔_폭발_사고,incident,1,줄기,Q87
J42,독립,피사 돔 폭발 사고,org:라이프_토닉,org,1,,Q87
J44,독립,노 콜러 ID — 테마파크와 빈 마을,place:방주,place,1,,E1287
J44,독립,노 콜러 ID — 테마파크와 빈 마을,place:해피_판타지_랜드,place,1,줄기,Q92
J45,독립,방주 아동 보호 센터,org:방주_아동_보호_센터,org,2,줄기,F2478 Q326
J45,독립,방주 아동 보호 센터,org:카페_스위티,org,1,,Q326
J50,독립,크라켄과 이지스,place:어드마이어_호,place,6,,E1316 E1322 E1323 E1598 E1599 Q147
J50,독립,크라켄과 이지스,concept:크라켄,concept,2,줄기,E1317 F1050
J50,독립,크라켄과 이지스,org:이지스,org,2,줄기,E1323 Q147
J50,독립,크라켄과 이지스,concept:랩쳐,concept,1,,Q135
J50,독립,크라켄과 이지스,concept:타일런트_급,concept,1,,F1050
J50,독립,크라켄과 이지스,place:블루워터_아일랜드,place,1,,Q135
J52,독립,AREA F-031의 점액질,place:수정_지역,place,2,,Q174 Q175
J52,독립,AREA F-031의 점액질,org:M.M.R.,org,1,,F1333
J54,독립,말뚝 프로젝트,item:A_필러,item,1,줄기,Q201
J55,독립,미미르 부속고,place:미미르_부속_고등학교,place,6,줄기,E1378 F2524 Q208 Q209 Q210 Q330
J55,독립,미미르 부속고,org:미실리스,org,2,,F2524 Q330
J55,독립,미미르 부속고,org:M.M.R.,org,1,,Q208
J56,독립,팬텀과 베스트셀러 스쿼드,org:베스트셀러,org,2,줄기,F1926 Q212
J56,독립,팬텀과 베스트셀러 스쿼드,place:금서고,place,1,,E1634
J57,독립,지상의 생존자 — 롬 · 콤 · 벙커,place:제2의_방주,place,2,줄기,E73 F1997
J57,독립,지상의 생존자 — 롬 · 콤 · 벙커,item:방주_추첨권,item,1,,F1997
J57,독립,지상의 생존자 — 롬 · 콤 · 벙커,place:방주,place,1,,F1995
J57,독립,지상의 생존자 — 롬 · 콤 · 벙커,place:지상,place,1,,E746
J58,독립,노라의 종착역,place:지상,place,1,,F2356
J60,독립,D-WAVE,concept:D-WAVE,concept,3,줄기,E1560 Q371 Q372
