target,name,common,spread,scenes,units,lines,speaker_lines,named_lines,implied_lines,implied_scenes,first_order,first_tick,first_unit,first_scene,first_speaks_unit,last_order,last_tick,last_unit,partners,top_partners,facts,questions,open,partial,solved,reversed,events,echoes,life,threads,baselines,changes,aspects,with_others,inverted,closures,merges,same_as,unconfirmed
person:지휘관,지휘관,지휘관,0,2792,410,39415,34581,4834,102,25,1,1,ch00,d_main_01_01_s,ch00,481,158,char:405,359,라피 866 · 아니스 779 · 네온 738 · 엔더슨 177 · 프리바티 168,538,24,10,9,5,1,31,138,6,J1 J2 J3 J4 J5 J7 J8 J10 J12 J15 J16 J17 J19 J21 J23 J24 J27 J29 J32 J55 J56 J58,11,17,성격 1 · 관계 3 · 소속 4 · 신체 1 · 신념 5 · 기억 3,443,0,O1 O2 O3 O6 O9 O22 O30 O34 O45 O47 O57 O60 O70 O76 O85 O97 O111 O112 O113 O114 O115 O120 O125 O131 O132 O134 O135 O145 O147 O155 O158 O161 O162 O165 O167 O169 O170 O171 O174 O177 O179 O182 O183 O185 O188 O191 O194 O198 O200 O201 O204 O208 O209 O210 O216 O218 O219 O221,H5 H6 H7 H8 H12 H13 H14 H15 H18 H19 H21 H22 H24 H25 H27,,0
person:라피,라피,흔한 대상,85,963,233,10736,9242,1494,4,2,1,1,ch00,d_main_01_03_s,ch00,480,157,char:404,270,아니스 728 · 네온 692 · 시프티 134 · 신데렐라 104 · 그레이브 103,194,16,4,8,4,0,26,84,1,J2 J7 J10 J11 J12 J17 J18 J22 J24 J44,12,43,성격 7 · 관계 22 · 신체 4 · 신념 7 · 기억 3,24,5,O16 O17 O21 O37 O42 O68,H2 H6 H9,person:피라,0
person:아니스,아니스,흔한 대상,119,892,230,12900,11332,1568,3,1,1,1,ch00,d_main_01_03_s,ch00,480,157,char:404,263,네온 745 · 라피 728 · 시프티 126 · 마리안 72 · 슈엔 69,113,6,0,1,5,0,16,73,7,J2 J6 J7 J8 J16 J17 J24 J50,16,55,관계 22 · 소속 3 · 신체 4 · 신념 26,35,19,O33 O67 O68 O70 O73 O80 O82,H9 H10,person:트윙클,0
person:네온,네온,흔한 대상,55,810,221,7252,6520,732,15,0,2,2,ch01,d_main_01af_05,ch01,480,157,char:404,253,아니스 745 · 라피 692 · 시프티 113 · 메어리 67 · 슈엔 67,64,5,2,1,2,0,7,23,0,J17 J18 J24 J36,5,11,관계 5 · 신체 1 · 신념 3 · 기억 2,9,1,O67 O76 O77,H9 H13,person:스톨_3세,0
person:스노우_화이트,스노우 화이트,,26,263,48,3801,3150,651,30,9,15,5,ch04,d_main_04_04_e,ch04,472,154,ch48,108,라푼젤 156 · 홍련 154 · 도로시 100 · 레드 후드 80 · 릴리바이스 80,118,4,0,1,3,0,14,25,0,J2 J4 J6 J7 J12 J20 J30,15,32,성격 1 · 관계 18 · 신체 2 · 신념 7 · 기억 4,9,15,O55 O57 O58 O95 O102 O181 O192,H5 H8 H12,,0
person:도로시,도로시,,31,241,47,5305,4365,940,3,1,94,17,char:221,ep:d_nikke_rapunzel_04,ch19,472,154,ch48,112,스노우 화이트 100 · 라푼젤 98 · 홍련 94 · 레드 후드 78 · 라피 75,151,11,5,4,2,0,12,64,3,J2 J6 J7 J8 J15 J16 J19 J20,10,26,성격 2 · 관계 13 · 소속 1 · 신체 2 · 신념 8,33,3,O5 O6 O29 O94 O95 O101 O104,H12,,0
person:슈엔,슈엔,,30,219,64,3227,2532,695,105,17,4,3,ch02,d_main_02af_07,ch02,480,157,char:404,145,라피 76 · 아니스 69 · 네온 67 · 맥스웰 67 · 라플라스 57,120,6,3,2,1,0,4,37,2,J3 J4 J21 J22 J23,8,28,성격 4 · 관계 16 · 소속 3 · 신념 5,21,0,O14,H1,,0
person:신데렐라,신데렐라,,26,207,38,3564,2722,842,31,6,251,55,event_redash,event_redash1_02_s,ch32,478,156,fl:great_villain_union,82,그레이브 105 · 라피 104 · 리틀 머메이드 74 · 세이렌 72 · 베히모스 51,114,6,1,2,3,0,20,51,1,J2 J9 J10 J12 J13,9,17,관계 9 · 소속 2 · 신체 1 · 신념 4 · 기억 1,16,6,O18 O19 O26 O85,,person:거울_공주 person:아나키오르,0
person:엔더슨,엔더슨,,32,204,67,3979,1526,2453,2337,87,2,2,ch01,d_main_01af_01,ch01,474,154,fl:persona_on_frontline,163,도로시 71 · 스노우 화이트 67 · 릴리바이스 65 · 라푼젤 61 · 홍련 55,88,10,5,3,2,0,7,30,0,J1 J2 J3 J4 J5 J6 J7 J44,7,10,관계 6 · 신체 4,8,2,O56 O101,H12,,0
person:홍련,홍련,,18,195,32,2905,2495,410,7,2,69,15,ch14,d_main_14_14,ch14,472,154,ch48,87,스노우 화이트 154 · 라푼젤 142 · 도로시 94 · 릴리바이스 62 · 레드 후드 58,77,4,0,2,2,0,11,29,0,J5 J6 J8 J10 J30,8,13,성격 1 · 관계 6 · 소속 1 · 신체 2 · 신념 3,10,5,O102 O103 O109 O132,H12,,0
person:라푼젤,라푼젤,,18,193,31,2614,2256,358,11,4,69,15,ch14,d_main_14_14,ch14,472,154,ch48,90,스노우 화이트 156 · 홍련 142 · 도로시 98 · 레드 후드 70 · 릴리바이스 68,80,2,0,2,0,0,4,17,0,J1 J6 J8 J9 J10 J20 J21,7,8,성격 1 · 관계 2 · 신체 2 · 신념 3,4,3,,,,0
person:머스탱,머스탱,,27,185,62,2770,2459,311,21,5,15,5,ch04,d_main_04af_08,ch04,480,157,char:404,163,아니스 65 · 네온 40 · 라피 39 · 잉그리드 30 · 한슨 30,98,8,1,3,4,0,13,41,3,J24,15,8,관계 8,7,4,,,,0
person:맥스웰,맥스웰,,15,177,34,3578,3244,334,0,0,53,12,ch11,d_main_11_01,ch11,478,156,fl:great_villain_union,93,라플라스 136 · 드레이크 119 · 라피 92 · 슈엔 67 · 레비아탄 41,48,0,0,0,0,0,1,11,0,J3 J10 J12 J22,5,15,성격 1 · 관계 8 · 신체 4 · 신념 2,4,0,O216,,,0
person:프리바티,프리바티,,11,177,30,5600,4705,895,2,0,43,10,ch09,d_main_09_04,ch09,476,154,char:870,99,아인 60 · 츠바이 59 · 라이 51 · 에이미 48 · 아르카나 38,42,0,0,0,0,0,4,13,0,J8,6,21,성격 1 · 관계 17 · 신념 3,6,0,O61 O201,,,0
person:시프티,시프티,,18,177,42,1461,1328,133,0,0,2,2,ch01,d_main_01_05,ch01,474,154,fl:persona_on_frontline,93,라피 134 · 아니스 126 · 네온 113 · 해머링 40 · 리버린 35,36,1,0,0,1,1,3,6,2,J22 J23,1,3,관계 1 · 소속 1 · 신념 1,0,0,,,,0
person:잉그리드,잉그리드,,37,173,74,2255,2022,233,33,13,2,2,ch01,d_main_01af_03,ch01,480,157,char:404,161,라피 70 · 아니스 61 · 네온 59 · 엔더슨 37 · 슈엔 34,125,8,4,1,3,0,9,17,0,J2 J3 J4 J5 J17 J18 J19 J21 J25 J56,13,4,관계 4,4,0,,,person:택티컬티택,0
person:퀸,퀸,,20,173,39,793,0,793,20,4,26,7,ch06,d_main_06_08_e,,474,154,fl:persona_on_frontline,132,스노우 화이트 61 · 라피 55 · 나유타 50 · 요한 49 · 홍련 44,112,14,6,4,4,2,16,18,0,J1 J3 J7 J8 J9 J10 J12 J13 J15 J19 J20,1,0,,5,0,,,,0
person:라플라스,라플라스,,13,172,33,2290,1826,464,6,1,53,12,ch11,d_main_11_01,ch11,478,156,fl:great_villain_union,107,맥스웰 136 · 드레이크 122 · 라피 99 · 슈엔 57 · 레비아탄 40,37,2,1,0,1,0,1,13,0,J11 J22,4,16,성격 1 · 관계 5 · 신체 4 · 신념 6,6,0,O90,,,0
person:마리안,마리안,,20,171,40,1775,1187,588,43,6,1,1,ch00,d_main_01_01_s,ch00,472,154,ch48,102,라피 75 · 아니스 72 · 스노우 화이트 59 · 네온 55 · 차임 54,110,14,8,4,2,1,9,41,0,J1 J3 J5 J9 J10 J13,6,32,성격 4 · 관계 6 · 소속 5 · 신체 7 · 신념 4 · 기억 6,18,7,O12 O106 O181 O218,H5 H12,person:모더니아,0
person:드레이크,드레이크,,16,170,34,2572,2131,441,12,3,53,12,ch11,d_main_11_01,ch11,479,156,char:104,101,라플라스 122 · 맥스웰 119 · 라피 87 · 지즈 41 · 레비아탄 40,34,0,0,0,0,0,0,10,0,J22,7,9,성격 1 · 관계 3 · 신체 4 · 신념 1,4,0,O110,,,0
person:레드_후드,레드 후드,,26,166,42,3020,2442,578,48,6,15,5,ch04,d_main_04_04_e,ch25,472,154,ch48,102,스노우 화이트 80 · 도로시 78 · 라푼젤 70 · 라피 68 · 홍련 58,106,8,1,6,1,0,13,49,1,J2 J6 J7 J18 J19 J30,7,8,관계 5 · 신체 1 · 신념 2,11,1,O5 O8 O21 O55,H2 H8,,0
person:일레그,일레그,,14,156,19,3410,2889,521,9,1,270,65,ch27,d_main_27_01_s,ch27,450,143,ch45,96,라피 91 · 아니스 63 · 트로니 62 · 네온 59 · 해머링 46,62,5,1,2,2,0,10,19,0,J11 J18 J19,7,6,관계 5 · 신념 1,5,2,O30 O138,,,0
person:미란다,미란다,,8,147,40,2194,1775,419,5,0,85,17,char:180,ep:d_nikke_guillotine_04,char:180,477,155,char:871,92,폴리 99 · 퀀시 59 · 팬텀 58 · 키리 52 · 곰 23,19,0,0,0,0,0,0,2,0,,7,4,성격 1 · 관계 2 · 신념 1,4,0,,,,0
person:엠마,엠마,,10,144,39,1996,1726,270,28,0,15,5,ch04,d_main_04_09_e,ch04,477,155,char:871,102,은화 101 · 베스티 93 · 네온 60 · 라피 59 · 아니스 55,19,0,0,0,0,0,1,8,1,J2 J22,5,5,관계 4 · 신념 1,0,0,O167,,,0
person:에이드,에이드,,9,141,32,2262,1817,445,1,0,175,28,event_maidinvalentine,event_maidinvalentine_prologue,event_maidinvalentine,481,158,char:405,90,소다 70 · 코코아 67 · 밀크 32 · 벨벳 25 · 프리바티 24,21,0,0,0,0,0,0,10,0,,7,8,성격 2 · 관계 5 · 신념 1,3,0,O171 O173,,,0
person:폴리,폴리,,10,136,46,2403,1969,434,8,1,85,17,char:180,ep:d_nikke_guillotine_04,char:180,474,154,fl:persona_on_frontline,104,미란다 99 · 키리 47 · 퀀시 25 · 아니스 24 · 팬텀 24,33,0,0,0,0,0,1,2,0,J32,7,3,관계 2 · 기억 1,4,0,,,,0
person:그레이브,그레이브,,23,135,28,2347,1947,400,15,5,275,66,ch28,d_main_28_08_s,ch28,478,156,fl:great_villain_union,68,신데렐라 105 · 라피 103 · 아니스 61 · 네온 58 · 베히모스 54,67,2,0,0,2,0,9,57,0,J2 J9 J12 J13,10,21,성격 1 · 관계 13 · 소속 1 · 신체 4 · 신념 1 · 기억 1,11,3,O16 O19 O22,H2,person:관짝이 person:언노운 person:에이브,0
person:메어리,메어리,,9,131,30,2405,2159,246,5,0,64,14,ch13,d_main_13af_01,ch13,425,131,fl:terminus_ticket,87,네온 67 · 페퍼 57 · 라피 50 · 아니스 46 · 얀 33,31,0,0,0,0,0,1,12,0,J14,5,7,관계 4 · 신체 1 · 신념 2,2,0,O115 O116,,,0
person:은화,은화,,9,129,30,2655,2185,470,0,0,15,5,ch04,d_main_04_09_e,ch04,477,155,char:871,97,엠마 101 · 베스티 96 · 라피 60 · 아니스 55 · 네온 54,31,1,0,0,1,0,3,20,0,J2 J22,6,9,관계 6 · 신념 2 · 기억 1,8,0,O17 O32 O34 O168,H4,,0
person:프림,프림,,7,128,29,1210,992,218,0,0,86,17,char:11,ep:d_nikke_neon_02,char:11,441,139,char:861,85,슈가 61 · 밀크 58 · 라피 43 · 얀 42 · 페퍼 41,13,0,0,0,0,0,0,2,0,,4,3,관계 2 · 신념 1,0,0,,,,0
person:리틀_머메이드,리틀 머메이드,,8,126,16,2534,2277,257,0,0,336,91,ch34,d_main_34_07_e,event_oldtales1,478,156,fl:great_villain_union,62,신데렐라 74 · 모리 58 · 그레이브 39 · 헨젤 37 · 그레텔 36,38,3,0,2,1,0,5,0,0,J10 J12 J23,0,0,,0,0,,,person:세이렌,0
person:아인,아인,,7,125,19,2499,2177,322,0,0,59,13,ch12,d_main_12_07_e,char:392,475,154,char:872,56,츠바이 104 · 라이 94 · 프리바티 60 · 에이미 41 · 마르차나 26,18,0,0,0,0,0,0,3,0,,5,5,관계 4 · 신념 1,5,0,O148,,,0
person:슈가,슈가,,10,123,34,1775,1553,222,0,0,64,14,ch13,d_main_13_06_e,ch13,450,143,ch45,104,밀크 70 · 프림 61 · 타키나 28 · 치사토 27 · 쿠루미 24,20,1,1,0,0,0,0,3,0,J17 J45,4,5,관계 4 · 신념 1,1,0,O134,,,0
person:아르카나,아르카나,,8,120,11,6202,4943,1259,6,0,383,111,event_arcanearchive,event_arcanearchive_prologue,event_arcanearchive,452,144,ch46,47,에이미 44 · 프리바티 38 · 아인 26 · 팬텀 23 · 츠바이 22,38,1,0,0,1,0,3,34,2,J7 J55 J56,6,25,성격 3 · 관계 14 · 신념 4 · 기억 4,4,0,O200 O205,H24,,0
person:밀크,밀크,,10,119,31,2406,2017,389,3,0,86,17,char:11,ep:d_nikke_neon_02,char:11,441,139,char:861,74,슈가 70 · 프림 58 · 에이드 32 · 타키나 30 · 엑시아 27,11,0,0,0,0,0,0,6,0,,5,6,성격 2 · 관계 4,1,0,O174,,,0
person:베스티,베스티,,8,117,25,1759,1443,316,5,1,15,5,ch04,d_main_04_09_e,ch04,477,155,char:871,95,은화 96 · 엠마 93 · 라피 51 · 아니스 46 · 네온 45,21,0,0,0,0,0,1,7,0,J2,4,9,성격 4 · 관계 5,2,1,O32 O35 O169,H4,,0
person:츠바이,츠바이,,7,115,16,1541,1285,256,0,0,203,36,char:392,ep:d_nikke_rei_01,char:392,475,154,char:872,49,아인 104 · 라이 92 · 프리바티 59 · 에이미 38 · 마르차나 28,20,0,0,0,0,0,0,2,0,,3,6,성격 1 · 관계 2 · 신체 1 · 신념 2,5,0,O148 O149,,,0
person:소다,소다,,6,115,27,2335,1876,459,0,0,175,28,event_maidinvalentine,event_maidinvalentine_prologue,event_maidinvalentine,474,154,fl:persona_on_frontline,85,에이드 70 · 코코아 64 · 앨리스 38 · 머스탱 23 · 밀크 17,16,0,0,0,0,0,0,3,0,,4,5,성격 2 · 관계 2 · 신념 1,7,0,O141,,,0
person:세이렌,세이렌,,14,114,22,389,5,384,36,6,224,44,event_goldenship,event_goldenship_01_s,event_unbreakablesphere1,478,156,fl:great_villain_union,70,신데렐라 72 · 모리 53 · 그레이브 41 · 헨젤 36 · 그레텔 35,30,1,0,1,0,0,9,41,1,J12,5,9,관계 7 · 신념 2,15,0,O26 O28 O43,H3 H6,person:리틀_머메이드,0
person:베히모스,베히모스,,14,113,26,1342,872,470,7,3,308,80,ch31,d_main_31_06,ch31,478,156,fl:great_villain_union,90,라피 89 · 레비아탄 69 · 그레이브 54 · 신데렐라 51 · 아니스 49,53,5,2,2,1,0,5,32,0,J2 J8 J10 J11 J12,7,8,관계 3 · 신체 4 · 신념 1,3,0,,,,0
person:요한,요한,,13,111,24,1714,1465,249,19,8,88,17,char:232,ep:d_nikke_noah_01,ch19,474,154,fl:persona_on_frontline,85,세실 75 · 이사벨 53 · 노아 51 · 하란 50 · 퀸 49,66,2,0,1,1,0,4,12,1,J1 J7 J8 J12,9,14,성격 1 · 관계 9 · 소속 1 · 신념 3,6,0,O39 O51 O97,H5,person:샛별,0
person:에닉,에닉,,22,110,50,1245,999,246,7,4,15,5,ch04,d_main_04af_01,ch04,470,153,ch47,147,아니스 48 · 네온 39 · 라피 39 · 머스탱 27 · 슈엔 27,100,6,2,2,2,0,10,17,6,J1 J2 J6 J15 J16 J17 J18 J19 J21 J30,4,7,성격 3 · 관계 1 · 신념 3,0,0,O99,,,0
person:D,D,,9,109,27,2051,1709,342,0,0,69,15,ch14,d_main_14_07,ch14,474,154,fl:persona_on_frontline,108,K 39 · 에이다 16 · 폴리 14 · 미란다 13 · 팬텀 12,29,0,0,0,0,0,0,12,0,J32,4,4,관계 4,2,0,O177,,,0
person:엑시아,엑시아,,12,105,33,1583,1332,251,9,1,31,8,ch07,d_main_07af_04,ch07,440,138,char:862,91,네온 34 · 아니스 30 · 라피 28 · 밀크 27 · 노벨 20,21,1,1,0,0,0,0,3,0,J25,2,2,관계 1 · 기억 1,0,0,,,,0
person:릴리바이스,릴리바이스,,14,104,20,1562,1342,220,22,4,200,36,event_overzone,event_overzone_prologue,event_overzone,470,153,ch47,71,스노우 화이트 80 · 라푼젤 68 · 도로시 66 · 엔더슨 65 · 홍련 62,49,1,0,0,1,0,6,17,0,J5 J6 J7 J13 J30,7,6,관계 1 · 신체 4 · 신념 1,9,4,O56 O192,,person:릴리스,0
person:레비아탄,레비아탄,,19,103,26,2096,1760,336,32,9,308,80,ch31,d_main_31_06,ch32,478,156,fl:great_villain_union,74,라피 78 · 베히모스 69 · 지즈 55 · 신데렐라 43 · 맥스웰 41,76,5,1,0,4,1,11,42,0,J2 J8 J10 J12 J26,10,26,성격 1 · 관계 14 · 소속 1 · 신체 5 · 신념 5,18,0,O42 O43 O44 O45 O50,H6,person:레비,0
person:라이,라이,,6,102,15,1487,1226,261,0,0,203,36,char:392,ep:d_nikke_rei_01,char:392,475,154,char:872,53,아인 94 · 츠바이 92 · 프리바티 51 · 에이미 33 · 마르차나 30,14,0,0,0,0,0,0,2,0,,5,3,관계 2 · 신념 1,7,0,O148,,,0
person:바이퍼,바이퍼,,11,100,18,1949,1701,248,0,0,80,17,ch16,d_main_16_01,ch16,450,143,ch45,71,자칼 75 · 크로우 40 · 네온 39 · 아니스 39 · 라피 34,33,2,1,1,0,1,3,10,0,J21 J25 J31,7,11,성격 1 · 관계 8 · 소속 1 · 신체 1,6,0,O60 O197,H22,,0
person:트로니,트로니,,11,97,18,1748,1222,526,32,2,280,66,event_boomsday,event_boomsday_prologue,event_boomsday,481,158,char:405,75,일레그 62 · 마스트 25 · 앵커 25 · 신 24 · 라피 21,38,0,0,0,0,0,2,19,0,J11 J19,5,9,성격 3 · 관계 4 · 신념 2,5,0,O138 O139,,,0
person:미하라,미하라,,14,96,19,2536,2138,398,0,0,4,3,ch02,d_main_02af_07,ch02,382,110,char:162,68,유니 81 · 모리 31 · 세이렌 30 · 네온 29 · 라피 29,41,2,0,1,1,0,3,33,1,J12 J23,6,12,관계 5 · 신체 2 · 신념 1 · 기억 4,9,0,O1 O13,H1,,0
person:마나,마나,,12,96,37,1482,1301,181,6,0,59,13,ch12,d_main_12af_03,ch12,480,157,char:404,105,라피 32 · 아니스 31 · 네온 29 · 그레이브 19 · 에테르 16,40,0,0,0,0,0,1,3,0,J3 J12 J23,4,4,관계 3 · 신념 1,0,0,O155,,,0
person:마스트,마스트,,9,95,16,2025,1764,261,1,0,139,18,char:352,ep:d_nikke_helm_01,char:352,481,158,char:405,66,앵커 74 · 헬름 47 · 프림 28 · 트로니 25 · 신 24,18,1,1,0,0,0,0,1,0,J51,5,5,관계 3 · 신념 2,2,0,O158 O159,H19,,0
person:팬텀,팬텀,,8,92,12,1768,1523,245,7,0,328,87,event_phantomthiefvsdetective,event_phantomthiefvsdetective_prologue,event_phantomthiefvsdetective,477,155,char:871,49,퀀시 61 · 미란다 58 · 곰 26 · 유키코 25 · 폴리 24,15,2,0,0,2,0,2,15,0,J56,6,5,관계 3 · 신념 1 · 기억 1,7,0,,,,0
person:세실,세실,,13,91,25,1408,1276,132,5,2,88,17,char:232,ep:d_nikke_noah_04,ch19,472,154,ch48,79,요한 75 · 노아 41 · 이사벨 41 · 퀸 39 · 도로시 37,49,3,3,0,0,0,1,2,0,J4 J7 J8 J15 J16,5,5,관계 4 · 신념 1,0,0,,,,0
person:루드밀라,루드밀라,,11,91,18,1910,1718,192,9,2,20,6,ch05,d_main_05_04_e,ch05,477,155,char:871,47,앨리스 51 · 미카 30 · 벨로타 28 · 네베 24 · 토브 21,31,2,1,1,0,0,2,6,0,J34,8,7,관계 4 · 신념 2 · 기억 1,1,0,O9 O10 O124,H15,,0
person:코코아,코코아,,10,90,28,1195,980,215,1,0,175,28,event_maidinvalentine,event_maidinvalentine_prologue,event_maidinvalentine,468,151,char:103,69,에이드 67 · 소다 64 · 프리바티 18 · 벨벳 11 · 드레이크 10,16,0,0,0,0,0,0,3,0,,4,2,관계 2,3,0,,,,0
person:유니,유니,,13,88,19,1267,800,467,15,0,4,3,ch02,d_main_02af_07,ch02,382,110,char:162,58,미하라 81 · 모리 29 · 슈엔 29 · 아니스 29 · 네온 28,33,2,0,1,1,0,4,19,0,J12 J21 J23,5,14,관계 9 · 소속 2 · 신체 1 · 신념 2,5,0,O3 O13 O14 O164,H1 H3,,0
person:자칼,자칼,,7,87,19,1018,743,275,4,1,80,17,ch16,d_main_16_01,ch16,450,143,ch45,64,바이퍼 75 · 크로우 38 · 네온 37 · 아니스 35 · 라피 30,24,0,0,0,0,1,3,2,0,J25,5,3,성격 1 · 관계 2,2,0,O2 O197,H22,,0
person:루피,루피,,7,87,24,1715,1548,167,0,0,75,16,ch15,d_main_15_01,ch15,445,141,fl:2x2_love_2ch,68,앤 30 · 얀 25 · 도라 23 · 아니스 19 · 네온 18,15,0,0,0,0,0,0,1,0,,5,4,관계 4,2,0,O112,,,0
person:얀,얀,,6,87,23,876,802,74,4,0,75,16,ch15,d_main_15_01,ch15,395,117,char:502,60,라피 56 · 네온 47 · 페퍼 42 · 프림 42 · 아니스 36,10,0,0,0,0,0,0,2,1,,3,1,관계 1,1,0,,,,0
person:앨리스,앨리스,,6,86,13,1330,1044,286,3,0,20,6,ch05,d_main_05_04_e,ch05,400,119,fl:absolute,52,루드밀라 51 · 소다 38 · 네베 23 · 머스탱 22 · 토브 20,17,1,0,1,0,0,1,2,0,J40,5,4,관계 2 · 신념 2,1,0,O142,,,0
person:사쿠라,사쿠라,,10,85,13,2225,1973,252,1,0,176,28,char:311,ep:d_nikke_cocoa_04,char:311,436,138,ch44,53,로산나 53 · 목단 40 · 바이퍼 22 · 머스탱 21 · 메이든 20,34,0,0,0,0,0,2,6,0,,5,6,관계 4 · 신념 2,3,0,O145 O146,,,0
person:앵커,앵커,,5,85,16,1049,800,249,7,0,139,18,char:352,ep:d_nikke_helm_01,char:352,481,158,char:405,61,마스트 74 · 헬름 44 · 트로니 25 · 라피 24 · 신 24,16,0,0,0,0,0,0,0,0,,5,4,관계 2 · 신념 1 · 기억 1,3,0,O159 O161,H19,,0
person:토커티브,토커티브,,15,84,24,542,353,189,6,2,10,4,ch03,d_main_03_03,ch04,418,128,event_goddessfall1,63,라피 36 · 인디빌리아 36 · 마리안 35 · 아니스 32 · 네온 30,53,10,3,5,2,0,10,13,0,J1 J2 J3 J4 J15 J16 J20 J22,2,6,관계 2 · 신체 4,2,0,,,,0
person:로산나,로산나,,9,83,18,2235,1997,238,3,0,183,32,event_cherryblossom,event_cherryblossom_03_e,event_cherryblossom,462,148,fl:ark_ranger,58,사쿠라 53 · 목단 38 · 바이퍼 25 · 머스탱 22 · 자칼 18,38,1,1,0,0,0,3,6,0,J49,7,9,관계 8 · 신념 1,4,0,O147,,,0
person:민트,민트,,6,83,13,1943,1611,332,0,0,375,109,ch38,d_main_38_05_s,ch38,461,147,char:601,58,프리카 69 · 아니스 61 · 아비스타 29 · 머스탱 22 · 한슨 22,19,0,0,0,0,0,0,14,2,J24,4,13,성격 3 · 관계 6 · 신체 1 · 신념 3,11,6,O72 O80 O81 O208,H9 H10,,0
person:리타,리타,,8,83,21,1327,1152,175,2,0,44,10,sub:미실리스_연구팀_00,sub:미실리스_연구팀_00,char:82,393,116,fl:boom_the_ghost,66,네온 50 · 라피 45 · 아니스 39 · 볼트 35 · 메어리 32,17,0,0,0,0,0,1,4,0,J50,5,2,관계 1 · 신념 1,1,0,,,,0
person:나가,나가,,6,82,15,1523,1229,294,2,0,234,50,event_schooloflock,event_schooloflock_01_e,event_schooloflock,475,154,char:872,66,티아 61 · 마르차나 33 · 아인 20 · 라이 19 · 츠바이 19,19,0,0,0,0,0,0,11,0,,4,7,관계 5 · 신념 2,5,0,O213,H26,,0
person:목단,목단,,9,79,18,1859,1615,244,0,0,183,32,event_cherryblossom,event_cherryblossom_01_e,event_cherryblossom,462,148,fl:ark_ranger,87,사쿠라 40 · 로산나 38 · 머스탱 21 · 슈가 18 · 식스오 18,30,1,0,1,0,0,6,11,0,J17,8,6,관계 1 · 소속 2 · 신념 3,8,0,O196,H20,,0
person:니힐리스타,니힐리스타,,11,77,23,1215,967,248,16,5,31,8,ch07,d_main_07_06_e,ch20,436,138,ch44,75,요한 39 · 라피 36 · 네온 33 · 아니스 33 · 퀸 31,56,5,1,1,3,2,9,18,0,J2 J3 J10 J13 J15,5,7,관계 4 · 신체 2 · 신념 1,3,0,,,,0
person:차임,차임,,8,77,13,1380,1141,239,8,3,140,19,ch17,d_main_17_05_s,event_goldenship,470,153,ch47,40,크라운 70 · 마리안 54 · 킬로 40 · 스노우 화이트 29 · T.A.L.O.S. 28,41,0,0,0,0,0,0,11,0,J2 J28,5,4,성격 1 · 관계 2 · 신체 1,2,1,O48,H5,,0
person:페퍼,페퍼,,3,77,16,998,811,187,13,1,64,14,ch13,d_main_13af_01,ch13,395,117,char:502,52,메어리 57 · 라피 43 · 네온 42 · 얀 42 · 프림 41,13,0,0,0,0,0,1,5,0,J14,5,1,관계 1,2,0,,,,0
person:마르차나,마르차나,,8,76,13,2192,1861,331,8,0,234,50,event_schooloflock,event_schooloflock_prologue,event_schooloflock,475,154,char:872,39,나가 33 · 라이 30 · 츠바이 28 · 티아 28 · 아인 26,36,1,1,0,0,0,0,16,0,J55,7,9,성격 1 · 관계 4 · 신념 4,3,0,O214,H26,,0
person:나유타,나유타,,7,75,14,1783,1554,229,11,5,217,43,relic:필그림조우보고서,relic:필그림조우보고서_02,ch39,473,154,relic:불길한_소리.wav,57,퀸 50 · 요한 36 · 스노우 화이트 35 · 세실 31 · 홍련 29,75,6,2,3,1,0,9,22,1,J1 J3 J7 J8 J13 J18 J19 J20 J26,5,8,성격 1 · 관계 2 · 소속 1 · 신체 2 · 신념 2,8,1,O39 O71,H5,,0
person:퀀시,퀀시,,6,75,12,1292,1103,189,2,1,171,26,char:401,ep:d_nikke_sin_02,char:402,477,155,char:871,43,팬텀 61 · 미란다 59 · 곰 25 · 폴리 25 · 유키코 24,12,0,0,0,0,0,0,8,0,,4,5,관계 3 · 소속 1 · 신념 1,1,0,,,,0
person:크라운,크라운,,8,74,13,1099,948,151,3,1,140,19,ch17,d_main_17_05_s,event_firstaffection,436,138,ch44,37,차임 70 · 마리안 52 · 킬로 39 · T.A.L.O.S. 27 · 스노우 화이트 26,45,1,0,0,1,0,1,14,0,J2 J28,6,6,관계 2 · 소속 1 · 신체 2 · 신념 1,5,0,O48,H5,,0
person:지즈,지즈,,9,73,17,1011,765,246,9,4,308,80,ch31,d_main_31_06,ch37,478,156,fl:great_villain_union,68,레비아탄 55 · 라피 48 · 드레이크 41 · 베히모스 41 · 레비 38,33,0,0,0,0,0,1,13,0,J2 J10 J26,5,6,관계 5 · 소속 1,6,0,O44 O110,H6,,0
person:메이든,메이든,,6,73,11,1769,1497,272,0,0,59,13,ch12,d_main_12_07_e,ch12,365,104,fl:for_rest,63,길로틴 41 · 잉그리드 21 · 사쿠라 20 · 바이퍼 17 · 네온 16,22,1,0,0,1,0,1,9,0,J25,6,7,성격 1 · 관계 2 · 신념 4,10,0,O20 O153,H11,,0
person:헬름,헬름,,7,73,11,2010,1769,241,0,0,139,18,char:352,ep:d_nikke_helm_01,char:352,481,158,char:405,48,마스트 47 · 앵커 44 · 라피 33 · 아니스 25 · 네온 22,19,1,1,0,0,0,0,8,0,J50,5,7,성격 1 · 관계 4 · 신념 2,4,0,O120 O121 O159,H14 H19,,0
person:블랑,블랑,,6,73,14,1098,882,216,0,0,195,36,ch22,d_main_22_04_s,ch22,345,93,event_secretgarden,57,누아르 66 · 루주 31 · 루드밀라 20 · 벨로타 19 · 미카 18,10,0,0,0,0,0,0,6,0,,4,3,관계 3,2,0,O113,,,0
person:모리,모리,,5,72,9,1702,1393,309,6,0,377,109,event_unbreakablesphere1,event_unbreakablesphere1_prologue,event_unbreakablesphere1,478,156,fl:great_villain_union,44,리틀 머메이드 58 · 세이렌 53 · 신데렐라 36 · 미하라 31 · 그레이브 29,18,1,1,0,0,0,1,12,3,J12 J23,6,10,성격 3 · 관계 4 · 소속 1 · 신념 2,7,0,O182 O184,H7,,0
person:프리카,프리카,,7,71,13,1402,1116,286,1,1,115,17,char:12,ep:d_nikke_anis_03,ch38,461,147,char:601,49,민트 69 · 아니스 57 · 아비스타 30 · 한슨 22 · 머스탱 19,18,0,0,0,0,0,0,9,1,J24,4,12,성격 1 · 관계 7 · 신체 1 · 신념 3,11,5,O81 O82 O83 O209,H10,,0
person:하란,하란,,9,70,19,1183,1066,117,2,0,92,17,char:101,ep:d_nikke_drake_01,char:230,462,148,fl:ark_ranger,63,요한 50 · 이사벨 48 · 노아 39 · 세실 36 · 도로시 31,28,2,1,1,0,0,2,15,0,J8 J13 J29,8,10,관계 7 · 신체 1 · 신념 2,5,0,O47 O52,H5,,0
person:티아,티아,,5,70,16,1731,1343,388,2,0,234,50,event_schooloflock,event_schooloflock_01_e,event_schooloflock,475,154,char:872,58,나가 61 · 마르차나 28 · 리틀 머메이드 17 · 세이렌 16 · 신데렐라 16,20,0,0,0,0,0,0,8,0,,4,6,성격 1 · 관계 4 · 신념 1,6,0,,,,0
person:솔린,솔린,,9,69,12,2100,1907,193,0,0,64,14,ch13,d_main_13_04,ch13,427,132,char:73,34,디젤 51 · 브리드 45 · 노라 39 · 네로 15 · 메어리 13,13,0,0,0,0,0,0,7,0,J58,5,8,성격 3 · 관계 3 · 신념 2,3,0,O136 O185 O186,H21,,0
person:크로우,크로우,,9,68,15,1341,1208,133,7,0,80,17,ch16,d_main_16_01,ch16,442,140,fl:enter_heaven,58,바이퍼 40 · 자칼 38 · 라피 30 · 아니스 29 · 네온 26,42,2,2,0,0,1,2,25,0,J21 J25,4,5,성격 1 · 관계 3 · 소속 1,5,1,,,,0
person:누아르,누아르,,7,68,16,907,733,174,0,0,134,17,char:142,ep:d_nikke_frima_03,ch22,476,154,char:870,60,블랑 66 · 루주 31 · 루드밀라 18 · 벨로타 17 · 미카 16,10,0,0,0,0,0,0,6,0,,3,4,성격 1 · 관계 3,1,0,O114,,,0
person:리버린,리버린,,9,67,10,1136,906,230,0,0,270,65,ch27,d_main_27_01_s,ch27,450,143,ch45,47,아니스 54 · 해머링 53 · 라피 52 · 네온 49 · 일레그 45,39,3,1,1,1,0,6,17,4,J17,5,6,성격 1 · 관계 2 · 신체 1 · 신념 2,7,0,O63,,,0
person:에이브,에이브,,9,67,14,1372,1232,140,0,0,336,91,ch34,d_main_34_08,event_oldtales1,428,133,fl:ark_guardian,38,신데렐라 51 · 리틀 머메이드 36 · 헨젤 32 · 그레텔 31 · 세이렌 31,40,0,0,0,0,0,1,3,0,J12,0,0,,0,0,,,person:관짝이 person:그레이브 person:언노운,0
person:이사벨,이사벨,,11,67,16,942,788,154,8,0,128,17,char:231,ep:d_nikke_isabel_01,char:231,472,154,ch48,45,요한 53 · 하란 48 · 노아 47 · 세실 41 · 도로시 33,26,2,1,1,0,0,2,6,0,J8 J29,6,6,관계 4 · 신체 1 · 신념 1,5,0,O183,H5,,0
person:디젤,디젤,,7,67,16,1318,1159,159,16,1,64,14,ch13,d_main_13_04,ch13,427,132,char:73,55,솔린 51 · 브리드 47 · 노라 29 · 네로 14 · 메어리 13,14,0,0,0,0,0,1,4,0,J58,4,4,관계 2 · 신념 1 · 기억 1,2,0,O188,,,0
person:에이미,에이미,,2,67,3,818,593,225,1,0,444,141,fl:2x2_love_1ch,fl:2x2_love_1ch_03,fl:2x2_love_1ch,446,141,char:583,26,프리바티 48 · 아르카나 44 · 아인 41 · 츠바이 38 · 라이 33,11,1,0,0,1,0,4,3,0,J55,3,2,신념 2,1,0,,,,0
person:레비,레비,,2,65,18,877,558,319,0,0,128,17,char:231,ep:d_nikke_isabel_02,side:mudfish,478,156,fl:great_villain_union,65,지즈 38 · 베히모스 37 · 라피 34 · 리틀 머메이드 24 · 바하무트 23,8,0,0,0,0,0,0,0,0,J10,0,0,,0,0,,,person:레비아탄,0
person:비스킷,비스킷,,5,64,15,1547,1354,193,0,0,181,31,event_bowwowparadise,event_bowwowparadise_prologue,event_bowwowparadise,468,151,char:103,60,레오나 30 · 네로 27 · 티미 21 · 맥스 20 · 플로라 14,7,0,0,0,0,0,0,2,0,,4,3,관계 3,0,0,,,,0
person:해머링,해머링,,6,63,11,497,350,147,0,0,270,65,ch27,d_main_27_01_s,ch27,436,138,ch44,46,라피 58 · 아니스 56 · 리버린 53 · 네온 51 · 일레그 46,18,0,0,0,0,0,0,4,2,J11 J17,4,2,신체 1 · 신념 1,3,0,,,,0
person:루주,루주,,6,62,9,1893,1626,267,0,0,195,36,ch22,d_main_22_04_s,event_BunnyX777,404,122,fl:coins_in_rush,40,누아르 31 · 블랑 31 · 밀크 21 · 엑시아 19 · 머스탱 18,9,0,0,0,0,0,0,2,0,,2,5,관계 3 · 신념 2,0,0,O150 O170,H18,,0
person:길로틴,길로틴,,6,61,13,1897,1613,284,6,1,59,13,ch12,d_main_12_07_e,ch12,450,143,ch45,67,메이든 41 · 잉그리드 22 · 베스티 16 · 라플라스 14 · 클로이 11,24,1,0,0,1,0,1,12,0,J25,5,9,관계 6 · 신념 3,4,0,O20 O154,H11,,0
person:노아,노아,,9,61,16,927,786,141,0,0,88,17,char:232,ep:d_nikke_noah_01,char:232,472,154,ch48,48,요한 51 · 이사벨 47 · 세실 41 · 하란 39 · 도로시 32,23,1,0,1,0,0,3,11,0,J8 J29,5,8,성격 4 · 관계 2 · 신체 1 · 신념 1,3,0,O49,H5,,0
person:키리,키리,,5,61,15,1176,963,213,2,0,239,53,event_freezeacpu,event_freezeacpu_01_e,event_freezeacpu,474,154,fl:persona_on_frontline,57,미란다 52 · 폴리 47 · 클레어 19 · 퀀시 16 · 팬텀 16,8,1,1,0,0,0,1,4,0,J3,3,3,성격 1 · 관계 1 · 신념 1,1,0,,,,0
person:릴리스,릴리스,,2,59,13,116,0,116,0,0,94,17,char:221,ep:d_nikke_rapunzel_04,,452,144,ch46,35,스노우 화이트 51 · 홍련 47 · 도로시 46 · 엔더슨 44 · 라푼젤 42,11,1,0,1,0,0,2,0,0,J6 J13,0,0,,0,0,,,person:릴리바이스,0
person:시그널,시그널,,2,59,18,674,562,112,1,0,71,15,relic:기후변화보고서,relic:기후변화보고서_02,char:61,425,131,fl:terminus_ticket,71,델타 27 · 엠마 26 · 은화 25 · 베스티 22 · 루드밀라 13,5,0,0,0,0,0,0,2,0,,2,3,성격 1 · 관계 2,0,0,,,,0
person:벨로타,벨로타,,6,58,15,1500,1034,466,4,1,103,17,char:61,ep:d_nikke_mica_01,char:61,400,119,fl:absolute,51,미카 53 · 루드밀라 28 · 블랑 19 · 누아르 17 · 엠마 14,16,0,0,0,0,0,2,4,0,,3,3,관계 3,4,0,O127,H16,,0
person:리버렐리오,리버렐리오,,12,57,16,824,688,136,10,3,164,26,ch20,d_main_20_10_e,ch20,472,154,ch48,75,퀸 42 · 라피 30 · 레비아탄 21 · 지즈 20 · 베히모스 18,51,5,1,3,1,2,11,12,0,J2 J3 J8 J10 J13 J15,5,3,관계 1 · 신체 1 · 신념 1,3,1,,,,0
person:E.H.,E.H.,,10,57,13,1306,1147,159,12,1,195,36,ch22,d_main_22_05_e,ch22,470,153,ch47,64,바이퍼 30 · 자칼 27 · 에닉 17 · 잉그리드 16 · 네온 15,52,1,0,0,1,0,5,14,3,J17 J21,5,16,관계 5 · 소속 4 · 신체 1 · 신념 6,6,5,O64 O197 O198,H22,person:엘리시온_하퍼,0
person:K,K,,8,57,15,1193,987,206,0,0,69,15,ch14,d_main_14_07,ch14,445,141,fl:2x2_love_2ch,52,D 39 · VII 12 · X 10 · 아르카나 9 · 목단 8,32,0,0,0,0,0,0,12,0,J32,4,6,성격 1 · 관계 2 · 소속 1 · 신념 1 · 기억 1,3,0,O165,,,0
person:파피용,파피용,,9,57,15,768,659,109,1,0,126,17,char:171,ep:d_nikke_yulha_03,char:171,472,154,ch48,69,요한 39 · 세실 36 · 아니스 29 · 이사벨 29 · 네온 27,22,0,0,0,0,0,1,6,0,J4,5,7,성격 1 · 관계 2 · 소속 2 · 신념 2,4,0,O108,H12,,0
person:미카,미카,,6,57,17,1582,1202,380,0,0,103,17,char:61,ep:d_nikke_mica_01,char:61,477,155,char:871,53,벨로타 53 · 루드밀라 30 · 블랑 18 · 누아르 16 · 엠마 15,16,0,0,0,0,0,2,3,0,,3,10,성격 3 · 관계 5 · 신념 2,4,0,O127 O129 O130,H16,,0
person:브리드,브리드,,5,57,14,1018,826,192,2,0,64,14,ch13,d_main_13_04,ch13,427,132,char:73,40,디젤 47 · 솔린 45 · 노라 24 · 메어리 13 · 네로 12,10,0,0,0,0,0,0,1,0,J58,5,7,성격 1 · 관계 4 · 신념 2,3,0,O190 O191,H23,,0
person:아나키오르,아나키오르,,9,56,18,168,23,145,0,0,159,25,ch19,d_main_19_04,event_redash,472,154,ch48,51,라피 18 · 그레이브 17 · 아니스 16 · 레드 슈즈 15 · 에이브 15,39,1,0,1,0,0,8,7,0,J4 J10 J11 J12,0,0,,0,0,,,person:거울_공주 person:신데렐라,0
person:에테르,에테르,,12,56,18,1461,1292,169,9,1,120,17,char:291,ep:d_nikke_ether_01,char:291,464,149,fl:wave_to_you,58,츠바이 18 · 라이 16 · 마나 16 · 프리바티 16 · 아인 15,36,3,2,1,0,0,2,10,1,J3 J17 J52 J55,5,2,관계 2,2,0,,,person:MMR지킴이,0
person:네로,네로,,2,55,8,1108,936,172,1,0,181,31,event_bowwowparadise,event_bowwowparadise_01_s,event_bowwowparadise,425,131,fl:terminus_ticket,30,비스킷 27 · 레오나 24 · 티미 16 · 노라 15 · 솔린 15,8,0,0,0,0,0,0,2,0,,4,1,관계 1,0,0,,,,0
person:델타,델타,,4,54,12,1075,864,211,2,0,90,17,char:20,ep:d_nikke_delta_01,char:20,425,131,fl:terminus_ticket,47,시그널 27 · 미란다 21 · 엠마 21 · 은화 21 · 퀀시 21,12,0,0,0,0,0,0,2,0,,3,5,관계 3 · 신념 2,1,0,O179,,,0
person:베이,베이,,5,54,9,1405,1067,338,7,0,289,71,event_onemoretime,event_onemoretime_prologue,event_onemoretime,428,133,fl:ark_guardian,45,클레이 31 · 밀크 25 · 루주 17 · 에이드 17 · 엑시아 17,12,0,0,0,0,0,0,2,0,,4,7,성격 3 · 관계 3 · 신념 1,1,0,O144 O172,H17,,0
person:버닝엄,버닝엄,,14,53,30,804,701,103,11,4,11,4,sub:세르반_00,sub:세르반_00,sub:세르반_03,472,154,ch48,88,라피 23 · 아니스 23 · 엔더슨 23 · 네온 21 · 도로시 18,56,2,2,0,0,0,1,11,1,J1 J6 J7 J8 J19 J46,8,5,성격 1 · 관계 4,2,0,O94,,,0
person:글러트니,글러트니,,5,53,10,264,0,264,7,2,338,91,event_oldtales1,event_oldtales1_02_s,,478,156,fl:great_villain_union,37,리틀 머메이드 28 · 세이렌 26 · 모리 24 · 신데렐라 19 · 지즈 18,25,2,0,0,2,0,3,8,0,J10 J12 J23,0,0,,0,0,,,,0
person:인디빌리아,인디빌리아,,9,52,16,678,526,152,7,4,184,32,char:261,ep:d_nikke_nihilister_02,ch24,452,144,ch46,59,토커티브 36 · 니힐리스타 26 · 마리안 25 · 차임 19 · 퀸 19,34,1,0,0,1,0,2,12,0,J1 J2 J10 J15 J28,3,4,관계 2 · 신체 1 · 기억 1,1,0,,,,0
person:킬로,킬로,,3,50,4,1071,928,143,0,0,295,73,event_lastkingdom1,event_lastkingdom1_prologue,event_lastkingdom1,418,128,event_goddessfall1,35,차임 40 · 크라운 39 · 마리안 37 · T.A.L.O.S. 34 · 홍련 23,15,0,0,0,0,0,0,2,1,,5,4,성격 1 · 관계 2 · 소속 1,5,0,O38,H5,,0
person:레오나,레오나,,3,49,13,1212,1076,136,0,0,181,31,event_bowwowparadise,event_bowwowparadise_01_s,event_nyanyaparadise,476,154,char:870,50,티미 34 · 비스킷 30 · 네로 24 · 팬텀 9 · 맥스 8,15,0,0,0,0,0,0,5,0,,2,4,관계 3 · 신념 1,3,0,O133,,,0
person:토브,토브,,3,49,8,1377,1232,145,0,0,256,56,event_alonesurvivor,event_alonesurvivor_prologue,event_alonesurvivor,477,155,char:871,38,네베 21 · 루드밀라 21 · 앨리스 20 · 일레그 19 · 센티 17,9,0,0,0,0,0,0,0,0,,4,6,관계 3 · 소속 1 · 신념 2,3,0,O124 O125 O126,H15,,0
person:크러스트,크러스트,,6,48,8,1458,1305,153,0,0,300,75,event_goldencoinrush1,event_goldencoinrush2_b01_s,event_newflavor,461,147,char:601,33,브래디 35 · 에이드 9 · 티아 7 · 엠마 6 · 아인 5,11,0,0,0,0,0,0,2,0,,4,3,관계 2 · 신념 1,0,0,,,,0
person:레드_슈즈,레드 슈즈,,9,46,10,619,485,134,26,4,338,91,event_oldtales1,event_oldtales1_prologue,event_oldtales1,472,154,ch48,49,신데렐라 32 · 에이브 28 · 헨젤 24 · 그레텔 23 · 리틀 머메이드 21,30,0,0,0,0,0,2,17,0,J6 J12 J20,4,4,관계 1 · 신체 2 · 신념 1,2,0,,,,0
person:헨젤,헨젤,,8,46,13,364,279,85,22,4,239,53,event_freezeacpu,event_freezeacpu_06_e,event_oldtales1,464,149,fl:wave_to_you,53,그레텔 45 · 신데렐라 42 · 리틀 머메이드 37 · 세이렌 36 · 에이브 32,23,1,0,1,0,0,5,4,0,J12,2,3,관계 3,5,0,,,,0
person:그레텔,그레텔,,8,45,13,207,24,183,22,4,239,53,event_freezeacpu,event_freezeacpu_06_e,event_oldtales1,464,149,fl:wave_to_you,52,헨젤 45 · 신데렐라 41 · 리틀 머메이드 36 · 세이렌 35 · 에이브 31,23,1,0,1,0,0,5,3,0,J12,0,0,,5,0,,,,0
person:식스오,식스오,,9,44,12,304,71,233,26,4,265,62,event_dirtybackyard,event_dirtybackyard_04_s,ch41,462,148,fl:ark_ranger,68,네온 19 · 목단 18 · 아니스 18 · 에닉 18 · 리버린 16,51,6,3,1,2,0,10,10,0,J8 J16 J17 J18,0,0,,3,0,,,,0
person:랩칠리언,랩칠리언,,11,44,19,749,632,117,31,10,13,4,sub:랩칠리언_00,sub:랩칠리언_00,sub:랩칠리언_00,464,149,fl:wave_to_you,58,라피 30 · 레비아탄 18 · 맥스웰 16 · 지즈 16 · 라플라스 15,28,3,1,1,1,0,3,8,2,J26,3,4,관계 2 · 신념 2,3,0,O31 O135,,,0
person:아비스타,아비스타,,6,44,15,678,586,92,0,0,360,102,ch36,d_main_36_08_s,ch36,461,147,char:601,42,프리카 30 · 민트 29 · 아니스 28 · 네온 16 · 라피 9,17,0,0,0,0,0,1,3,2,J7 J24,3,2,소속 1 · 신체 1,3,0,O33,,,0
person:센티,센티,,4,44,13,563,490,73,0,0,98,17,char:82,ep:d_nikke_liter_01,char:82,395,117,char:502,59,라피 23 · 리타 20 · 얀 20 · 일레그 20 · 토브 17,10,0,0,0,0,0,0,2,0,,3,2,관계 1 · 신념 1,3,0,,,,0
person:릴리,릴리,,2,43,8,452,400,52,0,0,181,31,event_bowwowparadise,event_bowwowparadise_prologue,event_bowwowparadise,428,133,fl:ark_guardian,54,아담 29 · 라피 27 · 아니스 26 · 네온 25 · 이브 24,2,0,0,0,0,0,1,1,0,,0,1,관계 1,0,0,,,,0
person:노라,노라,,2,42,2,1227,1109,118,0,0,423,130,fl:blank_ticket,fl:blank_ticket_00,fl:blank_ticket,425,131,fl:terminus_ticket,15,솔린 39 · 디젤 29 · 브리드 24 · 네로 15 · 메어리 14,12,1,0,0,1,0,1,15,0,J58,6,8,관계 4 · 신체 1 · 신념 2 · 기억 1,2,0,O189,H23,,0
person:율하,율하,,7,42,19,753,637,116,3,0,43,10,ch09,d_main_09_04,ch09,476,154,char:870,74,프리바티 31 · 애드미 23 · 라피 13 · 아니스 8 · 네온 7,13,0,0,0,0,0,1,1,0,,6,2,관계 2,0,0,,,,0
person:오스왈드,오스왈드,,7,41,8,1009,827,182,125,9,200,36,event_overzone,event_overzone2_01_s,event_overzone,452,144,ch46,43,프리시아 19 · 도로시 12 · 레드 후드 12 · 한슨 11 · 라푼젤 10,39,2,0,1,1,0,6,20,0,J6 J7,6,8,관계 3 · 소속 1 · 신체 1 · 신념 3,6,0,O62,,,0
person:프리티,프리티,,8,40,14,161,0,161,8,2,214,43,ch23,d_main_23_08_e,,467,151,fl:project_matis,63,아니스 27 · 머스탱 25 · 한슨 23 · 민트 13 · 프리카 13,26,2,1,0,1,0,5,13,4,J17 J18 J24,1,13,성격 1 · 관계 5 · 소속 1 · 신체 3 · 신념 3,6,12,,,person:프리시아,0
person:한슨,한슨,,2,40,4,893,754,139,35,5,447,142,side:pretty_star,side:pretty_star_00,side:pretty_star,470,153,ch47,43,아니스 32 · 머스탱 30 · 프리티 23 · 민트 22 · 프리카 22,24,2,0,0,2,0,2,17,0,J24,4,13,성격 2 · 관계 6 · 소속 3 · 신념 2,10,0,O75,H9,,0
person:아크레인저_블랙,아크레인저 블랙,,4,40,6,1027,812,215,0,0,280,66,event_boomsday,event_boomsday_03_s,event_darkhero,463,148,char:570,38,아크레인저 레드 19 · 아크레인저 블루 18 · 트로니 17 · 머스탱 11 · 일레그 11,13,0,0,0,0,0,1,7,0,,5,12,관계 2 · 소속 1 · 신체 2 · 신념 7,7,0,O211,H25,,0
person:앤,앤,,3,40,8,704,429,275,0,0,121,17,char:241,ep:d_nikke_epinel_02,event_miraclesnow1,467,151,fl:project_matis,36,루피 30 · 안젤리나 10 · 슈엔 9 · 엑시아 8 · 엠마 8,6,0,0,0,0,0,0,5,0,,3,8,성격 1 · 관계 3 · 소속 1 · 기억 3,1,0,,,person:N102,0
person:클레이,클레이,,3,39,6,1458,1164,294,0,0,289,71,event_onemoretime,event_onemoretime_prologue,event_onemoretime,404,122,fl:coins_in_rush,33,베이 31 · 밀크 13 · 마린 9 · 폴리 8 · D 4,12,0,0,0,0,0,0,8,0,,5,4,성격 1 · 관계 1 · 신념 2,5,0,O144,H17,,0
person:지엔,지엔,,7,37,8,948,861,87,19,3,331,89,side:wordless,side:wordless_03,event_wisdomspring,467,151,fl:project_matis,52,슈엔 26 · 맥스웰 18 · 엔메 12 · 에닉 9 · 유니 8,27,3,0,3,0,0,4,10,0,J12 J17 J18 J23,6,5,관계 4 · 신념 1,4,1,,,,0
person:바하무트,바하무트,,4,37,15,311,218,93,5,2,308,80,ch31,d_main_31_06,ch41,478,156,fl:great_villain_union,61,지즈 30 · 레비아탄 27 · 베히모스 27 · 라피 23 · 레비 23,15,0,0,0,0,0,0,4,0,J10,2,0,,1,0,,,,0
person:플로라,플로라,,5,37,6,1166,1045,121,0,0,270,65,ch27,d_main_27_09_e,ch27,366,104,char:412,36,비스킷 14 · 트리나 12 · 네로 8 · 레오나 7 · 리타 7,9,0,0,0,0,0,0,2,0,,4,3,관계 2 · 신념 1,2,0,,,,0
person:노벨,노벨,,3,37,15,788,698,90,5,1,43,10,ch09,d_main_09af_03,ch09,369,106,event_foolburstday,57,엑시아 20 · 네온 15 · 폴리 14 · 미란다 13 · 키리 13,8,0,0,0,0,0,0,0,0,,3,0,,0,0,,,,0
person:볼트,볼트,,0,37,15,137,68,69,0,0,44,10,sub:미실리스_연구팀_00,sub:미실리스_연구팀_00,char:82,365,104,fl:for_rest,32,리타 35 · 네온 27 · 라피 22 · 메어리 16 · 아니스 15,1,0,0,0,0,0,0,0,0,,0,0,,0,0,,,,0
person:벨벳,벨벳,,3,36,3,1073,853,220,41,5,404,122,fl:coins_in_rush,fl:coins_in_rush_09,fl:coins_in_rush,433,136,char:316,20,에이드 25 · 밀크 15 · 엑시아 11 · 코코아 11 · 루주 10,11,2,1,1,0,0,1,10,0,J24,6,7,관계 5 · 소속 1 · 신념 1,5,0,O194,,,0
person:브래디,브래디,,4,36,4,1309,1119,190,0,0,367,105,event_newflavor,event_newflavor_prologue,event_newflavor,372,107,char:521,16,크러스트 35 · 에이드 8 · 엠마 6 · 티아 6 · 라피 3,8,1,1,0,0,0,0,4,0,J3 J41,3,4,관계 3 · 신념 1,2,0,O162,,,0
person:곰,곰,,2,36,7,317,212,105,14,0,154,21,char:193,ep:d_nikke_neve_01,fl:persona_on_frontline,477,155,char:871,45,유키코 28 · 팬텀 26 · 퀀시 25 · 미란다 23 · 아이기스 21,6,0,0,0,0,0,0,2,0,,1,1,관계 1,0,0,,,,0
person:장화,장화,,5,35,8,699,592,107,10,5,200,36,event_overzone,event_overzone1_01_s,event_newyearnewsword,472,154,ch48,47,홍련 29 · 미러 16 · 퀸 16 · 나유타 15 · 스노우 화이트 15,29,1,0,1,0,0,2,13,0,J30,4,7,관계 3 · 소속 1 · 신체 2 · 신념 1,5,0,O103,H12,,0
person:T.A.L.O.S.,T.A.L.O.S.,,3,34,3,259,258,1,0,0,295,73,event_lastkingdom1,event_lastkingdom1_prologue,event_lastkingdom1,418,128,event_goddessfall1,30,킬로 34 · 차임 28 · 크라운 27 · 마리안 25 · 라푼젤 17,16,0,0,0,0,0,0,2,0,,1,1,관계 1,2,0,O38,H5,,0
person:신,신,,4,34,7,768,676,92,3,1,171,26,char:401,ep:d_nikke_sin_01,char:401,481,158,char:405,28,마스트 24 · 앵커 24 · 트로니 24 · 스윗 조니 11 · 에이드 11,7,0,0,0,0,0,0,1,0,,3,6,성격 1 · 관계 3 · 소속 1 · 신념 1,0,0,O221,,,0
person:볼륨,볼륨,,3,34,13,529,400,129,0,0,89,17,char:430,ep:d_nikke_noise_01,char:431,460,147,fl:bitter_spice,72,머스탱 13 · 소다 10 · 앨리스 10 · 길로틴 9 · 노이즈 8,6,0,0,0,0,0,0,0,0,,5,2,관계 2,0,0,,,,0
person:티미,티미,,2,34,9,252,77,175,0,0,212,42,event_nyanyaparadise,event_nyanyaparadise_03_s,event_nyanyaparadise,476,154,char:870,42,레오나 34 · 비스킷 21 · 네로 16 · 맥스 7 · 플로라 6,4,0,0,0,0,0,0,0,0,,0,0,,2,0,O133,,,0
person:도라,도라,,4,33,13,533,476,57,5,0,75,16,ch15,d_main_15_01,ch15,300,75,event_goldencoinrush1,35,얀 24 · 루피 23 · 네온 12 · 아니스 12 · 라피 10,13,0,0,0,0,0,0,1,0,,4,1,관계 1,0,0,,,,0
person:율리아,율리아,,4,33,6,439,384,55,3,0,54,12,sub:음악_애호가_00,sub:음악_애호가_00,sub:음악_애호가_00,425,131,fl:terminus_ticket,30,노라 13 · 디젤 13 · 솔린 13 · 브리드 12 · 네로 11,5,0,0,0,0,0,0,2,0,,4,4,관계 1 · 소속 1 · 신념 2,0,0,,,person:음악_애호가,0
person:타키나,타키나,,2,32,3,348,295,53,0,0,438,138,fl:lie_cause_recoil,fl:lie_cause_recoil_00,fl:lie_cause_recoil,441,139,char:861,14,밀크 30 · 슈가 28 · 치사토 26 · 쿠루미 23 · 프림 23,5,0,0,0,0,0,0,0,0,,2,0,,3,0,,,,0
person:미러,미러,,7,31,11,609,530,79,34,2,253,55,erelic:red_ash_mini,erelic:red_ash_mini_06,event_oldtales1,472,154,ch48,65,퀸 26 · 나유타 17 · 스노우 화이트 17 · 장화 16 · 마리안 14,38,5,3,2,0,0,4,10,0,J1 J3 J12 J13 J15 J20 J30,4,4,관계 2 · 소속 1 · 신념 1,1,0,,,,0
person:치사토,치사토,,2,31,2,555,477,78,0,0,438,138,fl:lie_cause_recoil,fl:lie_cause_recoil_00,fl:lie_cause_recoil,439,138,char:860,13,슈가 27 · 타키나 26 · 밀크 24 · 쿠루미 24 · 프림 24,8,0,0,0,0,0,0,1,0,,3,0,,3,0,,,,0
person:쿠루미,쿠루미,,2,31,3,286,240,46,0,0,438,138,fl:lie_cause_recoil,fl:lie_cause_recoil_00,fl:lie_cause_recoil,440,138,char:862,14,프림 25 · 슈가 24 · 치사토 24 · 밀크 23 · 타키나 23,4,0,0,0,0,0,0,0,0,,1,0,,2,0,,,,0
person:온리_원,온리 원,,6,30,7,299,250,49,49,12,414,127,ch41,d_main_41_08,ch41,478,156,fl:great_villain_union,67,라피 25 · 레비아탄 23 · 지즈 23 · 퀸 22 · 베히모스 19,35,4,1,3,0,0,4,12,0,J2 J10 J13 J15,6,6,성격 3 · 신체 1 · 신념 2,10,0,O107,H12,,0
person:피나,피나,,4,30,5,325,217,108,0,0,200,36,event_overzone,event_overzone1_02_e,event_overzone,452,144,ch46,28,도로시 30 · 라푼젤 16 · 홍련 16 · 스노우 화이트 14 · 라피 10,10,0,0,0,0,0,0,9,0,J6,2,1,신체 1,3,0,O29,,,0
person:소라,소라,,4,30,8,835,719,116,2,0,209,40,event_bluewaterisland,event_bluewaterisland1_05_s,event_overthehorizon,472,154,ch48,54,시엘로 14 · 네온 11 · 라피 11 · 스카이 11 · 아니스 10,9,0,0,0,0,0,1,8,0,,4,3,관계 3,2,0,O210,H25,,0
person:노이즈,노이즈,,5,30,15,531,468,63,0,0,89,17,char:430,ep:d_nikke_noise_01,char:430,454,144,event_staranis1,58,아니스 10 · 볼륨 8 · 아리아 8 · 네온 7 · 머스탱 7,6,0,0,0,0,0,0,2,2,,3,3,관계 2 · 신념 1,0,0,O131,,,0
person:아담,아담,,2,30,3,262,232,30,0,0,387,113,event_ce006,event_ce006_1_prologue,event_ce006,389,113,char:850,19,릴리 29 · 라피 24 · 아니스 23 · 이브 23 · 네온 22,2,0,0,0,0,0,1,0,0,,0,0,,0,0,,,,0
person:미세스_미스,미세스 미스,,5,29,8,513,473,40,7,1,375,109,ch38,d_main_38_07_e,ch40,454,144,event_staranis1,43,아니스 21 · 머스탱 18 · 네온 13 · 한슨 13 · 프리티 12,20,0,0,0,0,0,2,6,0,J24,5,4,관계 1 · 소속 2 · 신념 1,1,2,,,,0
person:프레자일,프레자일,,4,29,5,419,347,72,0,0,291,72,ch29,d_main_28_af_02,ch29,450,143,ch45,31,리버린 25 · 아니스 24 · 드릴리 22 · 라피 22 · 네온 21,15,0,0,0,0,0,1,9,1,,2,4,관계 4,1,0,O63,,,0
person:유키코,유키코,,2,29,2,439,373,66,4,0,474,154,fl:persona_on_frontline,fl:persona_on_frontline_03,fl:persona_on_frontline,477,155,char:871,33,곰 28 · 팬텀 25 · 퀀시 24 · 미란다 22 · 아이기스 21,6,0,0,0,0,0,0,1,0,,1,2,소속 1 · 신념 1,0,0,,,,0
person:폴크방,폴크방,,3,29,9,621,500,121,0,0,132,17,char:242,ep:d_nikke_folkwang_01,char:242,332,89,event_lifeagain,42,에피넬 12 · 루마니 11 · 소다 10 · 앨리스 10 · 루피 8,6,0,0,0,0,0,0,3,0,,3,2,관계 1 · 신념 1,0,0,,,,0
person:길티,길티,,3,28,6,826,657,169,0,0,170,26,char:400,ep:d_nikke_guilty_01,char:400,480,157,char:404,23,메이든 15 · 사쿠라 15 · 네온 14 · 라피 14 · 아니스 14,8,0,0,0,0,0,0,1,0,,4,8,성격 2 · 관계 4 · 소속 1 · 신념 1,1,0,O219 O220,H27,,0
person:드릴리,드릴리,,2,28,4,320,286,34,0,0,270,65,ch27,d_main_27_01_e,ch29,436,138,ch44,18,라피 24 · 아니스 24 · 해머링 24 · 네온 23 · 프레자일 22,6,0,0,0,0,0,0,1,1,,4,1,관계 1,0,0,,,,0
person:루마니,루마니,,3,28,8,1151,1021,130,1,0,104,17,char:161,ep:d_nikke_mihara_02,char:161,369,106,event_foolburstday,19,나디아 15 · 에피넬 13 · 폴크방 11 · 네온 4 · 머스탱 4,5,0,0,0,0,0,0,0,0,,3,1,관계 1,0,0,,,,0
person:모더니아,모더니아,,6,27,15,334,286,48,15,0,26,7,ch06,d_main_06_08_e,ch06,472,154,ch48,53,라피 18 · 아니스 17 · 네온 16 · 스노우 화이트 9 · 퀸 9,13,2,1,1,0,0,1,6,0,J1,0,0,,0,0,,,person:마리안,0
person:롬,롬,,4,27,5,524,425,99,0,0,49,11,sub:롬_00,sub:롬_00,sub:롬_00,389,113,char:850,19,네온 25 · 라피 25 · 아니스 25 · 릴리 21 · 이브 21,11,1,0,1,0,0,1,10,1,J57,4,4,관계 1 · 소속 1 · 신념 1 · 기억 1,0,0,,,,0
person:애드미,애드미,,4,27,13,538,446,92,0,0,43,10,ch09,d_main_09_04,ch09,476,154,char:870,35,율하 23 · 프리바티 21 · 라피 10 · 아니스 6 · 네온 5,10,0,0,0,0,0,0,0,0,,4,3,관계 2 · 신념 1,1,0,,,,0
person:네베,네베,,2,27,6,305,249,56,0,0,154,21,char:193,ep:d_nikke_neve_01,char:193,400,119,fl:absolute,22,루드밀라 24 · 앨리스 23 · 토브 21 · 델타 5 · 시그널 4,5,0,0,0,0,0,0,1,0,,3,1,관계 1,1,0,,,,0
person:이브,이브,,2,27,3,396,320,76,0,0,310,81,ch32,d_main_32_09_e,event_ce006,389,113,char:850,29,라피 25 · 아니스 25 · 네온 24 · 릴리 24 · 아담 23,2,0,0,0,0,0,0,0,0,,1,0,,0,0,,,,0
person:아이기스,아이기스,,2,26,2,335,276,59,9,0,474,154,fl:persona_on_frontline,fl:persona_on_frontline_05,fl:persona_on_frontline,475,154,char:872,39,곰 21 · 유키코 21 · 팬텀 21 · 퀀시 20 · 모나 19,4,0,0,0,0,0,0,3,0,,2,1,관계 1,0,0,,,,0
person:퀸(마코토),퀸(마코토),,2,25,2,328,328,0,12,2,474,154,fl:persona_on_frontline,fl:persona_on_frontline_01,fl:persona_on_frontline,476,154,char:870,33,팬텀 23 · 모나 20 · 곰 19 · 유키코 19 · 퀀시 19,9,0,0,0,0,0,0,1,0,,3,1,관계 1,1,0,,,,0
person:콤,콤,,2,22,2,634,535,99,0,0,387,113,event_ce006,event_ce006_1_03_s,event_ce006,390,114,char:851,20,레이븐 11 · 네온 10 · 라피 10 · 롬 10 · 릴리 10,13,0,0,0,0,0,0,7,0,J57,2,4,성격 1 · 관계 1 · 신념 2,2,0,,,,0
person:프리시아,프리시아,,3,22,4,769,645,124,4,1,251,55,event_redash,event_redash2_03_e,event_redash,447,142,side:pretty_star,30,오스왈드 19 · 한슨 13 · 머스탱 11 · 아니스 10 · 미세스 미스 9,11,0,0,0,0,0,1,2,0,,2,0,,2,0,,,person:프리티,0
person:데이파라,데이파라,,4,21,6,263,192,71,1,1,168,26,sub:데이파라_00,sub:데이파라_00,sub:데이파라_00,409,124,char:842,17,클레어 12 · 키리 12 · 폴리 11 · 엘세리아 나인 9 · D 8,11,1,0,0,1,0,3,4,0,J32,1,2,관계 1 · 신념 1,1,0,,,,0
person:샛별,샛별,,4,21,13,48,0,48,0,0,140,19,ch17,d_main_17af_02,,470,153,ch47,64,라피 10 · 아니스 9 · 네온 8 · 엔더슨 7 · 세실 5,10,2,0,2,0,0,3,1,0,J8,0,0,,0,0,,,person:요한,0
person:모나,모나,,1,21,1,275,222,53,17,0,474,154,fl:persona_on_frontline,fl:persona_on_frontline_01,fl:persona_on_frontline,474,154,fl:persona_on_frontline,29,팬텀 21 · 곰 20 · 유키코 20 · 퀀시 20 · 퀸(마코토) 20,8,0,0,0,0,0,0,7,0,,2,1,관계 1,1,0,,,person:모르가나,0
person:맥스,맥스,,1,21,5,189,90,99,0,0,181,31,event_bowwowparadise,event_bowwowparadise_prologue,event_bowwowparadise,414,127,ch41,31,비스킷 20 · 네로 9 · 레오나 8 · 티미 7 · 리타 5,1,0,0,0,0,0,0,0,0,,1,1,신념 1,2,0,,,,0
person:도반,도반,,8,20,8,381,266,115,4,1,195,36,ch22,d_main_22_09,ch22,452,144,ch46,46,머스탱 9 · 버닝엄 9 · 도로시 8 · 로산나 8 · 목단 8,25,2,1,0,1,0,2,3,0,J7,4,4,관계 1 · 소속 1 · 신체 1 · 신념 1,1,0,,,,0
person:백학,백학,,2,20,2,1120,1017,103,16,1,448,142,fl:good_world,fl:good_world_00,fl:good_world,449,142,char:620,8,총사령관 7 · 사라 5 · 레오 4 · 크러스트 4 · 미란다 3,10,2,2,0,0,0,0,1,0,J18,4,3,관계 2 · 신념 1,2,0,O204,,,0
person:언노운,언노운,,3,20,6,50,0,50,0,0,275,66,ch28,d_main_28_08_e,,416,128,ch42,38,라피 16 · 아니스 16 · 네온 12 · 해머링 11 · 리버린 10,9,1,0,0,1,0,4,0,0,J12 J17,0,0,,0,0,,,person:관짝이 person:그레이브 person:에이브,0
person:레이블,레이블,,2,20,3,964,821,143,3,0,383,111,event_arcanearchive,event_arcanearchive_04_e,fl:sin_editor,431,135,char:582,7,아르카나 12 · 팬텀 11 · D 2 · 에닉 2 · 잉그리드 2,6,0,0,0,0,0,0,4,0,,5,4,성격 1 · 관계 3,4,0,,,,0
person:트리나,트리나,,2,20,4,576,447,129,5,0,345,93,event_secretgarden,event_secretgarden_prologue,fl:for_rest,458,146,fl:b-side_idol,24,플로라 12 · 리타 11 · 린네 8 · 센티 4 · 슈엔 3,6,0,0,0,0,0,0,3,0,,2,4,관계 2 · 신념 2,1,0,,,,0
person:에이다,에이다,,2,20,2,359,302,57,30,3,407,124,fl:reborn_evil,fl:reborn_evil_03,fl:reborn_evil,408,124,char:840,16,D 16 · 데이파라 8 · 폴리 8 · K 7 · 클레어 7,5,0,0,0,0,0,0,3,0,,0,1,관계 1,0,0,,,,0
person:리스,리스,,1,19,2,340,292,48,59,3,447,142,side:pretty_star,side:pretty_star_05,side:pretty_star,454,144,event_staranis1,18,아니스 19 · 민트 16 · 프리카 16 · 한슨 16 · 머스탱 13,10,0,0,0,0,0,0,5,0,J24,4,2,관계 1 · 신체 1,2,0,,,,0
person:제인,제인,,1,19,2,289,190,99,10,1,142,19,relic:니케제작보고서요약본,relic:니케제작보고서요약본_00,fl:lie_cause_recoil,438,138,fl:lie_cause_recoil,13,치사토 18 · 타키나 16 · 밀크 15 · 슈가 15 · 쿠루미 15,8,0,0,0,0,0,0,4,0,J45,4,4,관계 3 · 신념 1,1,0,,,,0
person:아크레인저_레드,아크레인저 레드,,1,19,2,359,320,39,3,1,298,74,event_darkhero,event_darkhero_03_e,fl:ark_ranger,462,148,fl:ark_ranger,25,아크레인저 블랙 19 · 아크레인저 블루 18 · 머스탱 10 · 호프 7 · 트로니 6,7,0,0,0,0,0,1,3,0,,3,2,관계 1 · 신념 1,1,0,,,,0
person:에피넬,에피넬,,1,19,7,396,314,82,0,0,102,17,char:32,ep:d_nikke_miranda_02,char:241,332,89,event_lifeagain,18,루마니 13 · 폴크방 12 · 나디아 7 · 메어리 5 · 머스탱 2,6,0,0,0,0,0,0,0,0,,3,2,관계 1 · 신념 1,0,0,,,,0
person:클레어,클레어,,2,19,2,374,328,46,0,0,407,124,fl:reborn_evil,fl:reborn_evil_05,fl:reborn_evil,409,124,char:842,13,키리 19 · 미란다 14 · 데이파라 12 · 질 12 · 폴리 12,4,0,0,0,0,0,0,1,0,,1,0,,0,0,,,,0
person:질,질,,2,19,2,263,215,48,0,0,407,124,fl:reborn_evil,fl:reborn_evil_05,fl:reborn_evil,410,125,char:841,13,미란다 18 · 키리 13 · 클레어 12 · 폴리 10 · 데이파라 7,2,0,0,0,0,0,0,0,0,,1,0,,0,0,,,,0
person:헤르민,헤르민,,1,18,1,415,368,47,6,1,387,113,event_ce006,event_ce006_2_01_s,event_ce006,387,113,event_ce006,21,라피 11 · 아니스 11 · 일레그 11 · 네온 10 · 릴리 10,14,0,0,0,0,0,0,7,1,J8 J57,2,4,관계 1 · 신체 1 · 신념 2,0,0,,,,0
person:아크레인저_블루,아크레인저 블루,,1,18,1,215,210,5,0,0,462,148,fl:ark_ranger,fl:ark_ranger_00,fl:ark_ranger,462,148,fl:ark_ranger,24,아크레인저 레드 18 · 아크레인저 블랙 18 · 머스탱 10 · 호프 7 · 목단 5,3,0,0,0,0,0,0,1,0,,3,1,신념 1,0,0,,,,0
person:프린세스,프린세스,,2,17,3,557,426,131,57,4,428,133,fl:ark_guardian,fl:ark_guardian_17,ch43,457,145,char:18,12,빅 마담 11 · 스톨 3세 11 · 프리 랫 6 · 네온 4 · 엔더슨 3,14,1,1,0,0,0,0,11,0,J5 J18,3,5,성격 1 · 관계 2 · 신체 1 · 신념 1,9,0,,,,0
person:스윗_조니,스윗 조니,,2,17,2,272,272,0,15,0,175,28,event_maidinvalentine,event_maidinvalentine_03_e,event_maidinvalentine,355,99,event_romanticvalentine,18,마스트 11 · 신 11 · 앵커 11 · 트로니 11 · 에이드 8,3,0,0,0,0,0,0,3,0,,1,2,소속 1 · 신념 1,0,0,,,,0
person:펭군_1호,펭군 1호,,0,17,2,89,51,38,0,0,464,149,fl:wave_to_you,fl:wave_to_you_07,fl:wave_to_you,465,149,char:515,16,신데렐라 17 · 라피 14 · 마르차나 13 · 그레이브 9 · 나가 8,2,0,0,0,0,0,0,0,0,,0,0,,0,0,,,,0
person:요요,요요,,1,16,1,287,205,82,0,0,454,144,event_staranis1,event_staranis1_03_s,event_staranis1,454,144,event_staranis1,15,아니스 14 · 한슨 14 · 민트 13 · 프리카 13 · 리스 11,11,0,0,0,0,0,0,10,0,J24,3,4,관계 2 · 소속 1 · 신체 1,4,0,,,,0
person:앨든,앨든,,2,16,3,275,88,187,274,15,404,122,fl:coins_in_rush,fl:coins_in_rush_02,fl:persona_on_frontline,474,154,fl:persona_on_frontline,33,에이드 10 · 밀크 8 · 머스탱 7 · 엑시아 7 · 루주 6,8,1,1,0,0,0,0,10,0,J60,2,3,성격 1 · 관계 2,0,0,,,,0
person:메카_시프티,메카 시프티,,1,16,1,343,284,59,0,0,369,106,event_foolburstday,event_foolburstday_01,event_foolburstday,369,106,event_foolburstday,20,시프티 11 · 엑시아 2 · 일레그 2 · 네온 1 · 노벨 1,2,0,0,0,0,0,0,0,0,,0,0,,0,0,,,,0
person:나루_3호,나루 3호,,0,16,8,24,18,6,0,0,203,36,char:392,ep:d_nikke_rei_01,char:392,475,154,char:872,19,라이 15 · 아인 14 · 츠바이 14 · 나루 1호 13 · 나루 2호 11,1,0,0,0,0,0,0,0,0,,0,0,,0,0,,,,0
person:루루,루루,,1,16,2,301,140,161,0,0,155,21,char:203,ep:d_nikke_rupee_wintershopper_02,event_nyanyaparadise,212,42,event_nyanyaparadise,10,네로 14 · 비스킷 4 · 레오나 3 · 맥스 2 · 티미 2,1,0,0,0,0,0,0,0,0,,0,0,,0,0,,,,0
person:잉크,잉크,,1,15,7,175,155,20,59,4,214,43,ch23,d_main_23af_02,erelic:red_ash_mini,436,138,ch44,39,길로틴 8 · 메이든 7 · 잉그리드 5 · 볼륨 4 · 슈엔 4,5,0,0,0,0,0,0,2,0,J16 J17,2,0,,0,0,,,,0
person:나디아,나디아,,1,15,1,532,366,166,0,0,332,89,event_lifeagain,event_lifeagain_prologue,event_lifeagain,332,89,event_lifeagain,5,루마니 15 · 에피넬 7 · 폴크방 7 · 토브 2 · 시그널 1,1,0,0,0,0,0,0,0,0,,0,0,,0,0,,,,0
person:그레그레,그레그레,,0,15,6,34,4,30,0,0,358,101,ch35,d_main_35_01,fl:great_villain_union,478,156,fl:great_villain_union,28,드레이크 15 · 그레이브 13 · 라플라스 12 · 신데렐라 12 · 맥스웰 11,0,0,0,0,0,0,0,0,0,,0,0,,0,0,,,,0
person:총사령관,총사령관,,1,14,7,58,0,58,48,5,80,17,ch16,d_main_16_04,,452,144,ch46,29,백학 7 · 사라 4 · 네온 3 · 아니스 3 · 엔더슨 3,7,1,1,0,0,0,0,3,0,J3 J18,1,0,,0,0,,,,0
person:피노키오,피노키오,,2,14,5,133,71,62,31,5,397,118,relic:정갈하게쓴기록,relic:정갈하게쓴기록_03,ch40,416,128,ch42,34,랩칠리언 14 · 라피 9 · 라플라스 7 · 레비아탄 7 · 리버렐리오 7,4,1,1,0,0,0,0,3,0,J26,3,0,,0,0,,,,0
person:N102,N102,,1,14,2,381,381,0,0,0,137,17,char:120,ep:d_nikke_n102_01,char:120,153,21,event_miraclesnow1,13,루피 9 · 메이든 3 · 안젤리나 3 · 엑시아 3 · 슈가 2,3,1,1,0,0,0,0,0,0,J43,0,0,,0,0,,,person:앤,0
person:시엘로,시엘로,,2,14,4,148,134,14,2,0,391,115,event_overthehorizon,event_overthehorizon_01_s,event_overthehorizon,472,154,ch48,36,소라 14 · 스카이 10 · 라피 9 · 네온 8 · 아니스 7,3,0,0,0,0,0,0,0,0,,2,0,,0,0,,,,0
person:나루_1호,나루 1호,,0,14,8,17,17,0,0,0,203,36,char:392,ep:d_nikke_rei_01,char:392,475,154,char:872,18,라이 14 · 나루 3호 13 · 아인 13 · 츠바이 13 · 나루 2호 11,1,0,0,0,0,0,0,0,0,,0,0,,0,0,,,,0
person:엔메,엔메,,1,13,1,245,211,34,6,1,467,151,fl:project_matis,fl:project_matis_01,fl:project_matis,467,151,fl:project_matis,12,맥스웰 13 · 슈엔 13 · 지엔 12 · 라라 4 · 라플라스 4,17,0,0,0,0,0,0,5,0,J22,2,0,,4,0,,,,0
person:제니퍼,제니퍼,,1,13,2,273,239,34,7,0,79,16,sub:제니퍼f_00,sub:제니퍼f_00,fl:lie_cause_recoil,438,138,fl:lie_cause_recoil,14,치사토 12 · 제인 11 · 프림 11 · 쿠루미 10 · 타키나 10,7,1,1,0,0,0,0,4,0,J45,0,2,관계 1 · 소속 1,3,0,,,person:제니퍼f!,0
person:진,진,,4,13,7,284,284,0,0,0,195,36,ch22,d_main_22_08,ch22,436,138,ch44,18,목단 13 · 로산나 7 · 사쿠라 7 · 슈가 5 · 도반 3,6,0,0,0,0,0,0,0,0,,2,0,,0,0,,,,0
person:아리아,아리아,,1,13,5,326,294,32,2,0,89,17,char:430,ep:d_nikke_noise_01,char:432,426,131,char:75,27,노이즈 8 · 볼륨 6 · 아니스 6 · 네온 5 · 머스탱 5,4,0,0,0,0,0,0,0,0,,3,2,관계 1 · 신념 1,0,0,,,,0
person:스카이,스카이,,1,13,5,104,88,16,0,0,373,108,ch37,d_main_37_08_s,event_overthehorizon,472,154,ch48,38,소라 11 · 시엘로 10 · 라피 9 · 네온 7 · 아니스 7,1,0,0,0,0,0,0,0,0,,2,1,관계 1,0,0,,,,0
person:엔드리스,엔드리스,,3,12,6,197,100,97,5,1,396,118,ch39,d_main_39_af_01,ch45,470,153,ch47,42,에닉 10 · 아니스 9 · 네온 8 · 이터니티 8 · E.H. 7,16,1,0,1,0,0,3,0,1,J16,0,0,,0,0,,,,0
person:VII,VII,,1,12,2,119,104,15,6,1,385,112,event_lordforjustice,event_lordforjustice_prologue,event_lordforjustice,407,124,fl:reborn_evil,16,K 12 · X 7 · D 6 · 목단 6 · 데이파라 2,11,0,0,0,0,0,0,0,0,,0,0,,0,0,,,,0
person:X,X,,2,12,2,144,127,17,32,6,385,112,event_lordforjustice,event_lordforjustice_prologue,event_lordforjustice,407,124,fl:reborn_evil,19,K 10 · D 8 · VII 7 · 데이파라 6 · 에이다 5,11,0,0,0,0,0,0,2,0,J17 J32,0,0,,0,0,,,,0
person:아이리,아이리,,5,12,8,263,229,34,3,1,360,102,ch36,d_main_36_08_s,ch36,452,144,ch46,21,도로시 10 · 아비스타 9 · 아니스 8 · 네온 7 · 라피 3,9,0,0,0,0,0,0,3,0,J7,3,0,,1,0,,,,0
person:레인,레인,,1,12,2,99,58,41,5,2,438,138,fl:lie_cause_recoil,fl:lie_cause_recoil_09,fl:lie_cause_recoil,462,148,fl:ark_ranger,15,제인 11 · 치사토 11 · 타키나 10 · 밀크 9 · 슈가 9,7,0,0,0,0,0,0,2,0,J45,2,0,,2,0,,,,0
person:알프레드,알프레드,,1,12,1,296,269,27,0,0,393,116,fl:boom_the_ghost,fl:boom_the_ghost_13,fl:boom_the_ghost,393,116,fl:boom_the_ghost,18,라피 12 · 일레그 12 · 토브 8 · 센티 7 · 얀 7,6,0,0,0,0,0,0,2,0,,0,0,,0,0,,,,0
person:리안,리안,,2,12,7,168,150,18,0,0,69,15,ch14,d_main_14af_04,ch14,365,104,fl:for_rest,28,슈엔 10 · 플로라 5 · 네로 4 · 비스킷 4 · 레오나 3,5,0,0,0,0,0,0,0,0,,3,1,관계 1,0,0,,,,0
person:트리세라,트리세라,,1,12,2,167,118,49,0,0,234,50,event_schooloflock,event_schooloflock_intermission_01,event_schooloflock,319,82,event_colorless,12,마르차나 10 · 아인 8 · 츠바이 8 · 라이 7 · 에테르 4,4,0,0,0,0,0,0,1,0,,1,1,신념 1,2,0,,,,0
person:나루_2호,나루 2호,,0,12,7,17,16,1,0,0,203,36,char:392,ep:d_nikke_rei_01,char:392,475,154,char:872,17,라이 12 · 나루 1호 11 · 나루 3호 11 · 아인 11 · 츠바이 10,1,0,0,0,0,0,0,0,0,,0,0,,0,0,,,,0
person:스톨_3세,스톨 3세,,1,11,1,345,314,31,0,0,434,137,ch43,d_main_43_02,ch43,434,137,ch43,6,프린세스 11 · 빅 마담 10 · 프리 랫 5 · E.H. 1 · 엔더슨 1,10,0,0,0,0,0,0,8,0,J18,2,3,관계 2 · 신체 1,4,0,,,person:네온,0
person:아트,아트,,1,11,3,143,96,47,68,5,235,50,char:321,ep:d_nikke_marciana_03,event_ce006,445,141,fl:2x2_love_2ch,25,콤 8 · 헤르민 8 · 레이븐 6 · 프리바티 4 · 라푼젤 3,7,0,0,0,0,0,0,1,0,J57,1,2,신체 1 · 기억 1,2,0,,,,0
person:빅_마담,빅 마담,,1,11,1,87,55,32,0,0,434,137,ch43,d_main_43_02,ch43,434,137,ch43,4,프린세스 11 · 스톨 3세 10 · 프리 랫 6 · 엔더슨 1,4,0,0,0,0,0,0,1,0,,1,1,관계 1,0,0,,,,0
person:클로이,클로이,,1,11,1,206,178,28,0,0,347,94,event_icedragonsaga1,event_icedragonsaga1_04_e,event_icedragonsaga1,347,94,event_icedragonsaga1,18,길로틴 11 · 메이든 10 · 잉그리드 7 · 라플라스 4 · 베스티 4,4,0,0,0,0,0,0,4,0,,0,0,,3,0,,,,0
person:레이,레이,,1,11,3,65,33,32,0,0,323,84,char:831,ep:d_nikke_ce004_02_01,char:831,431,135,char:582,7,레이 (가칭) 5 · 아인 5 · 플로라 5 · 레이블 1 · 루피 1,1,1,1,0,0,0,0,0,0,J55,1,0,,1,0,,,,0
person:레이븐,레이븐,,1,11,2,341,302,39,0,0,387,113,event_ce006,event_ce006_3_01_s,event_ce006,390,114,char:851,10,콤 11 · 아트 6 · 헤르민 6 · 라푼젤 3 · 스노우 화이트 3,2,0,0,0,0,0,0,0,0,,1,1,관계 1,0,0,,,,0
person:앨트루이아,앨트루이아,,2,10,3,111,75,36,0,0,436,138,ch44,d_main_44_08_s,ch44,472,154,ch48,33,스노우 화이트 9 · 리버렐리오 8 · 퀸 8 · 에고비스타 7 · 라피 6,8,0,0,0,0,0,0,1,0,J13,4,0,,0,0,,,,0
person:엘세리아_나인,엘세리아 나인,,2,10,3,103,64,39,20,2,407,124,fl:reborn_evil,fl:reborn_evil_00,fl:reborn_evil,409,124,char:842,12,데이파라 9 · 폴리 7 · 에이다 6 · D 5 · 클레어 5,7,0,0,0,0,0,0,3,0,,0,2,관계 1 · 신념 1,0,0,,,,0
person:카밀라,카밀라,,1,10,1,189,160,29,0,0,282,67,event_killthelord,event_killthelord_prologue,event_killthelord,282,67,event_killthelord,9,D 9 · K 4 · 로산나 4 · 네온 1 · 라피 1,5,0,0,0,0,0,0,3,0,,0,0,,0,0,,,,0
person:안젤리나,안젤리나,,1,10,1,213,199,14,0,0,153,21,event_miraclesnow1,event_miraclesnow2_02_s,event_miraclesnow1,153,21,event_miraclesnow1,7,루피 10 · 앤 10 · 슈엔 5 · N102 3 · 엑시아 2,4,0,0,0,0,0,0,2,0,,0,0,,1,0,,,,0
person:아스카,아스카,,2,10,2,332,287,45,0,0,322,83,char:830,ep:d_nikke_ce004_01_01,char:830,363,102,char:835,5,츠바이 5 · 트로니 4 · 마나 3 · 일레그 3 · 아크레인저 블랙 1,2,1,1,0,0,0,0,0,0,J55,1,2,성격 1 · 관계 1,1,0,,,,0
person:마린,마린,,1,10,2,75,36,39,1,0,251,55,event_redash,event_redash1_01_e,event_claymore,303,77,event_claymore,12,클레이 9 · 밀크 8 · 베이 5 · D 1 · 도로시 1,2,0,0,0,0,0,0,0,0,,0,0,,0,0,,,,0
person:솔져_E.G.,솔져 E.G.,,1,10,2,71,65,6,5,2,176,28,char:311,ep:d_nikke_cocoa_05,char:311,400,119,fl:absolute,17,시그널 9 · 엠마 8 · 은화 8 · 델타 7 · 베스티 7,1,0,0,0,0,0,0,1,0,,0,0,,0,0,,,,0
person:D.E.E.P.,D.E.E.P.,,4,9,7,120,95,25,4,1,350,96,event_footstepwalkrun1,event_footstepwalkrun2_intermission_01,event_footstepwalkrun1,436,138,ch44,38,지엔 5 · 네온 4 · 라피 4 · 에닉 3 · 에테르 3,16,5,1,4,0,0,6,3,0,J2 J17 J18 J19,0,0,,0,0,,,,0
person:애니힐리오,애니힐리오,,3,9,3,48,5,43,0,0,462,148,fl:ark_ranger,fl:ark_ranger_25,fl:ark_ranger,472,154,ch48,50,라피 6 · 퀸 6 · 네온 5 · 소라 5 · 시엘로 5,9,2,1,1,0,0,1,2,0,J13 J20,0,0,,0,0,,,,0
person:이터니티,이터니티,,3,9,6,42,0,42,5,1,396,118,ch39,d_main_39_af_01,,470,153,ch47,35,엔드리스 8 · E.H. 7 · 에닉 7 · 바이퍼 6 · 아니스 6,9,1,0,1,0,0,4,1,1,J16,1,0,,1,0,,,,0
person:람,람,,1,9,3,87,60,27,0,0,171,26,char:401,ep:d_nikke_sin_02,char:822,432,136,fl:fatal_maid,14,코코아 6 · 마나 4 · 신 4 · 네온 1 · 도라 1,1,0,0,0,0,0,0,0,0,,1,0,,1,0,,,,0
person:펭군_4호,펭군 4호,,0,9,1,43,37,6,0,0,464,149,fl:wave_to_you,fl:wave_to_you_07,fl:wave_to_you,464,149,fl:wave_to_you,16,리틀 머메이드 9 · 마르차나 9 · 나가 8 · 신데렐라 8 · 티아 8,1,0,0,0,0,0,0,0,0,,0,0,,0,0,,,,0
person:엘리시온_하퍼,엘리시온 하퍼,,1,9,3,142,130,12,0,0,195,36,ch22,d_main_22_09,fl:enter_heaven,442,140,fl:enter_heaven,20,멜런 3 · 엘리시온 프랑카 3 · 잉그리드 3 · 크로우 3 · 바이퍼 2,0,0,0,0,0,0,0,0,0,,0,0,,0,0,,,person:E.H.,0
person:에고비스타,에고비스타,,2,8,3,100,67,33,1,1,452,144,ch46,d_main_46_10,ch46,472,154,ch48,33,리버렐리오 7 · 스노우 화이트 7 · 앨트루이아 7 · 레비아탄 6 · 지즈 6,7,0,0,0,0,0,0,3,0,J13,2,0,,0,0,,,,0
person:루시안,루시안,,1,8,1,143,115,28,7,1,425,131,fl:terminus_ticket,fl:terminus_ticket_10,fl:terminus_ticket,425,131,fl:terminus_ticket,8,노라 8 · 디젤 7 · 솔린 7 · 네로 4 · 브리드 4,3,0,0,0,0,0,0,0,0,J58,0,0,,2,0,,,,0
person:린네,린네,,1,8,1,129,83,46,10,0,365,104,fl:for_rest,fl:for_rest_01,fl:for_rest,365,104,fl:for_rest,11,트리나 8 · 리타 7 · 플로라 6 · 비스킷 2 · 조쉬 허밋 2,3,0,0,0,0,0,0,3,0,,0,0,,0,0,,,,0
person:펭군_2호,펭군 2호,,1,8,1,35,17,18,0,0,464,149,fl:wave_to_you,fl:wave_to_you_07,fl:wave_to_you,464,149,fl:wave_to_you,14,라피 8 · 마르차나 8 · 신데렐라 8 · 펭군 1호 8 · 그레이브 5,2,0,0,0,0,0,0,0,0,,0,0,,0,0,,,,0
person:호프,호프,,1,8,2,90,32,58,0,0,25,6,relic:통화기록028594,relic:통화기록028594_00,fl:ark_ranger,462,148,fl:ark_ranger,18,아크레인저 레드 7 · 아크레인저 블랙 7 · 아크레인저 블루 7 · 머스탱 3 · 드레이크 2,2,0,0,0,0,0,0,1,0,,0,0,,0,0,,,,0
person:펭군_3호,펭군 3호,,0,8,1,27,14,13,0,0,464,149,fl:wave_to_you,fl:wave_to_you_07,fl:wave_to_you,464,149,fl:wave_to_you,16,그레이브 8 · 모리 8 · 라피 7 · 마르차나 7 · 신데렐라 7,1,0,0,0,0,0,0,0,0,,0,0,,0,0,,,,0
person:마오,마오,,1,7,1,32,0,32,13,2,393,116,fl:boom_the_ghost,fl:boom_the_ghost_02,,393,116,fl:boom_the_ghost,13,도로시 7 · 라피 7 · 일레그 7 · 피나 6 · 알프레드 4,4,0,0,0,0,0,0,0,0,,0,0,,0,0,,,,0
person:조셉,조셉,,1,7,1,136,130,6,14,1,169,26,event_doutsiders,event_doutsiders_prologue,event_doutsiders,169,26,event_doutsiders,4,바이퍼 6 · 자칼 6 · 크로우 5 · 시그널 1,3,1,1,0,0,0,0,1,0,J14,0,0,,0,0,,,,0
person:라라,라라,,1,7,3,29,6,23,0,0,116,17,char:432,ep:d_nikke_aria_05,fl:project_matis,467,151,fl:project_matis,15,맥스웰 5 · 슈엔 5 · 지엔 5 · 엔메 4 · 드레이크 2,2,0,0,0,0,0,0,1,0,,0,0,,0,0,,,,0
person:레오,레오,,1,7,2,19,0,19,0,0,448,142,fl:good_world,fl:good_world_09,,474,154,fl:persona_on_frontline,26,백학 4 · 곰 3 · 모나 3 · 미란다 3 · 아이기스 3,2,0,0,0,0,0,0,0,0,,0,0,,0,0,,,,0
person:모르가나,모르가나,,1,7,2,90,67,23,0,0,474,154,fl:persona_on_frontline,fl:persona_on_frontline_26,fl:persona_on_frontline,476,154,char:870,24,퀸(마코토) 7 · 팬텀 5 · 레오나 4 · 티미 4 · 에이드 3,2,0,0,0,0,0,0,0,0,,0,0,,0,0,,,person:모나,0
person:그레이,그레이,,0,7,2,26,9,17,0,0,99,17,char:102,ep:d_nikke_maxwell_01,event_lionheart,263,61,event_lionheart,9,레오나 6 · 비스킷 6 · 루비 5 · 티미 5 · 네로 2,1,0,0,0,0,0,0,0,0,,0,0,,0,0,,,,0
person:JohnD,JohnD,,2,6,4,12,0,12,0,0,80,17,ch16,d_main_16_10,,195,36,ch22,16,슈엔 4 · 크로우 3 · 라피 2 · 아니스 2 · 에닉 2,4,1,0,1,0,0,1,2,1,J21,0,0,,0,0,,,,0
person:멜런,멜런,,1,6,1,42,38,4,8,4,442,140,fl:enter_heaven,fl:enter_heaven_04,fl:enter_heaven,442,140,fl:enter_heaven,8,E.H. 6 · 크로우 4 · 바이퍼 3 · 엘리시온 하퍼 3 · 자칼 3,3,0,0,0,0,0,0,1,0,,0,0,,0,0,,,,0
person:프리_랫,프리 랫,,1,6,1,146,130,16,0,0,434,137,ch43,d_main_43_03,ch43,434,137,ch43,4,빅 마담 6 · 프린세스 6 · 스톨 3세 5 · 엔더슨 1,3,0,0,0,0,0,0,2,0,,2,3,관계 2 · 신체 1,0,0,,,,0
person:렘,렘,,1,6,2,144,109,35,0,0,284,68,char:822,ep:d_nikke_ce_003_03_05,char:822,286,69,char:820,7,디젤 5 · 브리드 5 · 솔린 5 · 코코아 4 · 에이드 3,1,0,0,0,0,0,0,0,0,,1,0,,0,0,,,,0
person:모건,모건,,0,6,2,23,11,12,0,0,224,44,event_goldenship,event_goldenship_01_s,event_goldenship,225,44,char:350,9,마스트 6 · 잭 로우 3 · 앵커 2 · 프림 2 · 라피 1,0,0,0,0,0,0,0,0,0,,0,0,,0,0,,,,0
person:세르반,세르반,,4,5,5,271,256,15,5,1,11,4,sub:세르반_00,sub:세르반_00,sub:세르반_00,436,138,ch44,11,네온 4 · 버닝엄 4 · 아니스 4 · 라피 3 · 엔더슨 2,10,1,0,0,1,0,2,4,2,J39,2,3,성격 1 · 관계 2,0,0,O111,,,0
person:라이온,라이온,,3,5,3,104,76,28,0,0,396,118,ch39,d_main_39_af_04,ch44,436,138,ch44,12,E.H. 5 · 바이퍼 5 · 네온 4 · 미세스 미스 4 · 자칼 4,5,1,0,0,1,0,1,0,3,J17,0,0,,0,0,,,,0
person:마키마,마키마,,1,5,1,28,17,11,0,0,178,30,char:800,ep:d_nikke_c_1_01,char:800,178,30,char:800,4,애드미 3 · 율하 3 · 프리바티 3 · 엔더슨 2,2,0,0,0,0,0,0,0,0,,1,0,,0,0,,,,0
person:미사토,미사토,,1,5,1,113,107,6,0,0,321,83,char:833,ep:d_nikke_ce004_04_01,char:833,321,83,char:833,1,마르차나 5,1,1,1,0,0,0,0,0,0,J55,1,0,,0,0,,,,0
person:사라,사라,,1,5,1,68,55,13,0,0,448,142,fl:good_world,fl:good_world_05,fl:good_world,448,142,fl:good_world,5,백학 5 · 총사령관 4 · 레오 2 · 올리버 2 · 프리티 1,2,0,0,0,0,0,0,0,0,,0,0,,0,0,,,,0
person:솔져_F.A.,솔져 F.A.,,1,5,2,17,12,5,4,1,176,28,char:311,ep:d_nikke_cocoa_05,char:311,400,119,fl:absolute,16,솔져 E.G. 5 · 베스티 4 · 시그널 4 · 엠마 4 · 은화 4,2,0,0,0,0,0,0,1,0,,0,0,,0,0,,,,0
person:조쉬_허밋,조쉬 허밋,,1,5,2,92,83,9,17,0,98,17,char:82,ep:d_nikke_liter_05,fl:for_rest,365,104,fl:for_rest,13,리타 5 · 볼트 3 · 린네 2 · 센티 2 · 트리나 2,2,0,0,0,0,0,1,2,0,,0,0,,0,0,,,,0
person:히메노,히메노,,1,5,1,128,93,35,0,0,180,30,char:802,ep:d_nikke_c_3_01,char:802,180,30,char:802,5,미란다 5 · 폴리 5 · 노이즈 1 · 드레이크 1 · 하야카와 아키 1,2,0,0,0,0,0,0,0,0,,1,0,,0,0,,,,0
person:P-12,P-12,,1,5,1,147,129,18,0,0,233,49,char:811,ep:d_nikke_ce_02_02_01,char:811,233,49,char:811,1,A2 5,1,0,0,0,0,0,0,0,0,,0,1,신념 1,0,0,,,,0
person:레이_(가칭),레이 (가칭),,1,5,1,94,94,0,0,0,364,103,char:834,ep:d_nikke_ce005_01_01,char:834,364,103,char:834,3,레이 5 · 플로라 5 · 마스트 1,1,0,0,0,0,0,0,0,0,,0,1,성격 1,0,0,,,,0
person:루비,루비,,0,5,1,30,6,24,0,0,263,61,event_lionheart,event_lionheart_02_s,event_lionheart,263,61,event_lionheart,7,그레이 5 · 레오나 5 · 비스킷 5 · 티미 5 · 네로 2,1,0,0,0,0,0,0,0,0,,0,0,,0,0,,,,0
person:마리,마리,,1,5,1,106,106,0,0,0,324,85,char:832,ep:d_nikke_ce004_03_01,char:832,324,85,char:832,7,라이 5 · 아인 2 · 츠바이 2 · 나루 1호 1 · 나루 2호 1,1,0,0,0,0,0,0,0,0,,1,1,관계 1,1,0,,,,0
person:베아트리체,베아트리체,,1,5,1,142,39,103,0,0,182,31,char:381,ep:d_nikke_biscuit_01,char:381,182,31,char:381,7,비스킷 5 · 폴리 2 · 네로 1 · 레오나 1 · 리타 1,1,0,0,0,0,0,0,0,0,,0,0,,0,0,,,,0
person:사쿠라_콜라보,사쿠라,,1,5,1,168,130,38,0,0,362,102,char:836,ep:d_nikke_ce005_03_01,char:836,362,102,char:836,2,메어리 4 · 페퍼 3,1,0,0,0,0,0,0,0,0,,1,1,신념 1,0,0,,,,0
person:카르히,카르히,,1,5,2,7,2,5,0,0,234,50,event_schooloflock,event_schooloflock_06_e,event_colorless,319,82,event_colorless,7,아인 5 · 츠바이 5 · 라이 4 · 트리세라 4 · 마르차나 2,1,0,0,0,0,0,0,1,0,,0,0,,0,0,,,,0
person:파워,파워,,1,5,1,130,109,21,0,0,179,30,char:801,ep:d_nikke_c_2_01,char:801,179,30,char:801,7,드레이크 5 · 네온 1 · 라피 1 · 미란다 1 · 아니스 1,1,0,0,0,0,0,0,0,0,,1,0,,0,0,,,,0
person:2B,2B,,1,5,1,77,69,8,0,0,231,48,char:810,ep:d_nikke_ce_02_01_01,char:810,231,48,char:810,7,라피 5 · 9S 2 · 6000-D 1 · B-0006 1 · C-1002 1,0,0,0,0,0,0,0,0,0,,2,0,,0,0,,,,0
person:A2,A2,,1,5,1,70,47,23,0,0,233,49,char:811,ep:d_nikke_ce_02_02_01,char:811,233,49,char:811,1,P-12 5,0,0,0,0,0,0,0,0,0,,1,0,,0,0,,,,0
person:T.Rony,T.Rony,,0,5,3,35,30,5,0,0,280,66,event_boomsday,event_boomsday_01_s,event_boomsday,304,77,char:551,10,트로니 5 · 일레그 4 · 아크레인저 블랙 2 · 엑시아 2 · K 1,0,0,0,0,0,0,0,0,0,,0,0,,0,0,,,,0
person:디젤의_동생,디젤의 동생,,0,5,2,41,15,26,40,4,93,17,char:72,ep:d_nikke_diesel_01,char:72,425,131,fl:terminus_ticket,9,디젤 5 · 엔더슨 3 · 브리드 2 · 솔린 2 · 네온 1,0,0,0,0,0,0,0,1,0,,0,0,,0,0,,,,0
person:에밀리아,에밀리아,,1,5,1,143,112,31,0,0,285,68,char:821,ep:d_nikke_ce_003_02_01,char:821,285,68,char:821,6,에이드 5 · 디젤 4 · 소다 2 · 코코아 2 · 브리드 1,0,0,0,0,0,0,0,0,0,,1,1,신념 1,0,0,,,,0
person:파스칼,파스칼,,1,5,1,136,120,16,0,0,232,48,char:812,ep:d_nikke_ce_02_03_01,char:812,232,48,char:812,0,,0,0,0,0,0,0,0,0,0,,1,0,,0,0,,,,0
person:트레저_헌터,트레저 헌터,,4,4,4,223,211,12,0,0,12,4,sub:트레저_헌터_00,sub:트레저_헌터_00,sub:트레저_헌터_00,83,17,sub:트레저_헌터_03,3,네온 4 · 라피 4 · 아니스 4,5,1,0,0,1,1,3,4,0,J37,1,1,관계 1,0,0,,,,0
person:로지,로지,,1,4,3,15,0,15,0,0,414,127,ch41,d_main_41_af_05,,450,143,ch45,19,E.H. 4 · 리버린 4 · 식스오 4 · 에닉 3 · #000000 2,4,1,1,0,0,0,0,0,0,J17,0,0,,0,0,,,,0
person:방주_난민,방주 난민,,4,4,4,260,248,12,2,0,74,15,sub:방주_난민_00,sub:방주_난민_00,sub:방주_난민_00,81,17,sub:방주_난민_03,3,네온 4 · 라피 4 · 아니스 4,5,0,0,0,0,0,0,0,2,,0,1,관계 1,0,0,,,,0
person:웬디,웬디,,1,4,1,155,149,6,0,0,350,96,event_footstepwalkrun1,event_footstepwalkrun1_04_e,event_footstepwalkrun1,350,96,event_footstepwalkrun1,6,라피 4 · 리오 4 · 프리티 3 · 머스탱 1 · 샛별 1,4,0,0,0,0,0,1,1,0,J24,0,0,,0,0,,,,0
person:루크,루크,,1,4,1,79,69,10,0,0,462,148,fl:ark_ranger,fl:ark_ranger_20,fl:ark_ranger,462,148,fl:ark_ranger,20,머스탱 4 · 아크레인저 레드 4 · 아크레인저 블랙 4 · 아크레인저 블루 4 · 드레이크 3,3,0,0,0,0,0,0,0,0,,1,2,관계 1 · 신념 1,0,0,,,,0
person:리오,리오,,1,4,1,189,160,29,0,0,350,96,event_footstepwalkrun1,event_footstepwalkrun1_04_e,event_footstepwalkrun1,350,96,event_footstepwalkrun1,6,라피 4 · 웬디 4 · 프리티 3 · 머스탱 1 · 샛별 1,3,0,0,0,0,0,1,0,0,J24,0,0,,0,0,,,,0
person:사토우,사토우,,1,4,1,34,27,7,0,0,176,28,char:311,ep:d_nikke_cocoa_02,char:311,176,28,char:311,10,코코아 4 · 소다 3 · 메이슨 박사 2 · 잉그리드 2 · D 1,3,0,0,0,0,0,0,0,0,,0,0,,0,0,,,,0
person:칼슨,칼슨,,1,4,2,148,134,14,0,0,398,119,ch40,d_main_40_af_01,ch40,436,138,ch44,17,E.H. 4 · 바이퍼 4 · 네온 3 · 라이온 3 · 미세스 미스 3,2,0,0,0,0,0,0,1,0,,0,0,,0,0,,,,0
person:관짝이,관짝이,,3,4,4,206,199,7,0,0,293,73,ch30,d_main_30_06_e,sub:관짝이_00,314,81,sub:관짝이_02,11,라피 4 · 신데렐라 4 · 네온 3 · 베히모스 3 · 아니스 3,1,0,0,0,0,0,0,0,0,,0,0,,0,0,,,person:그레이브 person:언노운 person:에이브,0
person:키티,키티,,0,4,4,8,5,3,0,0,106,17,char:91,ep:d_nikke_vesti_05,sub:문구점_00,403,121,char:94,11,베스티 3 · 엠마 2 · 은화 2 · 잉그리드 2 · 길로틴 1,1,0,0,0,0,0,0,0,0,,0,0,,0,0,,,,0
person:노란_올빼미,노란 올빼미,,0,4,1,22,16,6,0,0,127,17,char:92,ep:d_nikke_eunhwa_01,char:92,127,17,char:92,7,빨간 올빼미 4 · 은화 4 · 회색 올빼미 4 · 보라 올빼미 3 · 잉그리드 3,0,0,0,0,0,0,0,0,0,,0,0,,0,0,,,,0
person:브루스,브루스,,0,4,1,52,22,30,0,0,468,151,char:103,ep:d_nikke_laplace_ultimatehero_02,char:103,468,151,char:103,4,라플라스 4 · 비스킷 4 · 코코아 3 · 맥스웰 1,0,0,0,0,0,0,0,0,0,,0,0,,0,0,,,,0
person:빨간_올빼미,빨간 올빼미,,0,4,1,18,13,5,0,0,127,17,char:92,ep:d_nikke_eunhwa_01,char:92,127,17,char:92,7,노란 올빼미 4 · 은화 4 · 회색 올빼미 4 · 보라 올빼미 3 · 잉그리드 3,0,0,0,0,0,0,0,0,0,,0,0,,0,0,,,,0
person:잭_로우,잭 로우,,0,4,1,35,11,24,0,0,225,44,char:350,ep:d_nikke_mast_01,char:350,225,44,char:350,4,마스트 4 · 모건 3 · 라피 1 · 아니스 1,0,0,0,0,0,0,0,0,0,,0,0,,0,0,,,,0
person:회색_올빼미,회색 올빼미,,0,4,1,27,23,4,0,0,127,17,char:92,ep:d_nikke_eunhwa_01,char:92,127,17,char:92,7,노란 올빼미 4 · 빨간 올빼미 4 · 은화 4 · 보라 올빼미 3 · 잉그리드 3,0,0,0,0,0,0,0,0,0,,0,0,,0,0,,,,0
person:제인_밀러,제인 밀러,,3,3,3,20,11,9,0,0,21,6,sub:중앙_정부_공식__00,sub:중앙_정부_공식__00,sub:중앙_정부_공식__02,148,20,sub:중앙_정부_공식__02,3,네온 3 · 라피 3 · 아니스 3,6,2,0,2,0,0,2,2,1,J36,0,0,,0,0,,,,0
person:볼트_MK.II,볼트 MK.II,,4,3,3,22,22,0,1,0,44,10,sub:미실리스_연구팀_00,sub:미실리스_연구팀_00,sub:미실리스_연구팀_00,162,25,sub:미실리스_연구팀_02,6,네온 3 · 라피 3 · 리타 3 · 볼트 3 · 아니스 3,7,0,0,0,0,0,0,0,1,,0,0,,0,0,,,,0
person:칠리페퍼,칠리페퍼,,3,3,3,181,173,8,0,0,5,3,sub:칠리페퍼_00,sub:칠리페퍼_00,sub:칠리페퍼_00,70,15,sub:칠리페퍼_02,3,네온 3 · 라피 3 · 아니스 3,5,2,0,0,2,0,2,1,0,J35,1,1,관계 1,0,0,,,,0
person:엘리시온_프랑카,엘리시온 프랑카,,1,3,1,46,28,18,17,2,442,140,fl:enter_heaven,fl:enter_heaven_06,fl:enter_heaven,442,140,fl:enter_heaven,5,E.H. 3 · 엘리시온 하퍼 3 · 잉그리드 3 · 멜런 1 · 크로우 1,6,0,0,0,0,0,0,0,0,J21,0,0,,0,0,,,,0
person:콜렉터,콜렉터,,3,3,3,230,217,13,0,0,7,3,sub:콜렉터_00,sub:콜렉터_00,sub:콜렉터_00,216,43,sub:콜렉터_02,3,라피 3 · 아니스 3 · 네온 2,5,0,0,0,0,0,0,2,0,,1,2,관계 2,0,0,,,,0
person:ELYSION_Line._0,ELYSION Line. 0,,1,3,1,49,49,0,0,0,454,144,event_staranis1,event_staranis1_06_s,event_staranis1,454,144,event_staranis1,10,MISSILIS Line. 0 3 · 머스탱 3 · 요요 3 · 한슨 3 · 아니스 2,1,2,1,0,1,0,1,0,0,J24,0,0,,0,0,,,,0
person:MISSILIS_Line._0,MISSILIS Line. 0,,1,3,1,36,36,0,0,0,454,144,event_staranis1,event_staranis1_06_s,event_staranis1,454,144,event_staranis1,10,ELYSION Line. 0 3 · 머스탱 3 · 요요 3 · 한슨 3 · 아니스 2,1,2,1,0,1,0,1,0,0,J24,0,0,,0,0,,,,0
person:겐조,겐조,,1,3,1,81,74,7,0,0,185,32,char:282,ep:d_nikke_sakura_02,char:282,185,32,char:282,3,사쿠라 3 · 머스탱 1 · 키츠네 1,3,0,0,0,0,0,0,0,0,,0,0,,0,0,,,,0
person:시리얼,시리얼,,2,3,3,97,92,5,0,0,51,11,sub:시리얼_00,sub:시리얼_00,sub:시리얼_00,150,20,sub:시리얼_01,3,네온 2 · 라피 2 · 아니스 2,3,0,0,0,0,0,0,0,1,,1,0,,0,0,,,,0
person:#000000,#000000,,1,3,2,105,104,1,0,0,385,112,event_lordforjustice,event_lordforjustice_04_s,ch41,414,127,ch41,12,식스오 3 · E.H. 2 · 로지 2 · 리버린 2 · 에닉 2,2,0,0,0,0,0,0,0,0,J17,0,0,,0,0,,,,0
person:시니스터,시니스터,,1,3,3,12,4,8,0,0,36,8,sub:랩칠리언_04,sub:랩칠리언_04,sub:랩칠리언_04,143,19,sub:랩칠리언_06,9,네온 3 · 라피 3 · 랩칠리언 3 · 아니스 3 · 랜드크랩 2,2,0,0,0,0,0,0,0,0,,0,0,,0,0,,,,0
person:싹싹이,싹싹이,,1,3,1,24,16,8,1,1,393,116,fl:boom_the_ghost,fl:boom_the_ghost_06,fl:boom_the_ghost,393,116,fl:boom_the_ghost,13,라피 3 · 얀 3 · 일레그 3 · 토브 3 · 센티 2,2,0,0,0,0,0,0,1,0,,0,0,,0,0,,,,0
person:올리버,올리버,,1,3,1,44,32,12,0,0,448,142,fl:good_world,fl:good_world_07,fl:good_world,448,142,fl:good_world,4,백학 3 · 총사령관 3 · 사라 2 · 레오 1,2,0,0,0,0,0,0,0,0,,0,0,,0,0,,,,0
person:트리키_보이,트리키 보이,,1,3,2,64,57,7,0,0,414,127,ch41,d_main_41_af_02,ch41,416,128,ch42,14,민트 3 · 아니스 3 · 아비스타 3 · 프리카 3 · 네온 2,2,0,0,0,0,0,0,0,1,,0,0,,0,0,,,,0
person:뚝딱이,뚝딱이,,1,3,2,40,31,9,0,0,393,116,fl:boom_the_ghost,fl:boom_the_ghost_15,fl:boom_the_ghost,456,144,char:441,13,라피 2 · 센티 2 · 알프레드 2 · 일레그 2 · 꼼꼼이 1,1,0,0,0,0,0,0,1,0,,0,0,,0,0,,,,0
person:랜드크랩,랜드크랩,,0,3,3,10,3,7,0,0,27,7,sub:랩칠리언_03,sub:랩칠리언_03,sub:랩칠리언_03,143,19,sub:랩칠리언_06,9,랩칠리언 3 · 스퀴드 3 · 네온 2 · 라피 2 · 슈엔 2,1,0,0,0,0,0,0,0,0,,0,0,,0,0,,,,0
person:메이슨_박사,메이슨 박사,,0,3,1,22,20,2,4,0,176,28,char:311,ep:d_nikke_cocoa_01,char:311,176,28,char:311,11,코코아 3 · 사토우 2 · 소다 2 · D 1 · 네온 1,1,0,0,0,0,0,0,0,0,,0,0,,0,0,,,,0
person:스퀴드,스퀴드,,0,3,3,8,3,5,0,0,27,7,sub:랩칠리언_03,sub:랩칠리언_03,sub:랩칠리언_03,143,19,sub:랩칠리언_06,9,랜드크랩 3 · 랩칠리언 3 · 네온 2 · 라피 2 · 슈엔 2,1,0,0,0,0,0,0,0,0,,0,0,,0,0,,,,0
person:켈리,켈리,,0,3,1,30,11,19,4,0,445,141,fl:2x2_love_2ch,fl:2x2_love_2ch_58,fl:2x2_love_2ch,445,141,fl:2x2_love_2ch,2,아르카나 3 · 에이미 3,1,0,0,0,0,0,0,0,0,,0,0,,0,0,,,,0
person:피라,피라,,3,3,3,97,91,6,0,0,250,55,sub:피라_00,sub:피라_00,sub:피라_00,272,65,sub:피라_02,2,레드 후드 3 · 리타 1,1,0,0,0,0,0,0,0,0,,0,0,,0,0,,,person:라피,0
person:로잘린,로잘린,,0,3,1,24,24,0,0,0,114,17,char:22,ep:d_nikke_signal_02,char:22,114,17,char:22,4,시그널 3 · 실리아 2 · 올란도 2 · 델타 1,0,0,0,0,0,0,0,0,0,,0,0,,0,0,,,,0
person:보라_올빼미,보라 올빼미,,0,3,1,20,14,6,0,0,127,17,char:92,ep:d_nikke_eunhwa_02,char:92,127,17,char:92,7,노란 올빼미 3 · 빨간 올빼미 3 · 은화 3 · 회색 올빼미 3 · 잉그리드 2,0,0,0,0,0,0,0,0,0,,0,0,,0,0,,,,0
person:브라이언,브라이언,,0,3,2,9,0,9,0,0,432,136,fl:fatal_maid,fl:fatal_maid_11,,474,154,fl:persona_on_frontline,16,곰 2 · 모나 2 · 아이기스 2 · 앨든 2 · 유키코 2,0,0,0,0,0,0,0,1,0,,0,0,,0,0,,,,0
person:슈퍼_그레이트_히어로,슈퍼 그레이트 히어로,,0,3,1,25,21,4,0,0,467,151,fl:project_matis,fl:project_matis_01,fl:project_matis,467,151,fl:project_matis,7,슈엔 3 · 라플라스 2 · 맥스웰 2 · 비스킷 1 · 샛별 1,0,0,0,0,0,0,0,0,0,,0,0,,0,0,,,,0
person:파란_올빼미,파란 올빼미,,0,3,1,11,8,3,0,0,127,17,char:92,ep:d_nikke_eunhwa_01,char:92,127,17,char:92,7,노란 올빼미 3 · 빨간 올빼미 3 · 은화 3 · 회색 올빼미 3 · 보라 올빼미 2,0,0,0,0,0,0,0,0,0,,0,0,,0,0,,,,0
person:이안_맥스,이안 맥스,,2,2,2,3,0,3,0,0,276,66,sub:핸섬_커맨더_00,sub:핸섬_커맨더_00,,278,66,sub:MMR지킴이_00,7,네온 2 · 라피 2 · 아니스 2 · MMR지킴이 1 · 시프티 1,5,1,0,0,1,0,1,0,1,J52,0,1,관계 1,0,0,,,person:핸섬_커맨더,0
person:러블리_드림☆,러블리 드림☆,,2,2,2,158,154,4,0,0,61,13,sub:러블리_드림_00,sub:러블리_드림_00,sub:러블리_드림_00,161,25,sub:러블리_드림_01,4,네온 2 · 라피 2 · 아니스 2 · 머스탱 1,3,0,0,0,0,0,0,0,1,,0,0,,0,0,,,,0
person:레이첼_호프,레이첼 호프,,1,2,1,2,0,2,0,0,25,6,relic:통화기록028594,relic:통화기록028594_00,,25,6,relic:통화기록028594,1,호프 1,2,1,1,0,0,0,0,1,1,J14,0,0,,0,0,,,,0
person:마일즈,마일즈,,1,2,1,3,0,3,0,0,160,25,relic:데일리아크기사스크랩,relic:데일리아크기사스크랩_00,,160,25,relic:데일리아크기사스크랩,2,샛별 1 · 요한 1,2,1,0,1,0,0,2,0,0,J8,0,0,,0,0,,,,0
person:택티컬티택,택티컬티택,,2,2,2,102,98,4,0,0,244,54,sub:택틱컬틱택_00,sub:택틱컬틱택_00,sub:택틱컬틱택_00,245,54,sub:택틱컬틱택_01,5,네온 2 · 라피 2 · 아니스 2 · 레드 후드 1 · 모더니아 1,3,0,0,0,0,0,0,0,0,,0,0,,0,0,,,person:잉그리드,0
person:할아범,할아범,,2,2,2,97,92,5,0,0,42,9,sub:할아범_00,sub:할아범_00,sub:할아범_00,198,36,sub:할아범_01,3,네온 2 · 라피 2 · 아니스 2,3,0,0,0,0,0,0,1,1,,1,0,,0,0,,,,0
person:로망티스트,로망티스트,,2,2,2,89,84,5,0,0,165,26,sub:로망티스트_00,sub:로망티스트_00,sub:로망티스트_00,247,55,sub:로망티스트_01,3,네온 2 · 라피 2 · 아니스 2,2,0,0,0,0,0,0,2,1,,0,1,관계 1,0,0,,,,0
person:로스트_넘버,로스트 넘버,,1,2,1,27,0,27,22,1,252,55,erelic:red_ash_lost,erelic:red_ash_lost_15,,252,55,erelic:red_ash_lost,7,릴리바이스 2 · 엔더슨 2 · 도로시 1 · 라푼젤 1 · 레드 후드 1,2,0,0,0,0,0,0,1,0,,0,0,,0,0,,,,0
person:산해진미,산해진미,,2,2,2,107,103,4,0,0,57,12,sub:산해진미_00,sub:산해진미_00,sub:산해진미_00,243,54,sub:산해진미_01,5,네온 2 · 라피 2 · 아니스 2 · 곰 1 · 폴리 1,2,0,0,0,0,0,0,0,1,,0,0,,0,0,,,,0
person:거울_공주,거울 공주,,2,2,2,128,124,4,0,0,312,81,sub:거울_공주_00,sub:거울_공주_00,sub:거울_공주_00,315,81,sub:거울_공주_01,9,그레이브 2 · 네온 2 · 라피 2 · 아니스 2 · 그레텔 1,1,0,0,0,0,0,0,0,0,,0,0,,0,0,,,person:신데렐라 person:아나키오르,0
person:꼼꼼이,꼼꼼이,,1,2,1,17,13,4,0,0,393,116,fl:boom_the_ghost,fl:boom_the_ghost_15,fl:boom_the_ghost,393,116,fl:boom_the_ghost,12,라피 2 · 센티 2 · 알프레드 2 · 얀 2 · 일레그 2,1,0,0,0,0,0,0,1,0,,0,0,,0,0,,,,0
person:뮤직_마스터,뮤직 마스터,,1,2,2,13,12,1,0,0,54,12,sub:음악_애호가_00,sub:음악_애호가_00,sub:음악_애호가_00,249,55,sub:음악_애호가_01,5,네온 2 · 라피 2 · 아니스 2 · 율리아 2 · 음악 애호가 2,1,0,0,0,0,0,0,0,0,,0,0,,0,0,,,,0
person:미친개,미친개,,1,2,2,6,4,2,0,0,383,111,event_arcanearchive,event_arcanearchive_05_e,fl:absolute,400,119,fl:absolute,10,라피 1 · 베스티 1 · 베히모스 1 · 샛별 1 · 아르카나 1,1,0,0,0,0,0,0,1,0,,0,0,,0,0,,,,0
person:세이라,세이라,,0,2,1,92,88,4,0,0,350,96,event_footstepwalkrun1,event_footstepwalkrun1_03_e,event_footstepwalkrun1,350,96,event_footstepwalkrun1,1,라피 2,1,0,0,0,0,0,0,0,0,,0,0,,0,0,,,,0
person:지글이,지글이,,1,2,1,42,22,20,0,0,393,116,fl:boom_the_ghost,fl:boom_the_ghost_15,fl:boom_the_ghost,393,116,fl:boom_the_ghost,11,라피 2 · 센티 2 · 알프레드 2 · 얀 2 · 일레그 2,1,0,0,0,0,0,0,2,0,,0,0,,0,0,,,,0
person:팔팔이,팔팔이,,1,2,1,26,22,4,0,0,393,116,fl:boom_the_ghost,fl:boom_the_ghost_15,fl:boom_the_ghost,393,116,fl:boom_the_ghost,12,꼼꼼이 2 · 라피 2 · 센티 2 · 알프레드 2 · 얀 2,1,0,0,0,0,0,0,1,0,,0,0,,0,0,,,,0
person:프로덕트_23,프로덕트 23,,0,2,1,4,0,4,0,0,452,144,ch46,d_main_46_af_03,,452,144,ch46,10,네온 2 · 도로시 2 · 도반 2 · 라피 2 · 아니스 2,1,0,0,0,0,0,0,0,0,,0,0,,0,0,,,,0
person:핸섬_커맨더,핸섬 커맨더,,2,2,2,148,143,5,0,0,276,66,sub:핸섬_커맨더_00,sub:핸섬_커맨더_00,sub:핸섬_커맨더_00,277,66,sub:핸섬_커맨더_01,5,네온 2 · 라피 2 · 시프티 2 · 아니스 2 · 해머링 1,1,0,0,0,0,0,0,0,0,,0,0,,0,0,,,person:이안_맥스,0
person:9S,9S,,0,2,1,24,18,6,0,0,231,48,char:810,ep:d_nikke_ce_02_01_01,char:810,231,48,char:810,7,2B 2 · 라피 2 · 6000-D 1 · B-0006 1 · C-1002 1,0,0,0,0,0,0,0,0,0,,0,0,,1,0,,,,0
person:로키,로키,,0,2,1,3,1,2,0,0,181,31,event_bowwowparadise,event_bowwowparadise_05_e,event_bowwowparadise,181,31,event_bowwowparadise,8,릴리 2 · 맥스 2 · 부부 2 · 비스킷 2 · 조이 2,0,0,0,0,0,0,0,0,0,,0,0,,0,0,,,,0
person:버디,버디,,0,2,2,5,5,0,0,0,181,31,event_bowwowparadise,event_bowwowparadise_epilogue,event_bowwowparadise,238,52,char:451,13,맥스 2 · 비스킷 2 · 나가 1 · 네로 1 · 레오나 1,0,0,0,0,0,0,0,0,0,,0,0,,0,0,,,,0
person:부부,부부,,0,2,1,4,2,2,0,0,181,31,event_bowwowparadise,event_bowwowparadise_05_e,event_bowwowparadise,181,31,event_bowwowparadise,8,로키 2 · 릴리 2 · 맥스 2 · 비스킷 2 · 조이 2,0,0,0,0,0,0,0,0,0,,0,0,,0,0,,,,0
person:실리아,실리아,,0,2,1,22,20,2,0,0,114,17,char:22,ep:d_nikke_signal_02,char:22,114,17,char:22,4,로잘린 2 · 시그널 2 · 델타 1 · 올란도 1,0,0,0,0,0,0,0,0,0,,0,0,,0,0,,,,0
person:올란도,올란도,,0,2,1,5,5,0,0,0,114,17,char:22,ep:d_nikke_signal_04,char:22,114,17,char:22,3,로잘린 2 · 시그널 2 · 실리아 1,0,0,0,0,0,0,0,0,0,,0,0,,0,0,,,,0
person:음악_애호가,음악 애호가,,2,2,2,75,71,4,0,0,54,12,sub:음악_애호가_00,sub:음악_애호가_00,sub:음악_애호가_00,249,55,sub:음악_애호가_01,4,네온 2 · 라피 2 · 뮤직 마스터 2 · 아니스 2,0,0,0,0,0,0,0,0,0,,0,0,,0,0,,,person:율리아,0
person:점프만이살길,점프만이살길,,0,2,1,8,2,6,0,0,101,17,char:181,ep:d_nikke_maiden_03,char:181,101,17,char:181,7,메이든 2 · 총술사상향좀 2 · 길로틴 1 · 네온 1 · 아니스 1,0,0,0,0,0,0,0,0,0,,0,0,,0,0,,,,0
person:조이,조이,,0,2,1,2,1,1,0,0,181,31,event_bowwowparadise,event_bowwowparadise_05_e,event_bowwowparadise,181,31,event_bowwowparadise,8,로키 2 · 릴리 2 · 맥스 2 · 부부 2 · 비스킷 2,0,0,0,0,0,0,0,0,0,,0,0,,0,0,,,,0
person:총술사상향좀,총술사상향좀,,0,2,1,7,2,5,0,0,101,17,char:181,ep:d_nikke_maiden_03,char:181,101,17,char:181,7,메이든 2 · 점프만이살길 2 · 길로틴 1 · 네온 1 · 아니스 1,0,0,0,0,0,0,0,0,0,,0,0,,0,0,,,,0
person:코코,코코,,0,2,1,2,1,1,0,0,181,31,event_bowwowparadise,event_bowwowparadise_05_e,event_bowwowparadise,181,31,event_bowwowparadise,8,로키 2 · 릴리 2 · 맥스 2 · 부부 2 · 비스킷 2,0,0,0,0,0,0,0,0,0,,0,0,,0,0,,,,0
person:고스트,고스트,,1,1,1,39,36,3,0,0,22,6,sub:고스트_00,sub:고스트_00,sub:고스트_00,22,6,sub:고스트_00,4,네온 1 · 라피 1 · 아니스 1 · 에닉 1,2,1,1,0,0,0,0,0,1,J27,0,0,,0,0,,,,0
person:숲속요정,숲속요정,,1,1,1,52,50,2,0,0,144,19,sub:숲속요정_00,sub:숲속요정_00,sub:숲속요정_00,144,19,sub:숲속요정_00,3,네온 1 · 라피 1 · 아니스 1,2,1,1,0,0,0,1,0,0,J14,0,0,,0,0,,,,0
person:제니퍼f!,제니퍼f!,,1,1,1,43,41,2,0,0,79,16,sub:제니퍼f_00,sub:제니퍼f_00,sub:제니퍼f_00,79,16,sub:제니퍼f_00,3,네온 1 · 라피 1 · 아니스 1,3,0,0,0,0,0,0,0,0,,0,0,,0,0,,,person:제니퍼,0
person:제이드_한슨,제이드 한슨,,1,1,1,1,0,1,0,0,62,13,sub:든_셀_00,sub:든_셀_00,,62,13,sub:든_셀_00,5,네온 1 · 노벨 1 · 라피 1 · 아니스 1 · 엑시아 1,1,2,2,0,0,0,0,0,0,J27,0,0,,0,0,,,person:든?셀,0
person:테디,테디,,1,1,1,75,73,2,0,0,63,13,sub:테디_00,sub:테디_00,sub:테디_00,63,13,sub:테디_00,3,네온 1 · 라피 1 · 아니스 1,3,0,0,0,0,0,0,0,0,,0,0,,0,0,,,,0
person:스페이드,스페이드,,1,1,1,47,45,2,0,0,52,11,sub:스페이드_00,sub:스페이드_00,sub:스페이드_00,52,11,sub:스페이드_00,3,네온 1 · 라피 1 · 아니스 1,2,0,0,0,0,0,0,0,1,,0,0,,0,0,,,,0
person:아서,아서,,0,1,1,29,27,2,0,0,447,142,side:pretty_star,side:pretty_star_14,side:pretty_star,447,142,side:pretty_star,9,레드 후드 1 · 민트 1 · 버닝엄 1 · 아니스 1 · 오스왈드 1,2,0,0,0,0,0,0,0,0,J6,0,0,,0,0,,,,0
person:이례의_기록자,이례의 기록자,,1,1,1,59,57,2,0,0,17,5,sub:이례의_기록자_00,sub:이례의_기록자_00,sub:이례의_기록자_00,17,5,sub:이례의_기록자_00,3,네온 1 · 라피 1 · 아니스 1,2,0,0,0,0,0,0,0,0,,0,0,,0,0,,,,0
person:IV,IV,,0,1,1,24,20,4,0,0,188,34,char:40,ep:d_nikke_d_05,char:40,188,34,char:40,1,D 1,1,0,0,0,0,0,0,0,0,,0,0,,0,0,,,,0
person:MMR지킴이,MMR지킴이,,1,1,1,80,78,2,0,0,278,66,sub:MMR지킴이_00,sub:MMR지킴이_00,sub:MMR지킴이_00,278,66,sub:MMR지킴이_00,4,네온 1 · 라피 1 · 아니스 1 · 이안 맥스 1,1,0,0,0,0,0,0,0,0,,0,0,,0,0,,,person:에테르,0
person:문구점,문구점,,1,1,1,41,39,2,0,0,196,36,sub:문구점_00,sub:문구점_00,sub:문구점_00,196,36,sub:문구점_00,3,네온 1 · 아니스 1 · 키티 1,1,0,0,0,0,0,0,0,0,,0,0,,0,0,,,,0
person:알콜러버,알콜러버,,1,1,1,32,30,2,0,0,145,19,sub:알콜러버_00,sub:알콜러버_00,sub:알콜러버_00,145,19,sub:알콜러버_00,4,네온 1 · 라피 1 · 아니스 1 · 홍련 1,1,0,0,0,0,0,0,0,0,,0,0,,0,0,,,,0
person:저스틴,저스틴,,1,1,1,49,47,2,0,0,58,12,sub:저스틴_00,sub:저스틴_00,sub:저스틴_00,58,12,sub:저스틴_00,3,네온 1 · 라피 1 · 아니스 1,1,0,0,0,0,0,0,0,1,,0,0,,0,0,,,,0
person:철도로GO,철도로GO,,1,1,1,70,68,2,0,0,66,14,sub:철도로GO_00,sub:철도로GO_00,sub:철도로GO_00,66,14,sub:철도로GO_00,3,네온 1 · 라피 1 · 아니스 1,1,0,0,0,0,0,0,0,0,,0,0,,0,0,,,,0
person:코리,코리,,1,1,1,39,36,3,0,0,30,7,sub:코리_00,sub:코리_00,sub:코리_00,30,7,sub:코리_00,3,네온 1 · 라피 1 · 아니스 1,1,0,0,0,0,0,0,0,0,,0,0,,0,0,,,,0
person:키츠네,키츠네,,0,1,1,4,4,0,0,0,185,32,char:282,ep:d_nikke_sakura_05,char:282,185,32,char:282,2,겐조 1 · 사쿠라 1,1,0,0,0,0,0,0,0,0,,0,0,,0,0,,,,0
person:트윙클,트윙클,,1,1,1,78,76,2,0,0,273,65,sub:트윙클_00,sub:트윙클_00,sub:트윙클_00,273,65,sub:트윙클_00,2,네온 1 · 라피 1,1,0,0,0,0,0,0,0,0,,0,0,,0,0,,,person:아니스,0
person:6000-D,6000-D,,0,1,1,1,1,0,0,0,231,48,char:810,ep:d_nikke_ce_02_01_01,char:810,231,48,char:810,7,2B 1 · 9S 1 · B-0006 1 · C-1002 1 · 네온 1,0,0,0,0,0,0,0,0,0,,0,0,,0,0,,,,0
person:B-0006,B-0006,,0,1,1,1,1,0,0,0,231,48,char:810,ep:d_nikke_ce_02_01_01,char:810,231,48,char:810,7,2B 1 · 6000-D 1 · 9S 1 · C-1002 1 · 네온 1,0,0,0,0,0,0,0,0,0,,0,0,,0,0,,,,0
person:C-1002,C-1002,,0,1,1,1,1,0,0,0,231,48,char:810,ep:d_nikke_ce_02_01_01,char:810,231,48,char:810,7,2B 1 · 6000-D 1 · 9S 1 · B-0006 1 · 네온 1,0,0,0,0,0,0,0,0,0,,0,0,,0,0,,,,0
person:김작가,김작가,,1,1,1,40,38,2,0,0,47,10,sub:김작가_00,sub:김작가_00,sub:김작가_00,47,10,sub:김작가_00,3,네온 1 · 라피 1 · 아니스 1,0,0,0,0,0,0,0,0,1,,0,1,관계 1,0,0,,,,0
person:든?셀,든?셀,,1,1,1,9,7,2,0,0,62,13,sub:든_셀_00,sub:든_셀_00,sub:든_셀_00,62,13,sub:든_셀_00,5,네온 1 · 노벨 1 · 라피 1 · 아니스 1 · 엑시아 1,0,0,0,0,0,0,0,0,0,,0,0,,0,0,,,person:제이드_한슨,0
person:로밍오,로밍오,,0,1,1,1,1,0,0,0,114,17,char:22,ep:d_nikke_signal_01,char:22,114,17,char:22,3,시그널 1 · 엠마 1 · 쥴니엣 1,0,0,0,0,0,0,0,0,0,,0,0,,0,0,,,,0
person:바비,바비,,0,1,1,1,1,0,0,0,181,31,event_bowwowparadise,event_bowwowparadise_epilogue,event_bowwowparadise,181,31,event_bowwowparadise,8,로키 1 · 릴리 1 · 맥스 1 · 버디 1 · 부부 1,0,0,0,0,0,0,0,0,0,,0,0,,0,0,,,,0
person:유진,유진,,0,1,1,6,6,0,0,0,458,146,fl:b-side_idol,fl:b-side_idol_01,fl:b-side_idol,458,146,fl:b-side_idol,3,민트 1 · 아비스타 1 · 프리카 1,0,0,0,0,0,0,0,0,0,,0,0,,0,0,,,,0
person:쥴니엣,쥴니엣,,0,1,1,6,3,3,0,0,114,17,char:22,ep:d_nikke_signal_01,char:22,114,17,char:22,3,로밍오 1 · 시그널 1 · 엠마 1,0,0,0,0,0,0,0,0,0,,0,0,,0,0,,,,0
person:치유하는바람,치유하는바람,,0,1,1,3,3,0,0,0,101,17,char:181,ep:d_nikke_maiden_04,char:181,101,17,char:181,5,길로틴 1 · 메이든 1 · 잉그리드 1 · 점프만이살길 1 · 총술사상향좀 1,0,0,0,0,0,0,0,0,0,,0,0,,0,0,,,,0
person:칼리아,칼리아,,0,1,1,35,35,0,0,0,350,96,event_footstepwalkrun1,event_footstepwalkrun1_06_e,event_footstepwalkrun1,350,96,event_footstepwalkrun1,4,라피 1 · 레드 후드 1 · 샛별 1 · 요한 1,0,0,0,0,0,0,0,0,0,,0,0,,0,0,,,,0
person:하야카와_아키,하야카와 아키,,0,1,1,3,3,0,0,0,180,30,char:802,ep:d_nikke_c_3_05,char:802,180,30,char:802,4,드레이크 1 · 미란다 1 · 폴리 1 · 히메노 1,0,0,0,0,0,0,0,0,0,,0,0,,0,0,,,,0
person:솔져_O.W.,솔져 O.W.,,0,0,0,0,0,0,0,0,,,,,,,,,0,,1,0,0,0,0,0,0,0,0,,0,0,,0,0,,,,0
person:iDoll_썬,iDoll 썬,,0,0,0,0,0,0,0,0,,,,,,,,,0,,0,0,0,0,0,0,0,0,0,,0,0,,0,0,,,,0
person:iDoll_오션,iDoll 오션,,0,0,0,0,0,0,0,0,,,,,,,,,0,,0,0,0,0,0,0,0,0,0,,0,0,,0,0,,,,0
person:iDoll_플라워,iDoll 플라워,,0,0,0,0,0,0,0,0,,,,,,,,,0,,0,0,0,0,0,0,0,0,0,,0,0,,0,0,,,,0
person:프로덕트_08,프로덕트 08,,0,0,0,0,0,0,0,0,,,,,,,,,0,,0,0,0,0,0,0,0,0,0,,0,0,,0,0,,,,0
person:프로덕트_12,프로덕트 12,,0,0,0,0,0,0,0,0,,,,,,,,,0,,0,0,0,0,0,0,0,0,0,,0,0,,0,0,,,,0
