order,unit,kind,class,place,narrow,codes,intro,changes
4,sub:칠리페퍼_00,서브퀘스트,범위,ch01–ch02 ~,단서 없음,,ch01 네온(6) · ch00 지휘관(16) · ch00 아니스(10) · ch00 라피(4) · ch00 방주(3) · ch00 사관학교(3),네온: ch25 ch43 ch44; 라피: ch09 ch24 ch26 ch30 ch34 ch44; 아니스: ch39 ch42 ch45; 지휘관: ch01 ch07 ch35 ch37 ch40 ch45
5,sub:테트라_커넥트_00,서브퀘스트,범위,ch01–ch02 ~,단서 없음,,ch02 미실리스(1) · ch01 네온(8) · ch00 지휘관(10) · ch00 아니스(9) · ch00 니케(7) · ch00 지상(4),네온: ch25 ch43 ch44; 라피: ch09 ch24 ch26 ch30 ch34 ch44; 아니스: ch39 ch42 ch45; 지휘관: ch01 ch07 ch35 ch37 ch40 ch45
7,sub:세르반_00,서브퀘스트,상대,,단서 없음,,ch01 네온(7) · ch00 지휘관(14) · ch00 아니스(11) · ch00 라피(4) · ch00 지상(2) · ch00 니케(1),네온: ch25 ch43 ch44; 라피: ch09 ch24 ch26 ch30 ch34 ch44; 아니스: ch39 ch42 ch45; 지휘관: ch01 ch07 ch35 ch37 ch40 ch45
10,sub:중앙_정부_공식__00,서브퀘스트,상대,,단서 없음,,ch01 네온(3) · ch01 정보부(1) · ch00 지휘관(18) · ch00 중앙_정부(8) · ch00 라피(6) · ch00 아니스(5),네온: ch25 ch43 ch44; 라피: ch09 ch24 ch26 ch30 ch34 ch44; 아니스: ch39 ch42 ch45; 지휘관: ch01 ch07 ch35 ch37 ch40 ch45
12,relic:어느남자의수기,유실물,범위,@랩쳐_침공–@갓데스_투입 ~ @아크_가디언_작전–@방주_밀봉,,,ch00 랩쳐(2),
13,sub:콜렉터_00,서브퀘스트,상대,,단서 없음,,ch04 아우터_림(8) · ch01 네온(1) · ch00 지휘관(22) · ch00 아니스(6) · ch00 방주(5) · ch00 라피(4),네온: ch25 ch43 ch44; 라피: ch09 ch24 ch26 ch30 ch34 ch44; 아니스: ch39 ch42 ch45; 지휘관: ch01 ch07 ch35 ch37 ch40 ch45
14,sub:콜렉터_01,서브퀘스트,상대,,뒤 sub:콜렉터_00,,ch04 아우터_림(7) · ch01 네온(7) · ch00 지휘관(36) · ch00 아니스(24) · ch00 라피(13) · ch00 니케(8),네온: ch25 ch43 ch44; 라피: ch09 ch24 ch26 ch30 ch34 ch44; 아니스: ch39 ch42 ch45; 지휘관: ch01 ch07 ch35 ch37 ch40 ch45
15,relic:생존가이드1,유실물,범위,@랩쳐_침공–@갓데스_투입 ~,뒤 @랩쳐_침공,,ch00 랩쳐(2),
16,relic:통화기록017515,유실물,판별,@랩쳐_침공 전 ~ @랩쳐_침공–@갓데스_투입,,,,
17,relic:방주추첨권,유실물,범위,@랩쳐_침공–@갓데스_투입 ~ @아크_가디언_작전–@방주_밀봉,,,ch00 방주(6),
18,sub:트레저_헌터_00,서브퀘스트,상대,,단서 없음,,ch01 네온(7) · ch00 지휘관(24) · ch00 아니스(9) · ch00 라피(7) · ch00 지상(5) · ch00 방주(1),네온: ch25 ch43 ch44; 라피: ch09 ch24 ch26 ch30 ch34 ch44; 아니스: ch39 ch42 ch45; 지휘관: ch01 ch07 ch35 ch37 ch40 ch45
19,sub:트레저_헌터_01,서브퀘스트,상대,,뒤 sub:트레저_헌터_00,,ch01 네온(6) · ch00 지휘관(22) · ch00 아니스(15) · ch00 라피(12) · ch00 니케(5) · ch00 지상(3),네온: ch25 ch43 ch44; 라피: ch09 ch24 ch26 ch30 ch34 ch44; 아니스: ch39 ch42 ch45; 지휘관: ch01 ch07 ch35 ch37 ch40 ch45
20,sub:트레저_헌터_02,서브퀘스트,상대,,뒤 sub:트레저_헌터_01,,ch01 네온(7) · ch00 아니스(15) · ch00 지휘관(14) · ch00 라피(11) · ch00 니케(7) · ch00 랩쳐(1),네온: ch25 ch43 ch44; 라피: ch09 ch24 ch26 ch30 ch34 ch44; 아니스: ch39 ch42 ch45; 지휘관: ch01 ch07 ch35 ch37 ch40 ch45
21,sub:트레저_헌터_03,서브퀘스트,상대,,뒤 sub:트레저_헌터_02,,ch04 기억_소거(1) · ch01 네온(9) · ch00 지휘관(13) · ch00 라피(8) · ch00 아니스(7) · ch00 니케(3),네온: ch25 ch43 ch44; 라피: ch09 ch24 ch26 ch30 ch34 ch44; 아니스: ch39 ch42 ch45; 지휘관: ch01 ch07 ch35 ch37 ch40 ch45
22,sub:이례의_기록자_00,서브퀘스트,불명,,단서 없음,,ch02 전초기지(2) · ch01 네온(9) · ch00 아니스(10) · ch00 지휘관(10) · ch00 라피(8) · ch00 지상(3),네온: ch25 ch43 ch44; 라피: ch09 ch24 ch26 ch30 ch34 ch44; 아니스: ch39 ch42 ch45; 지휘관: ch01 ch07 ch35 ch37 ch40 ch45
23,sub:랩칠리언_00,서브퀘스트,범위,~ ch26–ch27,단서 없음,,ch01 네온(5) · ch00 랩쳐(15) · ch00 아니스(8) · ch00 라피(6) · ch00 지휘관(4) · ch00 지상(4),네온: ch25 ch43 ch44; 라피: ch09 ch24 ch26 ch30 ch34 ch44; 아니스: ch39 ch42 ch45; 지휘관: ch01 ch07 ch35 ch37 ch40 ch45
24,sub:랩칠리언_01,서브퀘스트,범위,~ ch26–ch27,뒤 sub:랩칠리언_00,,ch01 네온(6) · ch01 콜링_시그널(1) · ch00 랩쳐(15) · ch00 지휘관(9) · ch00 아니스(6) · ch00 라피(4),네온: ch25 ch43 ch44; 라피: ch09 ch24 ch26 ch30 ch34 ch44; 아니스: ch39 ch42 ch45; 지휘관: ch01 ch07 ch35 ch37 ch40 ch45
25,sub:랩칠리언_02,서브퀘스트,범위,~ ch26–ch27,뒤 sub:랩칠리언_01,,ch01 네온(1) · ch00 랩쳐(12) · ch00 지휘관(4) · ch00 아니스(2) · ch00 라피(1),네온: ch25 ch43 ch44; 라피: ch09 ch24 ch26 ch30 ch34 ch44; 아니스: ch39 ch42 ch45; 지휘관: ch01 ch07 ch35 ch37 ch40 ch45
26,sub:랩칠리언_03,서브퀘스트,범위,~ ch26–ch27,뒤 sub:랩칠리언_02,,ch00 랩쳐(13) · ch00 지휘관(4) · ch00 니케(3) · ch00 지상(1),지휘관: ch01 ch07 ch35 ch37 ch40 ch45
27,sub:랩칠리언_04,서브퀘스트,범위,~ ch26–ch27,뒤 sub:랩칠리언_03,,ch01 네온(4) · ch01 로드_급(2) · ch00 랩쳐(9) · ch00 지휘관(7) · ch00 중앙_정부(5) · ch00 니케(4),네온: ch25 ch43 ch44; 라피: ch09 ch24 ch26 ch30 ch34 ch44; 아니스: ch39 ch42 ch45; 지휘관: ch01 ch07 ch35 ch37 ch40 ch45
28,sub:랩칠리언_05,서브퀘스트,범위,ch02–ch03 ~ ch26–ch27,뒤 ch02; 뒤 sub:랩칠리언_04,,ch02 슈엔(64) · ch02 미실리스(1) · ch01 네온(6) · ch00 아니스(11) · ch00 라피(10) · ch00 지휘관(10),네온: ch25 ch43 ch44; 라피: ch09 ch24 ch26 ch30 ch34 ch44; 슈엔: ch24 ch25; 아니스: ch39 ch42 ch45; 지휘관: ch01 ch07 ch35 ch37 ch40 ch45
29,sub:랩칠리언_06,서브퀘스트,범위,ch02–ch03 ~ ch26–ch27,뒤 sub:랩칠리언_05; 전 ch27,,ch02 슈엔(1) · ch01 네온(9) · ch01 타일런트_급(2) · ch01 로드_급(1) · ch01 콜링_시그널(1) · ch00 아니스(13),네온: ch25 ch43 ch44; 라피: ch09 ch24 ch26 ch30 ch34 ch44; 슈엔: ch24 ch25; 아니스: ch39 ch42 ch45; 지휘관: ch01 ch07 ch35 ch37 ch40 ch45
30,sub:할아범_00,서브퀘스트,범위,~ ch22,단서 없음,,ch01 네온(4) · ch00 지휘관(10) · ch00 아니스(6) · ch00 라피(5) · ch00 지상(2),네온: ch25 ch43 ch44; 라피: ch09 ch24 ch26 ch30 ch34 ch44; 아니스: ch39 ch42 ch45; 지휘관: ch01 ch07 ch35 ch37 ch40 ch45
31,relic:갓데스스쿼드리포트,유실물,판별,@아크_가디언_작전–@방주_밀봉 ~ @방주_밀봉,직후 @아크_가디언_작전,,ch01 침식(1),
32,sub:고스트_00,서브퀘스트,불명,,단서 없음,,ch04 에닉(1) · ch01 네온(4) · ch00 지휘관(9) · ch00 아니스(7) · ch00 라피(6) · ch00 지상(2),네온: ch25 ch43 ch44; 라피: ch09 ch24 ch26 ch30 ch34 ch44; 아니스: ch39 ch42 ch45; 지휘관: ch01 ch07 ch35 ch37 ch40 ch45
33,sub:시리얼_00,서브퀘스트,상대,,단서 없음,,ch01 네온(5) · ch00 아니스(14) · ch00 지휘관(14) · ch00 라피(2) · ch00 지상(2),네온: ch25 ch43 ch44; 라피: ch09 ch24 ch26 ch30 ch34 ch44; 아니스: ch39 ch42 ch45; 지휘관: ch01 ch07 ch35 ch37 ch40 ch45
34,sub:시리얼_01,서브퀘스트,상대,,뒤 sub:시리얼_00,,ch04 크레디트(1) · ch02 갱생관(2) · ch01 네온(3) · ch00 지휘관(21) · ch00 아니스(7) · ch00 라피(5),네온: ch25 ch43 ch44; 라피: ch09 ch24 ch26 ch30 ch34 ch44; 아니스: ch39 ch42 ch45; 지휘관: ch01 ch07 ch35 ch37 ch40 ch45
35,sub:산해진미_00,서브퀘스트,상대,,단서 없음,,ch02 전초기지(2) · ch01 네온(7) · ch00 아니스(17) · ch00 지휘관(13) · ch00 지상(9) · ch00 라피(6),네온: ch25 ch43 ch44; 라피: ch09 ch24 ch26 ch30 ch34 ch44; 아니스: ch39 ch42 ch45; 지휘관: ch01 ch07 ch35 ch37 ch40 ch45
36,sub:산해진미_01,서브퀘스트,상대,,뒤 sub:산해진미_00,,ch01 네온(13) · ch00 지휘관(20) · ch00 아니스(11) · ch00 지상(5) · ch00 라피(3) · ch00 방주(1),네온: ch25 ch43 ch44; 라피: ch09 ch24 ch26 ch30 ch34 ch44; 아니스: ch39 ch42 ch45; 지휘관: ch01 ch07 ch35 ch37 ch40 ch45
37,relic:니케실험대상자모집,유실물,범위,@랩쳐_침공–@갓데스_투입 ~,뒤 @랩쳐_침공,,ch02 3대_기업(3),
38,relic:통화기록028594,유실물,범위,@갓데스_투입–@궤도_엘리베이터_강습 ~ @아크_가디언_작전–@방주_밀봉,,,ch02 미실리스(3) · ch00 니케(3),
39,sub:세르반_01,서브퀘스트,상대,,뒤 sub:세르반_00,,ch01 네온(2) · ch01 로드_급(1) · ch00 지휘관(16) · ch00 아니스(5) · ch00 니케(4) · ch00 지상(3),네온: ch25 ch43 ch44; 라피: ch09 ch24 ch26 ch30 ch34 ch44; 아니스: ch39 ch42 ch45; 지휘관: ch01 ch07 ch35 ch37 ch40 ch45
40,sub:저스틴_00,서브퀘스트,불명,,단서 없음,,ch04 아우터_림(1) · ch01 네온(3) · ch00 지휘관(25) · ch00 니케(8) · ch00 라피(6) · ch00 아니스(3),네온: ch25 ch43 ch44; 라피: ch09 ch24 ch26 ch30 ch34 ch44; 아니스: ch39 ch42 ch45; 지휘관: ch01 ch07 ch35 ch37 ch40 ch45
41,relic:니케실험반대피켓,유실물,범위,@갓데스_투입–@궤도_엘리베이터_강습 ~,뒤 @갓데스_투입,,ch02 3대_기업(2) · ch00 니케(4),
43,sub:중앙_정부_공식__01,서브퀘스트,상대,,뒤 sub:중앙_정부_공식__00,,ch01 네온(5) · ch01 정보부(1) · ch00 지휘관(18) · ch00 아니스(12) · ch00 라피(8) · ch00 중앙_정부(6),네온: ch25 ch43 ch44; 라피: ch09 ch24 ch26 ch30 ch34 ch44; 아니스: ch39 ch42 ch45; 지휘관: ch01 ch07 ch35 ch37 ch40 ch45
44,sub:세르반_02,서브퀘스트,상대,,뒤 sub:세르반_01,,ch01 네온(4) · ch00 아니스(11) · ch00 지휘관(8) · ch00 지상(5) · ch00 중앙_정부(2) · ch00 방주(2),네온: ch25 ch43 ch44; 아니스: ch39 ch42 ch45; 지휘관: ch01 ch07 ch35 ch37 ch40 ch45
45,sub:스페이드_00,서브퀘스트,불명,,단서 없음,,ch04 크레디트(2) · ch01 네온(7) · ch00 지휘관(14) · ch00 니케(10) · ch00 아니스(8) · ch00 랩쳐(7),네온: ch25 ch43 ch44; 라피: ch09 ch24 ch26 ch30 ch34 ch44; 아니스: ch39 ch42 ch45; 지휘관: ch01 ch07 ch35 ch37 ch40 ch45
46,sub:러블리_드림_00,서브퀘스트,상대,,단서 없음,,ch04 머스탱(3) · ch01 네온(5) · ch00 지휘관(32) · ch00 라피(10) · ch00 니케(8) · ch00 지상(8),네온: ch25 ch43 ch44; 라피: ch09 ch24 ch26 ch30 ch34 ch44; 아니스: ch39 ch42 ch45; 지휘관: ch01 ch07 ch35 ch37 ch40 ch45
47,sub:러블리_드림_01,서브퀘스트,상대,,뒤 sub:러블리_드림_00,,ch01 네온(4) · ch00 지휘관(34) · ch00 아니스(12) · ch00 라피(10) · ch00 지상(3) · ch00 니케(2),네온: ch25 ch43 ch44; 라피: ch09 ch24 ch26 ch30 ch34 ch44; 아니스: ch39 ch42 ch45; 지휘관: ch01 ch07 ch35 ch37 ch40 ch45
48,relic:채팅로그_얼리어답터,유실물,판별,@랩쳐_침공–@갓데스_투입 ~ @갓데스_투입,,,,
49,d_ex_elevator_01,그 밖,범위,@갓데스_폴 ~,단서 없음,,ch01 네온(25) · ch00 아니스(37) · ch00 라피(22) · ch00 방주(9) · ch00 니케(8) · ch00 지휘관(5),네온: ch25 ch43 ch44; 라피: ch09 ch24 ch26 ch30 ch34 ch44; 아니스: ch39 ch42 ch45; 지휘관: ch01 ch07 ch35 ch37 ch40 ch45
51,sub:칠리페퍼_01,서브퀘스트,범위,ch01–ch02 ~,뒤 sub:칠리페퍼_00,,ch02 전초기지(5) · ch01 네온(3) · ch00 지휘관(14) · ch00 아니스(5) · ch00 지상(5) · ch00 라피(4),네온: ch25 ch43 ch44; 라피: ch09 ch24 ch26 ch30 ch34 ch44; 아니스: ch39 ch42 ch45; 지휘관: ch01 ch07 ch35 ch37 ch40 ch45
52,sub:든_셀_00,서브퀘스트,범위,ch07–ch08 ~,뒤 ch07,,ch07 엑시아(36) · ch02 에블라_입자(2) · ch01 네온(6) · ch00 아니스(15) · ch00 지휘관(11) · ch00 라피(6),네온: ch25 ch43 ch44; 라피: ch09 ch24 ch26 ch30 ch34 ch44; 아니스: ch39 ch42 ch45; 엑시아: ch09; 지휘관: ch01 ch07 ch35 ch37 ch40 ch45
53,relic:광고팜플렛,유실물,범위,@랩쳐_침공–@갓데스_투입 ~ @아크_가디언_작전–@방주_밀봉,,,ch00 랩쳐(3),
54,relic:UFO챈.zip,유실물,판별,@랩쳐_침공–@갓데스_투입 ~ @갓데스_투입,,,ch05 궤도_엘리베이터(1),
56,sub:테디_00,서브퀘스트,불명,,단서 없음,,ch01 네온(6) · ch00 지휘관(31) · ch00 아니스(13) · ch00 니케(7) · ch00 라피(7) · ch00 지상(7),네온: ch25 ch43 ch44; 라피: ch09 ch24 ch26 ch30 ch34 ch44; 아니스: ch39 ch42 ch45; 지휘관: ch01 ch07 ch35 ch37 ch40 ch45
57,sub:미실리스_연구팀_00,서브퀘스트,상대,,단서 없음,,ch02 미실리스(5) · ch01 네온(16) · ch00 아니스(21) · ch00 지휘관(16) · ch00 라피(6) · ch00 니케(2),네온: ch25 ch43 ch44; 라피: ch09 ch24 ch26 ch30 ch34 ch44; 아니스: ch39 ch42 ch45; 지휘관: ch01 ch07 ch35 ch37 ch40 ch45
58,sub:미실리스_연구팀_01,서브퀘스트,상대,,뒤 sub:미실리스_연구팀_00,,ch02 미실리스(5) · ch01 네온(22) · ch00 아니스(31) · ch00 지휘관(29) · ch00 라피(23) · ch00 랩쳐(6),네온: ch25 ch43 ch44; 라피: ch09 ch24 ch26 ch30 ch34 ch44; 아니스: ch39 ch42 ch45; 지휘관: ch01 ch07 ch35 ch37 ch40 ch45
59,sub:미실리스_연구팀_02,서브퀘스트,상대,,뒤 sub:미실리스_연구팀_01,,ch02 미실리스(2) · ch01 네온(7) · ch00 지휘관(13) · ch00 아니스(9) · ch00 라피(8) · ch00 랩쳐(6),네온: ch25 ch43 ch44; 라피: ch09 ch24 ch26 ch30 ch34 ch44; 아니스: ch39 ch42 ch45; 지휘관: ch01 ch07 ch35 ch37 ch40 ch45
60,sub:미실리스_연구팀_03,서브퀘스트,상대,,뒤 sub:미실리스_연구팀_02,,ch02 미실리스(2) · ch01 네온(5) · ch00 지휘관(19) · ch00 아니스(13) · ch00 랩쳐(7) · ch00 라피(5),네온: ch25 ch43 ch44; 라피: ch09 ch24 ch26 ch30 ch34 ch44; 아니스: ch39 ch42 ch45; 지휘관: ch01 ch07 ch35 ch37 ch40 ch45
61,relic:지휘관모집공고,유실물,범위,@랩쳐_침공–@갓데스_투입 ~ @아크_가디언_작전–@방주_밀봉,,,ch00 지휘관(1),지휘관: ch01 ch07 ch35 ch37 ch40 ch45
63,sub:코리_00,서브퀘스트,불명,,단서 없음,,ch01 네온(3) · ch00 지휘관(13) · ch00 아니스(5) · ch00 라피(2) · ch00 방주(1) · ch00 지상(1),네온: ch25 ch43 ch44; 라피: ch09 ch24 ch26 ch30 ch34 ch44; 아니스: ch39 ch42 ch45; 지휘관: ch01 ch07 ch35 ch37 ch40 ch45
64,sub:롬_00,서브퀘스트,상대,,단서 없음,,ch01 네온(5) · ch00 아니스(9) · ch00 지휘관(9) · ch00 라피(4) · ch00 지상(4) · ch00 랩쳐(3),네온: ch25 ch43 ch44; 라피: ch09 ch24 ch26 ch30 ch34 ch44; 아니스: ch39 ch42 ch45; 지휘관: ch01 ch07 ch35 ch37 ch40 ch45
65,sub:롬_01,서브퀘스트,상대,,뒤 sub:롬_00,,ch01 네온(16) · ch00 아니스(18) · ch00 지휘관(16) · ch00 방주(9) · ch00 라피(7) · ch00 랩쳐(2),네온: ch25 ch43 ch44; 라피: ch09 ch24 ch26 ch30 ch34 ch44; 아니스: ch39 ch42 ch45; 지휘관: ch01 ch07 ch35 ch37 ch40 ch45
66,sub:롬_02,서브퀘스트,상대,,뒤 sub:롬_01,,ch01 네온(13) · ch00 아니스(16) · ch00 지휘관(11) · ch00 라피(8) · ch00 니케(5) · ch00 랩쳐(5),네온: ch25 ch43 ch44; 라피: ch09 ch24 ch26 ch30 ch34 ch44; 아니스: ch39 ch42 ch45; 지휘관: ch01 ch07 ch35 ch37 ch40 ch45
67,relic:어느소녀의수기,유실물,범위,@랩쳐_침공–@갓데스_투입 ~ @아크_가디언_작전–@방주_밀봉,,,ch00 니케(2),
69,sub:음악_애호가_00,서브퀘스트,상대,,단서 없음,,ch01 네온(9) · ch00 아니스(10) · ch00 지휘관(6) · ch00 지상(4) · ch00 라피(1) · ch00 방주(1),네온: ch25 ch43 ch44; 라피: ch09 ch24 ch26 ch30 ch34 ch44; 아니스: ch39 ch42 ch45; 지휘관: ch01 ch07 ch35 ch37 ch40 ch45
70,sub:음악_애호가_01,서브퀘스트,상대,,뒤 sub:음악_애호가_00,,ch01 네온(7) · ch00 지휘관(11) · ch00 라피(7) · ch00 아니스(4) · ch00 지상(3),네온: ch25 ch43 ch44; 라피: ch09 ch24 ch26 ch30 ch34 ch44; 아니스: ch39 ch42 ch45; 지휘관: ch01 ch07 ch35 ch37 ch40 ch45
71,relic:기업-랩쳐음모론,유실물,판별,@랩쳐_침공–@갓데스_투입 ~ @갓데스_투입,,,ch02 미실리스(3) · ch01 엘리시온(1) · ch00 랩쳐(5) · ch00 방주(4),
72,relic:구시대의플레이리스트,유실물,범위,@랩쳐_침공–@갓데스_투입 ~,뒤 @랩쳐_침공,,ch00 방주(2) · ch00 랩쳐(1),
74,sub:숲속요정_00,서브퀘스트,범위,ch12–ch13 ~,단서 없음,,ch07 특수_별동대(1) · ch01 네온(6) · ch01 침식(2) · ch00 지휘관(16) · ch00 아니스(12) · ch00 라피(11),네온: ch25 ch43 ch44; 라피: ch09 ch24 ch26 ch30 ch34 ch44; 아니스: ch39 ch42 ch45; 지휘관: ch01 ch07 ch35 ch37 ch40 ch45
75,relic:어느의사의수기,유실물,범위,@랩쳐_침공–@갓데스_투입 ~ @아크_가디언_작전–@방주_밀봉,,,ch00 방주(2) · ch00 지상(1),
77,sub:세르반_03,서브퀘스트,상대,,뒤 sub:세르반_02,,ch01 네온(2) · ch01 엔더슨(1) · ch00 지휘관(13) · ch00 아니스(6) · ch00 방주(3) · ch00 지상(3),네온: ch25 ch43 ch44; 라피: ch09 ch24 ch26 ch30 ch34 ch44; 아니스: ch39 ch42 ch45; 엔더슨: ch25 ch44 ch48; 지휘관: ch01 ch07 ch35 ch37 ch40 ch45
78,sub:철도로GO_00,서브퀘스트,범위,ch13–ch14 ~,뒤 ch13,,ch13 인피니티_레일(3) · ch01 네온(4) · ch00 지휘관(17) · ch00 아니스(6) · ch00 지상(4) · ch00 라피(3),네온: ch25 ch43 ch44; 라피: ch09 ch24 ch26 ch30 ch34 ch44; 아니스: ch39 ch42 ch45; 지휘관: ch01 ch07 ch35 ch37 ch40 ch45
79,relic:여자친구의편지,유실물,판별,@랩쳐_침공–@갓데스_투입 ~ @갓데스_투입,,,,
81,sub:칠리페퍼_02,서브퀘스트,범위,ch01–ch02 ~,뒤 sub:칠리페퍼_01,,ch02 전초기지(2) · ch01 네온(10) · ch00 아니스(11) · ch00 지휘관(10) · ch00 라피(7) · ch00 지상(1),네온: ch25 ch43 ch44; 라피: ch09 ch24 ch26 ch30 ch34 ch44; 아니스: ch39 ch42 ch45; 지휘관: ch01 ch07 ch35 ch37 ch40 ch45
82,sub:알콜러버_00,서브퀘스트,범위,ch14–ch15 ~,단서 없음,,ch14 홍련(2) · ch01 네온(6) · ch00 지휘관(18) · ch00 아니스(11) · ch00 지상(4) · ch00 라피(2),네온: ch25 ch43 ch44; 라피: ch09 ch24 ch26 ch30 ch34 ch44; 아니스: ch39 ch42 ch45; 지휘관: ch01 ch07 ch35 ch37 ch40 ch45; 홍련: ch48
83,relic:기후변화보고서,유실물,판별,@랩쳐_침공 전 ~ @랩쳐_침공–@갓데스_투입,,,,
84,relic:인터넷BJ라이브방송녹화분,유실물,판별,@랩쳐_침공–@갓데스_투입 ~ @갓데스_투입,직후 @랩쳐_침공,,,
86,relic:종말의서,유실물,범위,@랩쳐_침공–@갓데스_투입 ~,뒤 @랩쳐_침공,,,
88,sub:방주_난민_00,서브퀘스트,상대,,단서 없음,,ch01 네온(1) · ch00 지휘관(14) · ch00 아니스(11) · ch00 지상(7) · ch00 방주(6) · ch00 라피(3),네온: ch25 ch43 ch44; 라피: ch09 ch24 ch26 ch30 ch34 ch44; 아니스: ch39 ch42 ch45; 지휘관: ch01 ch07 ch35 ch37 ch40 ch45
89,sub:방주_난민_01,서브퀘스트,상대,,뒤 sub:방주_난민_00,,ch08 아크레인저(1) · ch01 네온(2) · ch00 지휘관(12) · ch00 아니스(4) · ch00 방주(4) · ch00 라피(2),네온: ch25 ch43 ch44; 라피: ch09 ch24 ch26 ch30 ch34 ch44; 아니스: ch39 ch42 ch45; 지휘관: ch01 ch07 ch35 ch37 ch40 ch45
90,sub:방주_난민_02,서브퀘스트,상대,,뒤 sub:방주_난민_01,,ch04 크레디트(1) · ch01 네온(3) · ch00 지휘관(17) · ch00 아니스(7) · ch00 방주(6) · ch00 라피(3),네온: ch25 ch43 ch44; 라피: ch09 ch24 ch26 ch30 ch34 ch44; 아니스: ch39 ch42 ch45; 지휘관: ch01 ch07 ch35 ch37 ch40 ch45
91,sub:방주_난민_03,서브퀘스트,상대,,뒤 sub:방주_난민_02,,ch08 아크레인저(1) · ch01 네온(5) · ch00 아니스(9) · ch00 지휘관(9) · ch00 방주(7) · ch00 라피(5),네온: ch25 ch43 ch44; 라피: ch09 ch24 ch26 ch30 ch34 ch44; 아니스: ch39 ch42 ch45; 지휘관: ch01 ch07 ch35 ch37 ch40 ch45
92,relic:장보기목록,유실물,판별,@랩쳐_침공 전 ~ @랩쳐_침공–@갓데스_투입,무렵 @랩쳐_침공,,,
93,char:180,호감도,범위,ch12–ch13 ~,단서 없음,,ch13 갓데시움(2) · ch12 길로틴(375) · ch12 익스터너(1) · ch07 엑시아(27) · ch04 에닉(1) · ch01 잉그리드(8),엑시아: ch09; 지휘관: ch01 ch07 ch35 ch37 ch40 ch45
94,char:11,호감도,범위,ch15–ch16 ~,뒤 ch15,,ch15 얀(1) · ch13 슈가(15) · ch12 아인(1) · ch12 카페_스위티(1) · ch11 드레이크(38) · ch11 맥스웰(20),네온: ch25 ch43 ch44; 드레이크: ch12 ch15 ch38; 라피: ch09 ch24 ch26 ch30 ch34 ch44; 맥스웰: ch12 ch15 ch38; 아니스: ch39 ch42 ch45; 엑시아: ch09; 지휘관: ch01 ch07 ch35 ch37 ch40 ch45
95,char:212,호감도,범위,ch07–ch08 ~,뒤 ch07,,ch13 슈가(7) · ch12 마나(5) · ch09 로열_로드(4) · ch08 아크레인저(1) · ch07 엑시아(85) · ch04 엠마(61),네온: ch25 ch43 ch44; 엑시아: ch09; 지휘관: ch01 ch07 ch35 ch37 ch40 ch45
96,char:232,호감도,범위,ch19–ch20 ~ ch40–ch41,,,ch14 라푼젤(1) · ch11 맥스웰(1) · ch05 루드밀라(16) · ch05 앨리스(8) · ch05 언리미티드(5) · ch04 필그림(9),라푼젤: ch48; 맥스웰: ch12 ch15 ch38; 지휘관: ch01 ch07 ch35 ch37 ch40 ch45
97,char:430,호감도,상대,,뒤 char:431; 뒤 char:432,,ch09 로열_로드(5) · ch04 머스탱(1) · ch02 미실리스(1) · ch01 네온(11) · ch00 지휘관(107) · ch00 아니스(29),네온: ch25 ch43 ch44; 라피: ch09 ch24 ch26 ch30 ch34 ch44; 아니스: ch39 ch42 ch45; 지휘관: ch01 ch07 ch35 ch37 ch40 ch45
98,char:20,호감도,범위,ch16–ch17 ~ ch23–ch24,전 ch24,,ch16 크로우(37) · ch16 아웃로(2) · ch16 스카우팅(1) · ch04 아우터_림(14) · ch04 에닉(1) · ch02 갱생관(1),아니스: ch39 ch42 ch45; 지휘관: ch01 ch07 ch35 ch37 ch40 ch45; 크로우: ch24
99,char:202,호감도,범위,ch15–ch16 ~ ch38–ch39,전 ch39,,ch16 아웃로(2) · ch15 도라(302) · ch15 루피(1) · ch15 얀(1) · ch15 달란트(1) · ch09 엔터_헤븐(2),시프티: ch27; 지휘관: ch01 ch07 ch35 ch37 ch40 ch45
100,char:101,호감도,범위,ch15–ch16 ~ ch38–ch39,전 ch39,,ch13 슈가(8) · ch12 길로틴(9) · ch11 드레이크(359) · ch11 맥스웰(16) · ch11 라플라스(16) · ch09 메티스(20),네온: ch25 ch43 ch44; 드레이크: ch12 ch15 ch38; 라플라스: ch12 ch15 ch38; 맥스웰: ch12 ch15 ch38; 아니스: ch39 ch42 ch45; 지휘관: ch01 ch07 ch35 ch37 ch40 ch45
101,char:72,호감도,범위,ch13–ch14 ~,단서 없음,,ch13 디젤(316) · ch13 브리드(45) · ch13 솔린(21) · ch13 인피니티_레일(2) · ch09 로열_로드(8) · ch09 엔터_헤븐(2),네온: ch25 ch43 ch44; 라피: ch09 ch24 ch26 ch30 ch34 ch44; 아니스: ch39 ch42 ch45; 엔더슨: ch25 ch44 ch48; 지휘관: ch01 ch07 ch35 ch37 ch40 ch45
102,char:221,호감도,범위,ch06–ch07 ~ ch16–ch17,,,ch14 라푼젤(366) · ch14 홍련(3) · ch06 스노우_화이트(4) · ch04 레드_후드(2) · ch04 필그림(1) · ch02 에블라_입자(1),네온: ch25 ch43 ch44; 도로시: ch48; 라푼젤: ch48; 라피: ch09 ch24 ch26 ch30 ch34 ch44; 레드_후드: ch26; 스노우_화이트: ch44; 아니스: ch39 ch42 ch45; 지휘관: ch01 ch07 ch35 ch37 ch40 ch45; 홍련: ch48
103,char:10,호감도,판별,ch01–ch02 ~ ch02–ch03,,,ch04 기억_소거(2) · ch02 전초기지(1) · ch01 네온(5) · ch01 이레귤러(4) · ch00 라피(321) · ch00 지휘관(159),네온: ch25 ch43 ch44; 라피: ch09 ch24 ch26 ch30 ch34 ch44; 아니스: ch39 ch42 ch45; 지휘관: ch01 ch07 ch35 ch37 ch40 ch45
104,char:190,호감도,범위,ch06–ch07 ~,단서 없음,,ch05 루드밀라(366) · ch05 앨리스(31) · ch02 3대_기업(1) · ch01 엔더슨(33) · ch00 지휘관(97) · ch00 니케(8),엔더슨: ch25 ch44 ch48; 지휘관: ch01 ch07 ch35 ch37 ch40 ch45
105,char:200,호감도,범위,ch15–ch16 ~,단서 없음,,ch15 루피(328) · ch15 도라(23) · ch15 얀(12) · ch09 로열_로드(12) · ch04 크레디트(1) · ch04 아우터_림(1),지휘관: ch01 ch07 ch35 ch37 ch40 ch45
106,char:82,호감도,불명,,단서 없음,,ch07 엑시아(1) · ch04 엠마(2) · ch04 기억_소거(1) · ch02 전초기지(4) · ch01 네온(42) · ch00 아니스(167),네온: ch25 ch43 ch44; 라피: ch09 ch24 ch26 ch30 ch34 ch44; 아니스: ch39 ch42 ch45; 엑시아: ch09; 지휘관: ch01 ch07 ch35 ch37 ch40 ch45
107,char:102,호감도,범위,ch15–ch16 ~,뒤 ch15,,ch11 맥스웰(419) · ch09 메티스(1) · ch02 슈엔(35) · ch02 미실리스(10) · ch01 엘리시온(2) · ch01 카운터스(1),맥스웰: ch12 ch15 ch38; 슈엔: ch24 ch25; 엔더슨: ch25 ch44 ch48; 지휘관: ch01 ch07 ch35 ch37 ch40 ch45
108,char:130,호감도,범위,ch13–ch14 ~,뒤 ch13,,ch13 메어리(345) · ch13 페퍼(80) · ch04 머스탱(14) · ch01 시프티(1) · ch00 지휘관(123) · ch00 니케(3),시프티: ch27; 지휘관: ch01 ch07 ch35 ch37 ch40 ch45
109,char:181,호감도,범위,ch12–ch13 ~,단서 없음,,ch12 메이든(337) · ch12 길로틴(7) · ch12 익스터너(1) · ch09 로열_로드(1) · ch02 전초기지(1) · ch01 잉그리드(34),네온: ch25 ch43 ch44; 아니스: ch39 ch42 ch45; 지휘관: ch01 ch07 ch35 ch37 ch40 ch45
110,char:32,호감도,불명,,단서 없음,,ch00 지휘관(123) · ch00 니케(5) · ch00 방주(1) · ch00 중앙_정부(1),지휘관: ch01 ch07 ch35 ch37 ch40 ch45
111,char:61,호감도,불명,,단서 없음,,ch02 전초기지(5) · ch00 지휘관(97) · ch00 랩쳐(3) · ch00 지상(3) · ch00 니케(2) · ch00 방주(2),지휘관: ch01 ch07 ch35 ch37 ch40 ch45
112,char:161,호감도,범위,ch02–ch03 ~ ch23–ch24,뒤 ch02; 전 ch24,,ch09 프리바티(9) · ch09 애드미(6) · ch09 율하(6) · ch09 트라이앵글(2) · ch07 엑시아(26) · ch02 미하라(254),네온: ch25 ch43 ch44; 라피: ch09 ch24 ch26 ch30 ch34 ch44; 미하라: ch04 ch24; 아니스: ch39 ch42 ch45; 엑시아: ch09; 유니: ch24; 지휘관: ch01 ch07 ch35 ch37 ch40 ch45
113,char:141,호감도,불명,,단서 없음,,ch15 도라(29) · ch13 슈가(44) · ch04 크레디트(1) · ch04 아우터_림(1) · ch02 갱생관(1) · ch00 지휘관(62),지휘관: ch01 ch07 ch35 ch37 ch40 ch45
114,char:91,호감도,범위,ch04–ch05 ~ ch31–ch32,,,ch09 로열_로드(2) · ch08 아크레인저(3) · ch07 엑시아(17) · ch04 베스티(325) · ch04 엠마(22) · ch04 은화(22),네온: ch25 ch43 ch44; 라피: ch09 ch24 ch26 ch30 ch34 ch44; 아니스: ch39 ch42 ch45; 엑시아: ch09; 지휘관: ch01 ch07 ch35 ch37 ch40 ch45
115,char:60,호감도,불명,,단서 없음,,ch01 네온(11) · ch00 지휘관(121) · ch00 라피(14) · ch00 아니스(10) · ch00 니케(3),네온: ch25 ch43 ch44; 라피: ch09 ch24 ch26 ch30 ch34 ch44; 아니스: ch39 ch42 ch45; 지휘관: ch01 ch07 ch35 ch37 ch40 ch45
116,char:431,호감도,상대,,단서 없음,,ch13 메어리(1) · ch01 네온(13) · ch00 지휘관(74) · ch00 아니스(16) · ch00 라피(5) · ch00 방주(5),네온: ch25 ch43 ch44; 라피: ch09 ch24 ch26 ch30 ch34 ch44; 아니스: ch39 ch42 ch45; 지휘관: ch01 ch07 ch35 ch37 ch40 ch45
117,char:70,호감도,범위,ch13–ch14 ~,뒤 ch13,,ch13 브리드(342) · ch13 디젤(64) · ch13 솔린(46) · ch09 로열_로드(4) · ch09 엔터_헤븐(1) · ch00 지휘관(159),지휘관: ch01 ch07 ch35 ch37 ch40 ch45
118,char:80,호감도,범위,ch15–ch16 ~,뒤 ch15,,ch15 얀(37) · ch15 달란트(6) · ch09 로열_로드(4) · ch04 크레디트(1) · ch02 전초기지(4) · ch02 미실리스(1),네온: ch25 ch43 ch44; 라피: ch09 ch24 ch26 ch30 ch34 ch44; 아니스: ch39 ch42 ch45; 지휘관: ch01 ch07 ch35 ch37 ch40 ch45
119,char:71,호감도,범위,ch13–ch14 ~,뒤 ch13,,ch13 솔린(469) · ch13 디젤(3) · ch13 브리드(3) · ch00 지휘관(147) · ch00 니케(11) · ch00 지상(1),지휘관: ch01 ch07 ch35 ch37 ch40 ch45
120,char:140,호감도,범위,ch15–ch16 ~,뒤 ch15,,ch15 얀(13) · ch15 루피(11) · ch15 도라(10) · ch13 슈가(306) · ch12 카페_스위티(7) · ch04 엠마(18),네온: ch25 ch43 ch44; 라피: ch09 ch24 ch26 ch30 ch34 ch44; 아니스: ch39 ch42 ch45; 지휘관: ch01 ch07 ch35 ch37 ch40 ch45
121,char:220,호감도,범위,ch06–ch07 ~ ch41,전 fl:ark_guardian,,ch06 스노우_화이트(369) · ch02 에블라_입자(2) · ch01 네온(7) · ch00 지휘관(107) · ch00 랩쳐(35) · ch00 지상(11),네온: ch25 ch43 ch44; 라피: ch09 ch24 ch26 ch30 ch34 ch44; 스노우_화이트: ch44; 아니스: ch39 ch42 ch45; 지휘관: ch01 ch07 ch35 ch37 ch40 ch45
122,char:22,호감도,범위,ch04–ch05 ~,뒤 ch04,,ch04 엠마(13) · ch02 전초기지(2) · ch01 네온(18) · ch00 지휘관(156) · ch00 아니스(25) · ch00 니케(17),네온: ch25 ch43 ch44; 라피: ch09 ch24 ch26 ch30 ch34 ch44; 아니스: ch39 ch42 ch45; 지휘관: ch01 ch07 ch35 ch37 ch40 ch45
123,char:12,호감도,판별,ch01–ch02 ~ ch02–ch03,,,ch16 크로우(8) · ch16 포멀(7) · ch16 아웃로(4) · ch09 로열_로드(4) · ch09 엔터_헤븐(1) · ch04 아우터_림(10),네온: ch25 ch43 ch44; 라피: ch09 ch24 ch26 ch30 ch34 ch44; 아니스: ch39 ch42 ch45; 지휘관: ch01 ch07 ch35 ch37 ch40 ch45; 크로우: ch24
124,char:432,호감도,상대,,단서 없음,,ch09 로열_로드(2) · ch01 네온(19) · ch00 아니스(50) · ch00 지휘관(28) · ch00 라피(6) · ch00 니케(5),네온: ch25 ch43 ch44; 라피: ch09 ch24 ch26 ch30 ch34 ch44; 아니스: ch39 ch42 ch45; 지휘관: ch01 ch07 ch35 ch37 ch40 ch45
125,char:172,호감도,범위,ch09–ch10 ~,뒤 ch09,,ch09 애드미(325) · ch09 율하(37) · ch09 프리바티(14) · ch09 로열_로드(6) · ch04 머스탱(7) · ch02 전초기지(1),네온: ch25 ch43 ch44; 라피: ch09 ch24 ch26 ch30 ch34 ch44; 아니스: ch39 ch42 ch45; 지휘관: ch01 ch07 ch35 ch37 ch40 ch45
126,char:191,호감도,범위,ch05–ch06 ~,단서 없음,,ch16 포멀(1) · ch05 앨리스(271) · ch05 루드밀라(30) · ch04 머스탱(9) · ch00 지휘관(60) · ch00 방주(34),지휘관: ch01 ch07 ch35 ch37 ch40 ch45
127,char:201,호감도,범위,ch15–ch16 ~,단서 없음,,ch15 얀(203) · ch15 루피(44) · ch15 달란트(3) · ch15 도라(1) · ch13 갓데시움(2) · ch09 로열_로드(5),네온: ch25 ch43 ch44; 라피: ch09 ch24 ch26 ch30 ch34 ch44; 아니스: ch39 ch42 ch45; 지휘관: ch01 ch07 ch35 ch37 ch40 ch45
128,char:291,호감도,범위,ch02–ch03 ~,뒤 ch02,,ch02 갱생관(4) · ch02 슈엔(1) · ch00 지휘관(161) · ch00 니케(33) · ch00 지상(8) · ch00 방주(5),라피: ch09 ch24 ch26 ch30 ch34 ch44; 슈엔: ch24 ch25; 아니스: ch39 ch42 ch45; 지휘관: ch01 ch07 ch35 ch37 ch40 ch45
129,char:241,호감도,범위,ch13–ch14 ~,뒤 ch13,,ch13 메어리(20) · ch04 머스탱(14) · ch01 침식(2) · ch00 지휘관(31) · ch00 니케(4) · ch00 방주(1),지휘관: ch01 ch07 ch35 ch37 ch40 ch45
130,char:210,호감도,범위,ch09–ch10 ~,단서 없음,,ch09 프리바티(9) · ch07 엑시아(289) · ch04 에닉(38) · ch01 네온(1) · ch01 엔더슨(1) · ch00 지휘관(42),네온: ch25 ch43 ch44; 라피: ch09 ch24 ch26 ch30 ch34 ch44; 아니스: ch39 ch42 ch45; 엑시아: ch09; 엔더슨: ch25 ch44 ch48; 지휘관: ch01 ch07 ch35 ch37 ch40 ch45
131,char:90,호감도,범위,ch11–ch12 ~,단서 없음,,ch13 메어리(14) · ch11 맥스웰(1) · ch09 메티스(1) · ch07 엑시아(1) · ch04 엠마(232) · ch04 은화(5),네온: ch25 ch43 ch44; 라피: ch09 ch24 ch26 ch30 ch34 ch44; 마리안: ch01 ch07 ch13 ch14 ch48; 맥스웰: ch12 ch15 ch38; 미하라: ch04 ch24; 슈엔: ch24 ch25; 시프티: ch27; 아니스: ch39 ch42 ch45; 엑시아: ch09; 유니: ch24; 지휘관: ch01 ch07 ch35 ch37 ch40 ch45
132,char:160,호감도,범위,ch09–ch10 ~ ch23–ch24,뒤 ch09; 전 ch24,,ch13 슈가(1) · ch11 맥스웰(1) · ch09 프리바티(1) · ch07 엑시아(1) · ch05 루드밀라(1) · ch04 베스티(2),네온: ch25 ch43 ch44; 라피: ch09 ch24 ch26 ch30 ch34 ch44; 맥스웰: ch12 ch15 ch38; 미하라: ch04 ch24; 아니스: ch39 ch42 ch45; 엑시아: ch09; 유니: ch24; 지휘관: ch01 ch07 ch35 ch37 ch40 ch45; 토커티브: ch13
133,char:150,호감도,불명,,단서 없음,,ch04 머스탱(14) · ch02 슈엔(8) · ch02 전초기지(5) · ch01 네온(32) · ch01 카운터스(1) · ch00 지휘관(78),네온: ch25 ch43 ch44; 라피: ch09 ch24 ch26 ch30 ch34 ch44; 슈엔: ch24 ch25; 아니스: ch39 ch42 ch45; 지휘관: ch01 ch07 ch35 ch37 ch40 ch45
134,char:171,호감도,범위,ch09–ch10 ~ ch20–ch21,전 ch21,,ch09 율하(299) · ch09 프리바티(30) · ch09 애드미(21) · ch09 트라이앵글(7) · ch02 전초기지(1) · ch01 네온(6),네온: ch25 ch43 ch44; 라피: ch09 ch24 ch26 ch30 ch34 ch44; 아니스: ch39 ch42 ch45; 지휘관: ch01 ch07 ch35 ch37 ch40 ch45; 파피용: ch21 ch44
135,char:92,호감도,범위,ch04–ch05 ~,단서 없음,,ch09 로열_로드(2) · ch04 은화(371) · ch04 엠마(32) · ch04 베스티(6) · ch04 앱솔루트(5) · ch04 아우터_림(2),지휘관: ch01 ch07 ch35 ch37 ch40 ch45
136,char:231,호감도,범위,ch21–ch22 ~ ch40–ch41,,,ch08 아크레인저(1) · ch04 필그림(3) · ch01 카운터스(7) · ch01 네온(5) · ch00 지휘관(65) · ch00 아니스(16),네온: ch25 ch43 ch44; 라피: ch09 ch24 ch26 ch30 ch34 ch44; 아니스: ch39 ch42 ch45; 지휘관: ch01 ch07 ch35 ch37 ch40 ch45
137,char:110,호감도,범위,ch16–ch17 ~ ch23–ch24,전 ch24,,ch16 크로우(336) · ch16 아웃로(34) · ch16 자칼(8) · ch16 바이퍼(6) · ch16 포멀(1) · ch04 에닉(24),바이퍼: ch24; 슈엔: ch24 ch25; 지휘관: ch01 ch07 ch35 ch37 ch40 ch45; 크로우: ch24
138,char:131,호감도,범위,ch13–ch14 ~,뒤 ch13,,ch13 페퍼(284) · ch13 메어리(60) · ch01 네온(2) · ch01 카운터스(1) · ch00 지휘관(153) · ch00 라피(4),네온: ch25 ch43 ch44; 라피: ch09 ch24 ch26 ch30 ch34 ch44; 아니스: ch39 ch42 ch45; 지휘관: ch01 ch07 ch35 ch37 ch40 ch45
139,char:30,호감도,범위,ch11–ch12 ~,뒤 ch11,,ch11 맥스웰(23) · ch09 로열_로드(1) · ch04 엠마(24) · ch04 아우터_림(1) · ch02 3대_기업(1) · ch02 미실리스(1),맥스웰: ch12 ch15 ch38; 지휘관: ch01 ch07 ch35 ch37 ch40 ch45
140,char:242,호감도,범위,ch13–ch14 ~,뒤 ch13,,ch13 메어리(39) · ch00 지휘관(106) · ch00 니케(2),지휘관: ch01 ch07 ch35 ch37 ch40 ch45
141,char:170,호감도,범위,ch09–ch10 ~,단서 없음,,ch13 슈가(22) · ch12 카페_스위티(3) · ch09 프리바티(299) · ch09 율하(57) · ch09 애드미(27) · ch09 트라이앵글(4),네온: ch25 ch43 ch44; 라피: ch09 ch24 ch26 ch30 ch34 ch44; 아니스: ch39 ch42 ch45; 지휘관: ch01 ch07 ch35 ch37 ch40 ch45
142,char:142,호감도,범위,ch13–ch14 ~,뒤 ch13,,ch13 슈가(70) · ch13 메어리(52) · ch13 페퍼(17) · ch12 카페_스위티(1) · ch04 머스탱(1) · ch04 크레디트(1),지휘관: ch01 ch07 ch35 ch37 ch40 ch45
143,char:230,호감도,범위,ch19–ch20 ~ ch40–ch41,,,ch02 전초기지(1) · ch01 카운터스(1) · ch01 네온(1) · ch00 지휘관(123) · ch00 랩쳐(13) · ch00 지상(7),네온: ch25 ch43 ch44; 지휘관: ch01 ch07 ch35 ch37 ch40 ch45
144,char:222,호감도,범위,ch17–ch18 ~ ch40–ch41,,,ch14 홍련(421) · ch14 라푼젤(1) · ch09 프리바티(16) · ch04 필그림(10) · ch02 전초기지(3) · ch01 네온(18),네온: ch25 ch43 ch44; 라푼젤: ch48; 라피: ch09 ch24 ch26 ch30 ch34 ch44; 아니스: ch39 ch42 ch45; 지휘관: ch01 ch07 ch35 ch37 ch40 ch45; 홍련: ch48
145,char:120,호감도,범위,ch07–ch08 ~,뒤 ch07,,ch07 엑시아(22) · ch04 크레디트(2) · ch04 기억_소거(2) · ch02 전초기지(1) · ch01 네온(9) · ch00 지휘관(105),네온: ch25 ch43 ch44; 라피: ch09 ch24 ch26 ch30 ch34 ch44; 아니스: ch39 ch42 ch45; 엑시아: ch09; 지휘관: ch01 ch07 ch35 ch37 ch40 ch45
146,event_nocallerid,이벤트,불명,,단서 없음,,ch12 아인(1) · ch01 네온(70) · ch01 엔더슨(38) · ch01 시프티(5) · ch00 라피(121) · ch00 아니스(116),네온: ch25 ch43 ch44; 라피: ch09 ch24 ch26 ch30 ch34 ch44; 시프티: ch27; 아니스: ch39 ch42 ch45; 엔더슨: ch25 ch44 ch48; 지휘관: ch01 ch07 ch35 ch37 ch40 ch45
147,char:352,호감도,상대,,단서 없음,,ch15 달란트(1) · ch09 엔터_헤븐(2) · ch04 크레디트(2) · ch01 엔더슨(11) · ch01 타일런트_급(10) · ch01 네온(6),네온: ch25 ch43 ch44; 라피: ch09 ch24 ch26 ch30 ch34 ch44; 시프티: ch27; 아니스: ch39 ch42 ch45; 엔더슨: ch25 ch44 ch48; 지휘관: ch01 ch07 ch35 ch37 ch40 ch45
149,sub:제니퍼f_00,서브퀘스트,불명,,단서 없음,,ch01 네온(4) · ch00 지휘관(16) · ch00 아니스(13) · ch00 지상(7) · ch00 라피(5) · ch00 니케(2),네온: ch25 ch43 ch44; 라피: ch09 ch24 ch26 ch30 ch34 ch44; 아니스: ch39 ch42 ch45; 지휘관: ch01 ch07 ch35 ch37 ch40 ch45
150,relic:모바일_보이스피싱_광고_모음.zip,유실물,판별,@랩쳐_침공–@갓데스_투입 ~ @갓데스_투입,,,ch00 방주(4) · ch00 중앙_정부(3),
151,relic:니케제작보고서요약본,유실물,범위,@랩쳐_침공–@갓데스_투입 ~,뒤 @랩쳐_침공,,,
153,sub:테트라_커넥트_01,서브퀘스트,범위,ch01–ch02 ~,뒤 sub:테트라_커넥트_00,,ch04 머스탱(1) · ch01 잉그리드(11) · ch01 엘리시온(5) · ch01 네온(4) · ch00 지휘관(31) · ch00 아니스(12),네온: ch25 ch43 ch44; 라피: ch09 ch24 ch26 ch30 ch34 ch44; 아니스: ch39 ch42 ch45; 지휘관: ch01 ch07 ch35 ch37 ch40 ch45
154,sub:중앙_정부_공식__02,서브퀘스트,상대,,뒤 sub:중앙_정부_공식__01,,ch01 네온(18) · ch01 정보부(1) · ch00 지휘관(18) · ch00 아니스(17) · ch00 라피(13) · ch00 랩쳐(6),네온: ch25 ch43 ch44; 라피: ch09 ch24 ch26 ch30 ch34 ch44; 아니스: ch39 ch42 ch45; 지휘관: ch01 ch07 ch35 ch37 ch40 ch45
155,sub:김작가_00,서브퀘스트,불명,,단서 없음,,ch01 네온(6) · ch00 지휘관(24) · ch00 아니스(13) · ch00 라피(4) · ch00 니케(3) · ch00 랩쳐(2),네온: ch25 ch43 ch44; 라피: ch09 ch24 ch26 ch30 ch34 ch44; 아니스: ch39 ch42 ch45; 지휘관: ch01 ch07 ch35 ch37 ch40 ch45
156,relic:XX중학교가정통신문,유실물,판별,@랩쳐_침공 전 ~ @랩쳐_침공–@갓데스_투입,,,,
157,event_hightechtoy,이벤트,범위,ch15–ch16 ~,뒤 ch15,,ch11 맥스웰(220) · ch11 라플라스(157) · ch11 드레이크(56) · ch09 메티스(23) · ch06 헬레틱(1) · ch02 슈엔(59),드레이크: ch12 ch15 ch38; 라플라스: ch12 ch15 ch38; 맥스웰: ch12 ch15 ch38; 슈엔: ch24 ch25; 엔더슨: ch25 ch44 ch48; 지휘관: ch01 ch07 ch35 ch37 ch40 ch45
158,char:100,호감도,범위,ch15–ch16 ~,단서 없음,,ch11 라플라스(222) · ch11 맥스웰(11) · ch09 메티스(2) · ch04 크레디트(1) · ch02 미실리스(5) · ch01 네온(32),네온: ch25 ch43 ch44; 라플라스: ch12 ch15 ch38; 라피: ch09 ch24 ch26 ch30 ch34 ch44; 맥스웰: ch12 ch15 ch38; 아니스: ch39 ch42 ch45; 지휘관: ch01 ch07 ch35 ch37 ch40 ch45
159,event_miraclesnow1,이벤트,범위,ch15–ch16 ~,뒤 ch15,,ch15 루피(544) · ch15 달란트(1) · ch14 리안(7) · ch13 슈가(16) · ch12 메이든(47) · ch07 엑시아(84),슈엔: ch24 ch25; 엑시아: ch09; 엔더슨: ch25 ch44 ch48; 지휘관: ch01 ch07 ch35 ch37 ch40 ch45
160,char:193,호감도,범위,ch05–ch06 ~,단서 없음,,ch05 루드밀라(74) · ch05 앨리스(36) · ch05 언리미티드(1) · ch04 은화(2) · ch00 지휘관(85) · ch00 랩쳐(8),지휘관: ch01 ch07 ch35 ch37 ch40 ch45
161,char:203,호감도,범위,ch15 ~,단서 없음,,ch15 루피(322) · ch13 슈가(3) · ch09 로열_로드(5) · ch04 크레디트(1) · ch02 전초기지(3) · ch01 네온(5),네온: ch25 ch43 ch44; 라피: ch09 ch24 ch26 ch30 ch34 ch44; 아니스: ch39 ch42 ch45; 엔더슨: ch25 ch44 ch48; 지휘관: ch01 ch07 ch35 ch37 ch40 ch45
162,char:121,호감도,범위,ch15–ch16 ~,단서 없음,,ch15 루피(5) · ch11 라플라스(49) · ch09 로열_로드(1) · ch07 엑시아(21) · ch04 엠마(46) · ch04 머스탱(3),네온: ch25 ch43 ch44; 라플라스: ch12 ch15 ch38; 라피: ch09 ch24 ch26 ch30 ch34 ch44; 아니스: ch39 ch42 ch45; 엑시아: ch09; 지휘관: ch01 ch07 ch35 ch37 ch40 ch45
163,event_brandnewyear,이벤트,범위,ch13–ch14 ~,뒤 ch13,,ch13 슈가(162) · ch08 아크레인저(3) · ch00 지휘관(100) · ch00 지상(14) · ch00 방주(3),지휘관: ch01 ch07 ch35 ch37 ch40 ch45
164,char:260,호감도,판별,ch13–ch14,,,ch12 마나(10) · ch06 모더니아(129) · ch02 전초기지(1) · ch01 잉그리드(114) · ch01 네온(86) · ch01 엘리시온(1),네온: ch25 ch43 ch44; 라피: ch09 ch24 ch26 ch30 ch34 ch44; 아니스: ch39 ch42 ch45; 지휘관: ch01 ch07 ch35 ch37 ch40 ch45
166,sub:데이파라_00,서브퀘스트,불명,,단서 없음,,ch01 네온(14) · ch00 지휘관(24) · ch00 라피(17) · ch00 아니스(12) · ch00 지상(6) · ch00 랩쳐(4),네온: ch25 ch43 ch44; 라피: ch09 ch24 ch26 ch30 ch34 ch44; 아니스: ch39 ch42 ch45; 지휘관: ch01 ch07 ch35 ch37 ch40 ch45
167,relic:데일리아크기사스크랩,유실물,판별,@갓데스_폴–@2차_지상_탈환전 ~ @2차_지상_탈환전–ch00,,,ch17 샛별(9) · ch16 총사령관(1) · ch02 전초기지(1) · ch00 중앙_정부(8) · ch00 지상(8) · ch00 랩쳐(3),지휘관: ch01 ch07 ch35 ch37 ch40 ch45
169,sub:로망티스트_00,서브퀘스트,상대,,단서 없음,,ch01 네온(7) · ch00 지휘관(13) · ch00 아니스(10) · ch00 라피(4) · ch00 방주(2) · ch00 지상(1),네온: ch25 ch43 ch44; 라피: ch09 ch24 ch26 ch30 ch34 ch44; 아니스: ch39 ch42 ch45; 지휘관: ch01 ch07 ch35 ch37 ch40 ch45
170,relic:jonathan_report,유실물,불명,,단서 없음,,ch01 로드_급(1) · ch00 니케(7) · ch00 지상(2) · ch00 방주(1),
171,event_doutsiders,이벤트,범위,~ ch23–ch24,전 ch24,,ch16 바이퍼(171) · ch16 크로우(71) · ch16 자칼(39) · ch16 아웃로(6) · ch16 포멀(1) · ch09 엔터_헤븐(14),바이퍼: ch24; 슈엔: ch24 ch25; 엔더슨: ch25 ch44 ch48; 지휘관: ch01 ch07 ch35 ch37 ch40 ch45; 크로우: ch24
172,char:400,호감도,범위,ch13–ch14 ~,뒤 ch13,,ch13 메어리(8) · ch12 마나(61) · ch02 갱생관(14) · ch02 미실리스(1) · ch01 시프티(10) · ch01 네온(5),네온: ch25 ch43 ch44; 라피: ch09 ch24 ch26 ch30 ch34 ch44; 시프티: ch27; 아니스: ch39 ch42 ch45; 지휘관: ch01 ch07 ch35 ch37 ch40 ch45
173,char:401,호감도,상대,,단서 없음,,ch15 도라(1) · ch12 마나(60) · ch02 갱생관(8) · ch01 네온(4) · ch00 지휘관(74) · ch00 아니스(8),네온: ch25 ch43 ch44; 라피: ch09 ch24 ch26 ch30 ch34 ch44; 아니스: ch39 ch42 ch45; 지휘관: ch01 ch07 ch35 ch37 ch40 ch45
174,char:111,호감도,범위,ch16–ch17 ~ ch23–ch24,전 ch24,,ch16 자칼(354) · ch16 크로우(58) · ch02 전초기지(2) · ch01 네온(37) · ch00 지휘관(160) · ch00 아니스(44),네온: ch25 ch43 ch44; 라피: ch09 ch24 ch26 ch30 ch34 ch44; 아니스: ch39 ch42 ch45; 지휘관: ch01 ch07 ch35 ch37 ch40 ch45; 크로우: ch24
175,char:402,호감도,상대,,단서 없음,,ch12 마나(60) · ch02 갱생관(20) · ch00 지휘관(148) · ch00 방주(23),지휘관: ch01 ch07 ch35 ch37 ch40 ch45
176,char:112,호감도,범위,ch16–ch17 ~ ch23–ch24,전 ch24,,ch16 바이퍼(309) · ch16 크로우(20) · ch16 자칼(18) · ch04 아우터_림(5) · ch04 크레디트(2) · ch02 3대_기업(1),바이퍼: ch24; 슈엔: ch24 ch25; 시프티: ch27; 엔더슨: ch25 ch44 ch48; 지휘관: ch01 ch07 ch35 ch37 ch40 ch45; 크로우: ch24
177,event_maidinvalentine,이벤트,범위,ch09–ch10 ~,뒤 ch09,,ch13 슈가(1) · ch12 마나(1) · ch09 프리바티(36) · ch04 머스탱(36) · ch00 지휘관(107) · ch00 지상(6),지휘관: ch01 ch07 ch35 ch37 ch40 ch45
178,char:311,호감도,범위,ch07–ch08 ~,뒤 ch07,,ch07 엑시아(24) · ch04 아우터_림(1) · ch01 잉그리드(24) · ch01 네온(13) · ch01 엘리시온(6) · ch01 카운터스(2),네온: ch25 ch43 ch44; 라피: ch09 ch24 ch26 ch30 ch34 ch44; 아니스: ch39 ch42 ch45; 엑시아: ch09; 지휘관: ch01 ch07 ch35 ch37 ch40 ch45
179,char:312,호감도,불명,,단서 없음,,ch00 지휘관(111) · ch00 방주(1),지휘관: ch01 ch07 ch35 ch37 ch40 ch45
180,char:800,호감도,범위,ch09–ch10 ~,뒤 ch09,,ch09 프리바티(61) · ch09 율하(59) · ch09 애드미(42) · ch09 트라이앵글(3) · ch09 로열_로드(1) · ch02 3대_기업(2),엔더슨: ch25 ch44 ch48; 지휘관: ch01 ch07 ch35 ch37 ch40 ch45
181,char:801,호감도,범위,ch15–ch16 ~,뒤 ch15,,ch11 드레이크(192) · ch09 메티스(1) · ch04 은화(13) · ch04 크레디트(1) · ch02 갱생관(2) · ch01 네온(3),네온: ch25 ch43 ch44; 드레이크: ch12 ch15 ch38; 라피: ch09 ch24 ch26 ch30 ch34 ch44; 아니스: ch39 ch42 ch45; 지휘관: ch01 ch07 ch35 ch37 ch40 ch45
182,char:802,호감도,범위,ch15–ch16 ~,뒤 ch15; 뒤 char:801,,ch11 드레이크(2) · ch04 크레디트(1) · ch02 전초기지(2) · ch00 지휘관(66) · ch00 방주(24) · ch00 니케(5),드레이크: ch12 ch15 ch38; 지휘관: ch01 ch07 ch35 ch37 ch40 ch45
183,event_bowwowparadise,이벤트,불명,,단서 없음,,ch09 로열_로드(3) · ch00 지휘관(86) · ch00 방주(26) · ch00 중앙_정부(2),지휘관: ch01 ch07 ch35 ch37 ch40 ch45
184,char:381,호감도,불명,,단서 없음,,ch09 로열_로드(1) · ch04 크레디트(1) · ch00 지휘관(89) · ch00 방주(12),지휘관: ch01 ch07 ch35 ch37 ch40 ch45
185,event_cherryblossom,이벤트,범위,ch02–ch03 ~,뒤 ch02,,ch16 포멀(1) · ch09 엔터_헤븐(2) · ch06 퀸(1) · ch04 머스탱(53) · ch04 아우터_림(10) · ch02 미하라(36),목단: ch44; 미하라: ch04 ch24; 유니: ch24; 지휘관: ch01 ch07 ch35 ch37 ch40 ch45
186,char:261,호감도,판별,ch20–ch21 ~ ch21,,,ch20 리버렐리오(4) · ch20 릴리스의_바디(2) · ch20 인헤르트(1) · ch19 요한(9) · ch19 아나키오르(1) · ch09 언체인드(16),네온: ch25 ch43 ch44; 니힐리스타: ch25; 라피: ch09 ch24 ch26 ch30 ch34 ch44; 리버렐리오: ch44; 아니스: ch39 ch42 ch45; 지휘관: ch01 ch07 ch35 ch37 ch40 ch45; 토커티브: ch13
187,char:282,호감도,불명,,단서 없음,,ch15 달란트(1) · ch04 머스탱(1) · ch00 지휘관(66) · ch00 방주(6) · ch00 중앙_정부(3) · ch00 니케(2),지휘관: ch01 ch07 ch35 ch37 ch40 ch45
188,event_fullfoolday,이벤트,범위,ch15–ch16 ~,뒤 ch15,,ch15 얀(24) · ch15 도라(18) · ch15 루피(16) · ch13 슈가(19) · ch12 카페_스위티(1) · ch11 드레이크(37),네온: ch25 ch43 ch44; 드레이크: ch12 ch15 ch38; 라피: ch09 ch24 ch26 ch30 ch34 ch44; 슈엔: ch24 ch25; 시프티: ch27; 아니스: ch39 ch42 ch45; 엔더슨: ch25 ch44 ch48; 지휘관: ch01 ch07 ch35 ch37 ch40 ch45
189,event_ltk,이벤트,상대,,단서 없음,,ch04 아우터_림(31) · ch04 에닉(10) · ch02 3대_기업(2) · ch00 지휘관(143) · ch00 니케(23) · ch00 중앙_정부(22),지휘관: ch01 ch07 ch35 ch37 ch40 ch45
190,char:40,호감도,불명,,단서 없음,,ch04 아우터_림(5) · ch01 네온(2) · ch00 지휘관(74) · ch00 지상(8) · ch00 방주(6) · ch00 니케(4),네온: ch25 ch43 ch44; 라피: ch09 ch24 ch26 ch30 ch34 ch44; 아니스: ch39 ch42 ch45; 지휘관: ch01 ch07 ch35 ch37 ch40 ch45
192,sub:에덴_Notice_00,서브퀘스트,판별,ch20–ch21 ~ ch21–ch22,,,ch19 요한(3) · ch09 언체인드(1) · ch04 북부(1) · ch01 카운터스(1) · ch00 지휘관(10) · ch00 니케(2),도로시: ch48; 지휘관: ch01 ch07 ch35 ch37 ch40 ch45
193,sub:에덴_Notice_01,서브퀘스트,판별,ch20–ch21 ~ ch21–ch22,무렵 ch21,,ch19 요한(13) · ch00 지휘관(24) · ch00 랩쳐(6) · ch00 방주(2) · ch00 지상(1),도로시: ch48; 지휘관: ch01 ch07 ch35 ch37 ch40 ch45
194,sub:에덴_Notice_02,서브퀘스트,판별,ch20–ch21 ~ ch21–ch22,무렵 ch21,,ch19 요한(53) · ch01 네온(1) · ch00 지휘관(24) · ch00 라피(4) · ch00 아니스(1),네온: ch25 ch43 ch44; 도로시: ch48; 라피: ch09 ch24 ch26 ch30 ch34 ch44; 아니스: ch39 ch42 ch45; 지휘관: ch01 ch07 ch35 ch37 ch40 ch45
195,relic:특이랩쳐보고서-전,유실물,불명,,단서 없음,,ch00 랩쳐(9),
196,relic:특이랩쳐보고서-후,유실물,불명,,단서 없음,,ch00 니케(1) · ch00 지휘관(1) · ch00 랩쳐(1),지휘관: ch01 ch07 ch35 ch37 ch40 ch45
198,sub:문구점_00,서브퀘스트,판별,ch22,,,ch01 네온(6) · ch00 아니스(10) · ch00 지휘관(8) · ch00 방주(3) · ch00 랩쳐(1),네온: ch25 ch43 ch44; 아니스: ch39 ch42 ch45; 지휘관: ch01 ch07 ch35 ch37 ch40 ch45
199,sub:중앙정부_트라이앵글_00,서브퀘스트,판별,ch22,,,ch09 프리바티(59) · ch09 율하(10) · ch09 트라이앵글(7) · ch09 애드미(7) · ch07 특수_별동대(2) · ch04 아우터_림(1),네온: ch25 ch43 ch44; 라피: ch09 ch24 ch26 ch30 ch34 ch44; 마리안: ch01 ch07 ch13 ch14 ch48; 아니스: ch39 ch42 ch45; 지휘관: ch01 ch07 ch35 ch37 ch40 ch45
200,sub:2호_쉘터_관리계정_00,서브퀘스트,판별,ch22,,,ch01 네온(3) · ch00 지휘관(18) · ch00 라피(6) · ch00 아니스(4) · ch00 방주(1),네온: ch25 ch43 ch44; 라피: ch09 ch24 ch26 ch30 ch34 ch44; 아니스: ch39 ch42 ch45; 지휘관: ch01 ch07 ch35 ch37 ch40 ch45
201,sub:할아범_01,서브퀘스트,판별,ch22,,,ch01 네온(8) · ch00 아니스(25) · ch00 지휘관(22) · ch00 라피(8) · ch00 방주(3) · ch00 중앙_정부(2),네온: ch25 ch43 ch44; 라피: ch09 ch24 ch26 ch30 ch34 ch44; 아니스: ch39 ch42 ch45; 지휘관: ch01 ch07 ch35 ch37 ch40 ch45
202,relic:에닉탄핵포스터,유실물,불명,,단서 없음,,ch04 에닉(9) · ch00 방주(7) · ch00 중앙_정부(2),
203,event_overzone,이벤트,판별,@2차_지상_탈환전–ch00,,,ch14 홍련(339) · ch14 라푼젤(304) · ch06 스노우_화이트(290) · ch06 퀸(3) · ch06 헬레틱(1) · ch04 레드_후드(4),도로시: ch48; 라푼젤: ch48; 레드_후드: ch26; 스노우_화이트: ch44; 지휘관: ch01 ch07 ch35 ch37 ch40 ch45; 홍련: ch48
204,erelic:white_memory,유실물,범위,@아크_가디언_작전–@방주_밀봉 ~ @방주_밀봉–@1차_지상_탈환전 / @방주_밀봉–@1차_지상_탈환전 ~ ch05–ch06,,,ch14 라푼젤(9) · ch14 홍련(6) · ch06 스노우_화이트(44) · ch04 레드_후드(2) · ch00 랩쳐(4) · ch00 지상(3),도로시: ch48; 라푼젤: ch48; 레드_후드: ch26; 스노우_화이트: ch44; 홍련: ch48
205,char:233,호감도,판별,ch20–ch21 ~ ch21–ch22,,,ch20 인헤르트(1) · ch00 지휘관(144) · ch00 방주(22) · ch00 라피(20) · ch00 니케(19) · ch00 랩쳐(8),도로시: ch48; 라피: ch09 ch24 ch26 ch30 ch34 ch44; 지휘관: ch01 ch07 ch35 ch37 ch40 ch45
206,char:392,호감도,상대,,단서 없음,,ch12 아인(78) · ch02 슈엔(2) · ch02 미실리스(1) · ch01 로드_급(2) · ch00 지휘관(61) · ch00 니케(2),슈엔: ch24 ch25; 지휘관: ch01 ch07 ch35 ch37 ch40 ch45
207,event_BunnyX777,이벤트,범위,ch22–ch23 ~,뒤 ch22,,ch22 루주(244) · ch22 블랑(208) · ch22 코인_러시(29) · ch22 777(11) · ch16 바이퍼(27) · ch15 루피(32),바이퍼: ch24; 아니스: ch39 ch42 ch45; 엑시아: ch09; 지휘관: ch01 ch07 ch35 ch37 ch40 ch45
208,char:270,호감도,범위,ch22–ch23 ~,뒤 ch22,,ch22 블랑(355) · ch22 777(6) · ch22 코인_러시(3) · ch13 메어리(11) · ch11 라플라스(8) · ch04 크레디트(2),라플라스: ch12 ch15 ch38; 라피: ch09 ch24 ch26 ch30 ch34 ch44; 지휘관: ch01 ch07 ch35 ch37 ch40 ch45
209,char:271,호감도,범위,ch22–ch23 ~,단서 없음,,ch22 블랑(30) · ch22 코인_러시(1) · ch15 얀(11) · ch15 도라(1) · ch00 지휘관(101) · ch00 방주(1),지휘관: ch01 ch07 ch35 ch37 ch40 ch45
210,event_queensorder,이벤트,범위,ch13–ch14 ~,뒤 ch13,,ch13 메어리(16) · ch04 아우터_림(32) · ch04 엠마(28) · ch04 머스탱(2) · ch01 잉그리드(4) · ch01 카운터스(1),목단: ch44; 지휘관: ch01 ch07 ch35 ch37 ch40 ch45
211,char:280,호감도,범위,ch22–ch23 ~,단서 없음,,ch22 코인_러시(1) · ch16 아웃로(1) · ch09 로열_로드(2) · ch04 아우터_림(2) · ch04 머스탱(1) · ch02 전초기지(1),목단: ch44; 지휘관: ch01 ch07 ch35 ch37 ch40 ch45
212,event_bluewaterisland,이벤트,범위,ch22–ch23 ~,단서 없음,,ch15 얀(120) · ch15 달란트(1) · ch13 메어리(767) · ch13 페퍼(386) · ch13 슈가(37) · ch09 메티스(2),네온: ch25 ch43 ch44; 라피: ch09 ch24 ch26 ch30 ch34 ch44; 슈엔: ch24 ch25; 시프티: ch27; 아니스: ch39 ch42 ch45; 엔더슨: ch25 ch44 ch48; 지휘관: ch01 ch07 ch35 ch37 ch40 ch45
213,char:132,호감도,범위,ch22–ch23 ~,단서 없음,,ch15 얀(26) · ch13 메어리(374) · ch13 페퍼(2) · ch01 네온(65) · ch00 지휘관(97) · ch00 라피(46),네온: ch25 ch43 ch44; 라피: ch09 ch24 ch26 ch30 ch34 ch44; 지휘관: ch01 ch07 ch35 ch37 ch40 ch45
214,char:14,호감도,범위,ch22–ch23 ~,단서 없음,,ch15 얀(1) · ch13 메어리(12) · ch01 네온(307) · ch01 타일런트_급(2) · ch00 지휘관(81) · ch00 지상(4),네온: ch25 ch43 ch44; 라피: ch09 ch24 ch26 ch30 ch34 ch44; 지휘관: ch01 ch07 ch35 ch37 ch40 ch45
215,event_nyanyaparadise,이벤트,범위,ch09–ch10 ~,뒤 ch09,,ch09 애드미(26) · ch00 지휘관(168) · ch00 방주(9) · ch00 지상(1),지휘관: ch01 ch07 ch35 ch37 ch40 ch45
216,char:380,호감도,불명,,단서 없음,,ch02 전초기지(1) · ch00 지휘관(126) · ch00 니케(1) · ch00 방주(1),지휘관: ch01 ch07 ch35 ch37 ch40 ch45
218,sub:상인연합_달란트_00,서브퀘스트,판별,ch23–ch24 ~ ch24,,,ch15 얀(23) · ch15 도라(20) · ch15 루피(15) · ch15 달란트(5) · ch01 네온(2) · ch00 지휘관(13),네온: ch25 ch43 ch44; 라피: ch09 ch24 ch26 ch30 ch34 ch44; 아니스: ch39 ch42 ch45; 지휘관: ch01 ch07 ch35 ch37 ch40 ch45
219,sub:콜렉터_02,서브퀘스트,판별,ch23,,,ch04 아우터_림(3) · ch00 지휘관(22) · ch00 라피(8) · ch00 랩쳐(5) · ch00 아니스(4) · ch00 방주(4),라피: ch09 ch24 ch26 ch30 ch34 ch44; 아니스: ch39 ch42 ch45; 지휘관: ch01 ch07 ch35 ch37 ch40 ch45
220,relic:필그림조우보고서,유실물,불명,,단서 없음,,ch04 필그림(4) · ch04 북부(1) · ch00 니케(5) · ch00 랩쳐(2) · ch00 지상(1) · ch00 방주(1),
222,sub:해결사_카페_스위티_00,서브퀘스트,범위,ch22–ch23 ~ ch24–ch25,,,ch13 슈가(8) · ch12 카페_스위티(4) · ch12 마나(1) · ch02 미실리스(1) · ch01 네온(11) · ch00 지휘관(18),네온: ch25 ch43 ch44; 라피: ch09 ch24 ch26 ch30 ch34 ch44; 아니스: ch39 ch42 ch45; 지휘관: ch01 ch07 ch35 ch37 ch40 ch45
223,relic:긴급뉴스대본_FB_3_final_2.pdf,유실물,판별,ch24,중 ch24,,ch00 방주(7) · ch00 랩쳐(6) · ch00 중앙_정부(6) · ch00 니케(2),
224,event_goldenship,이벤트,불명,,단서 없음,,ch17 차임(23) · ch17 크라운(1) · ch15 얀(12) · ch13 슈가(2) · ch02 전초기지(1) · ch00 지휘관(112),지휘관: ch01 ch07 ch35 ch37 ch40 ch45
225,char:350,호감도,불명,,단서 없음,,ch02 전초기지(2) · ch00 지휘관(75) · ch00 아니스(13) · ch00 라피(9) · ch00 지상(8) · ch00 방주(4),라피: ch09 ch24 ch26 ch30 ch34 ch44; 아니스: ch39 ch42 ch45; 지휘관: ch01 ch07 ch35 ch37 ch40 ch45
226,event_seayouagain1,이벤트,범위,ch22–ch23 ~,단서 없음,,ch15 얀(68) · ch13 메어리(55) · ch13 페퍼(32) · ch13 슈가(2) · ch02 전초기지(1) · ch02 에블라_입자(1),네온: ch25 ch43 ch44; 라피: ch09 ch24 ch26 ch30 ch34 ch44; 아니스: ch39 ch42 ch45; 엔더슨: ch25 ch44 ch48; 지휘관: ch01 ch07 ch35 ch37 ch40 ch45
227,char:15,호감도,범위,ch22–ch23 ~,단서 없음,,ch00 아니스(391) · ch00 지휘관(126) · ch00 니케(1) · ch00 랩쳐(1),아니스: ch39 ch42 ch45; 지휘관: ch01 ch07 ch35 ch37 ch40 ch45
228,char:351,호감도,상대,,뒤 char:352,,ch15 달란트(1) · ch02 3대_기업(2) · ch01 잉그리드(92) · ch01 엘리시온(1) · ch00 지휘관(90) · ch00 니케(4),지휘관: ch01 ch07 ch35 ch37 ch40 ch45
229,char:353,호감도,범위,ch22–ch23 ~,단서 없음,,ch17 샛별(1) · ch15 얀(29) · ch13 페퍼(1) · ch01 네온(1) · ch01 엔더슨(1) · ch00 지휘관(129),네온: ch25 ch43 ch44; 라피: ch09 ch24 ch26 ch30 ch34 ch44; 아니스: ch39 ch42 ch45; 엔더슨: ch25 ch44 ch48; 지휘관: ch01 ch07 ch35 ch37 ch40 ch45
230,event_firstaffection,이벤트,범위,ch17–ch18 ~,단서 없음,marian_p(뒤 ch13) 56줄,ch17 차임(15) · ch17 크라운(11) · ch14 라푼젤(1) · ch14 홍련(1) · ch06 스노우_화이트(1) · ch02 갱생관(1),네온: ch25 ch43 ch44; 라푼젤: ch48; 라피: ch09 ch24 ch26 ch30 ch34 ch44; 마리안: ch01 ch07 ch13 ch14 ch48; 스노우_화이트: ch44; 아니스: ch39 ch42 ch45; 지휘관: ch01 ch07 ch35 ch37 ch40 ch45; 홍련: ch48
231,char:810,호감도,판별,@랩쳐_침공–@갓데스_투입 ~ @갓데스_투입–@궤도_엘리베이터_강습,,,ch01 네온(6) · ch00 라피(121) · ch00 니케(10) · ch00 랩쳐(10) · ch00 아니스(7) · ch00 지휘관(6),네온: ch25 ch43 ch44; 라피: ch09 ch24 ch26 ch30 ch34 ch44; 아니스: ch39 ch42 ch45; 지휘관: ch01 ch07 ch35 ch37 ch40 ch45
232,char:812,호감도,불명,,단서 없음,,ch00 니케(27) · ch00 랩쳐(22) · ch00 지상(5) · ch00 방주(1),
233,char:811,호감도,불명,,단서 없음,,ch00 랩쳐(1) · ch00 지상(1),
234,event_schooloflock,이벤트,상대,,단서 없음,,ch19 요한(1) · ch12 아인(74) · ch09 메티스(1) · ch04 기억_소거(2) · ch04 에닉(1) · ch04 필그림(1),네온: ch25 ch43 ch44; 라피: ch09 ch24 ch26 ch30 ch34 ch44; 슈엔: ch24 ch25; 아니스: ch39 ch42 ch45; 지휘관: ch01 ch07 ch35 ch37 ch40 ch45
235,char:321,호감도,불명,,단서 없음,,ch12 아인(34) · ch00 지휘관(60),지휘관: ch01 ch07 ch35 ch37 ch40 ch45
236,event_dazzlingcupid,이벤트,범위,ch22–ch23 ~,뒤 ch22,,ch22 블랑(15) · ch12 마나(1) · ch01 시뮬레이션_룸(1) · ch00 지휘관(133) · ch00 니케(1),지휘관: ch01 ch07 ch35 ch37 ch40 ch45
237,char:450,호감도,불명,,단서 없음,,ch00 지휘관(20) · ch00 지상(2) · ch00 니케(1) · ch00 랩쳐(1),지휘관: ch01 ch07 ch35 ch37 ch40 ch45
238,char:451,호감도,불명,,단서 없음,,ch00 지휘관(53) · ch00 니케(1),지휘관: ch01 ch07 ch35 ch37 ch40 ch45
239,event_freezeacpu,이벤트,범위,ch15–ch16 ~,뒤 ch15,,ch11 드레이크(133) · ch11 라플라스(1) · ch09 메티스(3) · ch07 엑시아(1) · ch02 전초기지(1) · ch01 네온(118),네온: ch25 ch43 ch44; 드레이크: ch12 ch15 ch38; 라플라스: ch12 ch15 ch38; 라피: ch09 ch24 ch26 ch30 ch34 ch44; 아니스: ch39 ch42 ch45; 엑시아: ch09; 지휘관: ch01 ch07 ch35 ch37 ch40 ch45
240,char:33,호감도,범위,ch13–ch14 ~,뒤 ch13,,ch13 슈가(51) · ch12 카페_스위티(2) · ch02 전초기지(12) · ch00 지휘관(105) · ch00 아니스(9) · ch00 방주(5),아니스: ch39 ch42 ch45; 지휘관: ch01 ch07 ch35 ch37 ch40 ch45
242,sub:중앙정부_프로토콜_00,서브퀘스트,범위,ch22–ch23 ~ ch24–ch25,,,ch07 엑시아(48) · ch01 네온(3) · ch00 지휘관(19) · ch00 아니스(3) · ch00 중앙_정부(2) · ch00 라피(2),네온: ch25 ch43 ch44; 라피: ch09 ch24 ch26 ch30 ch34 ch44; 아니스: ch39 ch42 ch45; 엑시아: ch09; 지휘관: ch01 ch07 ch35 ch37 ch40 ch45
243,relic:마더웨일아종목격보고.wav,유실물,범위,ch02–ch03 ~,뒤 sub:랩칠리언_06,,ch00 지상(2) · ch00 랩쳐(1),
245,sub:로망티스트_01,서브퀘스트,상대,,뒤 sub:로망티스트_00,,ch01 네온(8) · ch00 지휘관(36) · ch00 아니스(12) · ch00 라피(11) · ch00 지상(3) · ch00 니케(1),네온: ch25 ch43 ch44; 라피: ch09 ch24 ch26 ch30 ch34 ch44; 아니스: ch39 ch42 ch45; 지휘관: ch01 ch07 ch35 ch37 ch40 ch45
246,sub:코인_러시_00,서브퀘스트,판별,ch23–ch24 ~ ch24–ch25,,,ch22 블랑(28) · ch22 코인_러시(4) · ch01 네온(9) · ch00 아니스(13) · ch00 지휘관(12) · ch00 라피(3),네온: ch25 ch43 ch44; 라피: ch09 ch24 ch26 ch30 ch34 ch44; 아니스: ch39 ch42 ch45; 지휘관: ch01 ch07 ch35 ch37 ch40 ch45
247,relic:저주받은보석,유실물,불명,,단서 없음,,ch04 기억_소거(1) · ch00 니케(9) · ch00 랩쳐(5),
248,event_redash,이벤트,판별,@갓데스_투입 ~ @갓데스_투입–@궤도_엘리베이터_강습 / @궤도_엘리베이터_강습–@아크_가디언_작전 ~ @아크_가디언_작전–@방주_밀봉 / @2차_지상_탈환전–ch00,,hongryeon_o(뒤 @랩쳐_침공 · 전 @갓데스_폴) 172줄; rapunzel_o(뒤 @랩쳐_침공 · 전 @갓데스_폴) 125줄; snowwhite_o(뒤 @랩쳐_침공 · 전 @갓데스_폴) 357줄,ch19 아나키오르(25) · ch18 스톰_브링어(1) · ch14 라푼젤(212) · ch14 홍련(196) · ch12 콜드_슬립(3) · ch06 스노우_화이트(418),도로시: ch48; 라푼젤: ch48; 라피: ch09 ch24 ch26 ch30 ch34 ch44; 레드_후드: ch26; 스노우_화이트: ch44; 신데렐라: ch32; 지휘관: ch01 ch07 ch35 ch37 ch40 ch45; 홍련: ch48
249,erelic:red_ash_lost,유실물,판별,@랩쳐_침공–@갓데스_투입 ~ @갓데스_투입–@궤도_엘리베이터_강습 / @궤도_엘리베이터_강습–@아크_가디언_작전 ~ @아크_가디언_작전–@방주_밀봉,,,ch14 라푼젤(294) · ch14 홍련(129) · ch13 갓데시움(3) · ch06 스노우_화이트(96) · ch04 레드_후드(306) · ch04 페어리_테일(7),도로시: ch48; 라푼젤: ch48; 레드_후드: ch26; 스노우_화이트: ch44; 지휘관: ch01 ch07 ch35 ch37 ch40 ch45; 홍련: ch48
250,erelic:red_ash_mini,유실물,판별,@갓데스_투입–@궤도_엘리베이터_강습 ~ @궤도_엘리베이터_강습–@아크_가디언_작전,,,ch14 홍련(29) · ch14 라푼젤(29) · ch06 스노우_화이트(92) · ch06 퀸(2) · ch04 레드_후드(86) · ch01 시뮬레이션_룸(1),도로시: ch48; 라푼젤: ch48; 레드_후드: ch26; 스노우_화이트: ch44; 신데렐라: ch32; 지휘관: ch01 ch07 ch35 ch37 ch40 ch45; 홍련: ch48
251,char:470,호감도,판별,ch26,,,ch14 홍련(7) · ch14 라푼젤(3) · ch06 스노우_화이트(3) · ch04 레드_후드(234) · ch04 페어리_테일(9) · ch04 아우터_림(1),네온: ch25 ch43 ch44; 라푼젤: ch48; 라피: ch09 ch24 ch26 ch30 ch34 ch44; 레드_후드: ch26; 스노우_화이트: ch44; 아니스: ch39 ch42 ch45; 지휘관: ch01 ch07 ch35 ch37 ch40 ch45; 홍련: ch48
252,char:224,호감도,판별,@랩쳐_침공–@갓데스_투입 ~ @갓데스_투입–@궤도_엘리베이터_강습,,snowwhite_o(뒤 @랩쳐_침공 · 전 @갓데스_폴) 224줄,ch14 홍련(1) · ch06 스노우_화이트(249) · ch01 타일런트_급(1) · ch00 랩쳐(19) · ch00 니케(13) · ch00 지휘관(4),스노우_화이트: ch44; 지휘관: ch01 ch07 ch35 ch37 ch40 ch45; 홍련: ch48
253,event_alonesurvivor,이벤트,범위,ch05–ch06 ~,뒤 ch05,,ch05 루드밀라(204) · ch05 앨리스(36) · ch05 언리미티드(8) · ch04 북부(16) · ch02 에블라_입자(4) · ch02 미실리스(1),지휘관: ch01 ch07 ch35 ch37 ch40 ch45
254,char:192,호감도,범위,ch05–ch06 ~,단서 없음,,ch05 루드밀라(101) · ch05 앨리스(45) · ch05 언리미티드(9) · ch04 북부(5) · ch00 지휘관(42) · ch00 니케(6),지휘관: ch01 ch07 ch35 ch37 ch40 ch45
255,event_neverland1,이벤트,범위,ch22–ch23 ~,뒤 ch22,,ch22 블랑(141) · ch22 루주(1) · ch22 777(1) · ch16 스카우팅(6) · ch12 마나(1) · ch05 루드밀라(423),슈엔: ch24 ch25; 엔더슨: ch25 ch44 ch48; 지휘관: ch01 ch07 ch35 ch37 ch40 ch45
256,char:194,호감도,범위,ch22–ch23 ~,단서 없음,,ch05 루드밀라(271) · ch04 북부(3) · ch04 엠마(1) · ch00 지휘관(55) · ch00 니케(11),지휘관: ch01 ch07 ch35 ch37 ch40 ch45
257,char:62,호감도,범위,ch22–ch23 ~,단서 없음,,ch05 루드밀라(2) · ch00 지휘관(79),지휘관: ch01 ch07 ch35 ch37 ch40 ch45
258,event_newyearnewsword,이벤트,범위,ch14–ch15 ~,뒤 ch14,hongryeon_o(뒤 @랩쳐_침공 · 전 @갓데스_폴) 276줄,ch22 777(1) · ch14 홍련(507) · ch05 언리미티드(1) · ch04 페어리_테일(5) · ch02 전초기지(2) · ch01 네온(3),네온: ch25 ch43 ch44; 라피: ch09 ch24 ch26 ch30 ch34 ch44; 아니스: ch39 ch42 ch45; 장화: ch46 ch48; 지휘관: ch01 ch07 ch35 ch37 ch40 ch45; 홍련: ch48
259,char:225,호감도,범위,@갓데스_투입–@궤도_엘리베이터_강습 ~ @아크_가디언_작전–@방주_밀봉,,hongryeon_o(뒤 @랩쳐_침공 · 전 @갓데스_폴) 169줄; rapunzel_o(뒤 @랩쳐_침공 · 전 @갓데스_폴) 31줄; snowwhite_o(뒤 @랩쳐_침공 · 전 @갓데스_폴) 24줄,ch14 홍련(197) · ch14 라푼젤(36) · ch06 스노우_화이트(29) · ch04 레드_후드(72) · ch00 랩쳐(4) · ch00 지휘관(1),도로시: ch48; 라푼젤: ch48; 레드_후드: ch26; 스노우_화이트: ch44; 지휘관: ch01 ch07 ch35 ch37 ch40 ch45; 홍련: ch48
260,event_lionheart,이벤트,범위,ch12–ch13 ~,뒤 ch12,,ch12 길로틴(83) · ch09 로열_로드(1) · ch04 머스탱(59) · ch00 지휘관(118) · ch00 지상(24) · ch00 방주(3),지휘관: ch01 ch07 ch35 ch37 ch40 ch45
261,char:382,호감도,불명,,단서 없음,,ch00 지휘관(55) · ch00 지상(12) · ch00 랩쳐(2) · ch00 방주(1),지휘관: ch01 ch07 ch35 ch37 ch40 ch45
262,event_dirtybackyard,이벤트,범위,ch22–ch23 ~,뒤 ch22,,ch22 진(82) · ch13 슈가(334) · ch04 아우터_림(26) · ch04 머스탱(3) · ch00 지휘관(129) · ch00 방주(2),목단: ch44; 지휘관: ch01 ch07 ch35 ch37 ch40 ch45
263,char:281,호감도,범위,ch22–ch23 ~,뒤 ch22,,ch22 진(61) · ch15 도라(1) · ch15 루피(1) · ch15 얀(1) · ch13 메어리(1) · ch13 슈가(1),목단: ch44; 지휘관: ch01 ch07 ch35 ch37 ch40 ch45
264,event_perfectmaid,이벤트,범위,ch15–ch16 ~,뒤 ch15,,ch11 드레이크(81) · ch09 프리바티(538) · ch09 율하(14) · ch09 애드미(7) · ch09 메티스(6) · ch09 엔터_헤븐(4),드레이크: ch12 ch15 ch38; 지휘관: ch01 ch07 ch35 ch37 ch40 ch45
265,char:313,호감도,범위,ch15–ch16 ~,단서 없음,,ch09 프리바티(320) · ch00 지휘관(71),지휘관: ch01 ch07 ch35 ch37 ch40 ch45
266,char:310,호감도,불명,,단서 없음,,ch00 지휘관(83) · ch00 방주(1),지휘관: ch01 ch07 ch35 ch37 ch40 ch45
268,sub:피라_00,서브퀘스트,범위,ch26–ch27 ~,단서 없음,,ch04 레드_후드(6) · ch00 라피(25) · ch00 지휘관(25) · ch00 지상(1),라피: ch09 ch24 ch26 ch30 ch34 ch44; 레드_후드: ch26; 지휘관: ch01 ch07 ch35 ch37 ch40 ch45
269,sub:피라_01,서브퀘스트,범위,ch26–ch27 ~,뒤 sub:피라_00,,ch27 탈환지_01(1) · ch04 레드_후드(1) · ch00 라피(45) · ch00 지휘관(41) · ch00 랩쳐(1) · ch00 지상(1),라피: ch09 ch24 ch26 ch30 ch34 ch44; 레드_후드: ch26; 지휘관: ch01 ch07 ch35 ch37 ch40 ch45
270,sub:피라_02,서브퀘스트,범위,ch26–ch27 ~,뒤 sub:피라_01,,ch27 탈환지_01(1) · ch04 레드_후드(4) · ch00 라피(56) · ch00 지휘관(38) · ch00 랩쳐(2) · ch00 니케(1),라피: ch09 ch24 ch26 ch30 ch34 ch44; 레드_후드: ch26; 지휘관: ch01 ch07 ch35 ch37 ch40 ch45
271,sub:트윙클_00,서브퀘스트,범위,ch26–ch27 ~,뒤 sub:피라_00,,ch27 탈환지_01(1) · ch09 로열_로드(2) · ch01 네온(2) · ch00 아니스(55) · ch00 지휘관(36) · ch00 지상(9),네온: ch25 ch43 ch44; 라피: ch09 ch24 ch26 ch30 ch34 ch44; 아니스: ch39 ch42 ch45; 지휘관: ch01 ch07 ch35 ch37 ch40 ch45
272,relic:잘지내라친구,유실물,범위,@갓데스_투입–@궤도_엘리베이터_강습 ~ @아크_가디언_작전–@방주_밀봉,,,ch00 방주(1),
274,sub:택틱컬틱택_00,서브퀘스트,범위,ch24–ch25 ~,단서 없음,,ch07 특수_별동대(1) · ch01 네온(11) · ch01 엘리시온(4) · ch01 잉그리드(2) · ch00 라피(24) · ch00 지휘관(15),네온: ch25 ch43 ch44; 라피: ch09 ch24 ch26 ch30 ch34 ch44; 아니스: ch39 ch42 ch45; 지휘관: ch01 ch07 ch35 ch37 ch40 ch45
275,sub:택틱컬틱택_01,서브퀘스트,범위,ch24–ch25 ~,뒤 sub:택틱컬틱택_00,,ch06 모더니아(2) · ch06 헬레틱(1) · ch04 기억_소거(1) · ch04 레드_후드(1) · ch01 잉그리드(3) · ch01 엘리시온(1),네온: ch25 ch43 ch44; 라피: ch09 ch24 ch26 ch30 ch34 ch44; 레드_후드: ch26; 아니스: ch39 ch42 ch45; 지휘관: ch01 ch07 ch35 ch37 ch40 ch45
276,sub:핸섬_커맨더_00,서브퀘스트,판별,ch27–ch28 ~ ch28–ch29,,,ch27 해머링(1) · ch07 특수_별동대(1) · ch01 시프티(16) · ch01 네온(12) · ch00 지휘관(38) · ch00 라피(14),네온: ch25 ch43 ch44; 라피: ch09 ch24 ch26 ch30 ch34 ch44; 시프티: ch27; 아니스: ch39 ch42 ch45; 지휘관: ch01 ch07 ch35 ch37 ch40 ch45; 해머링: ch30
277,sub:핸섬_커맨더_01,서브퀘스트,범위,ch27–ch28 ~,뒤 sub:핸섬_커맨더_00,,ch01 시프티(4) · ch01 네온(3) · ch00 지휘관(29) · ch00 라피(9) · ch00 아니스(4) · ch00 방주(4),네온: ch25 ch43 ch44; 라피: ch09 ch24 ch26 ch30 ch34 ch44; 시프티: ch27; 아니스: ch39 ch42 ch45; 지휘관: ch01 ch07 ch35 ch37 ch40 ch45
278,sub:MMR지킴이_00,서브퀘스트,범위,ch27–ch28 ~,뒤 sub:핸섬_커맨더_01,,ch01 네온(15) · ch00 지휘관(21) · ch00 라피(10) · ch00 아니스(8) · ch00 랩쳐(4) · ch00 지상(3),네온: ch25 ch43 ch44; 라피: ch09 ch24 ch26 ch30 ch34 ch44; 아니스: ch39 ch42 ch45; 지휘관: ch01 ch07 ch35 ch37 ch40 ch45
279,relic:조난일지,유실물,불명,,단서 없음,,ch00 지휘관(2) · ch00 방주(1),지휘관: ch01 ch07 ch35 ch37 ch40 ch45
280,event_boomsday,이벤트,범위,ch07–ch08 ~ ch26–ch27,뒤 ch07,,ch27 일레그(603) · ch27 일렉트릭_쇼크(18) · ch08 아크레인저(13) · ch07 엑시아(54) · ch02 슈엔(15) · ch02 미실리스(6),슈엔: ch24 ch25; 엑시아: ch09; 지휘관: ch01 ch07 ch35 ch37 ch40 ch45
281,char:500,호감도,범위,ch30–ch31 ~,단서 없음,,ch27 일레그(234) · ch15 루피(3) · ch15 얀(3) · ch13 슈가(12) · ch13 디젤(6) · ch11 맥스웰(73),맥스웰: ch12 ch15 ch38; 슈엔: ch24 ch25; 지휘관: ch01 ch07 ch35 ch37 ch40 ch45
282,event_killthelord,이벤트,범위,ch22–ch23 ~,단서 없음,,ch09 로열_로드(1) · ch04 아우터_림(1) · ch02 전초기지(1) · ch01 네온(1) · ch00 지휘관(149) · ch00 중앙_정부(6),네온: ch25 ch43 ch44; 라피: ch09 ch24 ch26 ch30 ch34 ch44; 마리안: ch01 ch07 ch13 ch14 ch48; 목단: ch44; 아니스: ch39 ch42 ch45; 지휘관: ch01 ch07 ch35 ch37 ch40 ch45
283,char:43,호감도,범위,ch22–ch23 ~,단서 없음,,ch15 루피(7) · ch02 전초기지(1) · ch01 네온(7) · ch00 지휘관(169) · ch00 라피(14) · ch00 아니스(14),네온: ch25 ch43 ch44; 라피: ch09 ch24 ch26 ch30 ch34 ch44; 아니스: ch39 ch42 ch45; 지휘관: ch01 ch07 ch35 ch37 ch40 ch45
284,char:822,호감도,불명,,단서 없음,,ch12 마나(1) · ch00 지휘관(13),지휘관: ch01 ch07 ch35 ch37 ch40 ch45
285,char:821,호감도,불명,,단서 없음,,ch13 디젤(86) · ch13 솔린(3) · ch13 브리드(2) · ch08 아크레인저(4),
286,char:820,호감도,불명,,단서 없음,,ch13 솔린(158) · ch13 디젤(17) · ch13 브리드(11) · ch09 로열_로드(1) · ch00 방주(1),
287,event_liarsend,이벤트,범위,ch22–ch23 ~,뒤 ch22,,ch22 블랑(7) · ch15 루피(6) · ch13 슈가(7) · ch13 메어리(4) · ch09 프리바티(13) · ch09 메티스(7),네온: ch25 ch43 ch44; 라피: ch09 ch24 ch26 ch30 ch34 ch44; 슈엔: ch24 ch25; 시프티: ch27; 아니스: ch39 ch42 ch45; 엔더슨: ch25 ch44 ch48; 지휘관: ch01 ch07 ch35 ch37 ch40 ch45
288,side:second_affection,사이드,판별,ch14–ch15 ~ ch15,,,ch17 차임(172) · ch17 크라운(112) · ch14 라푼젤(157) · ch14 홍련(156) · ch09 언체인드(1) · ch06 스노우_화이트(192),네온: ch25 ch43 ch44; 도로시: ch48; 라푼젤: ch48; 라피: ch09 ch24 ch26 ch30 ch34 ch44; 마리안: ch01 ch07 ch13 ch14 ch48; 스노우_화이트: ch44; 아니스: ch39 ch42 ch45; 지휘관: ch01 ch07 ch35 ch37 ch40 ch45; 홍련: ch48
289,event_onemoretime,이벤트,범위,ch22–ch23 ~,뒤 ch22,,ch22 블랑(22) · ch13 디젤(15) · ch04 은화(9) · ch04 엠마(3) · ch04 크레디트(1) · ch00 지휘관(175),지휘관: ch01 ch07 ch35 ch37 ch40 ch45
290,char:550,호감도,상대,,단서 없음,,ch00 지휘관(134) · ch00 니케(1) · ch00 방주(1),지휘관: ch01 ch07 ch35 ch37 ch40 ch45
292,relic:반드시사수하라,유실물,불명,,단서 없음,,ch00 방주(3) · ch00 랩쳐(1) · ch00 지휘관(1) · ch00 지상(1),지휘관: ch01 ch07 ch35 ch37 ch40 ch45
294,relic:하모니큐브관찰일지,유실물,범위,~ ch29–ch30,전 ch30,,ch00 랩쳐(1) · ch00 방주(1),
295,event_lastkingdom1,이벤트,범위,ch26–ch27 ~,단서 없음,,ch26 크라운_왕국(9) · ch17 크라운(568) · ch17 차임(519) · ch14 홍련(92) · ch14 라푼젤(74) · ch13 아틀라스_케이지(1),나유타: ch40 ch46; 니힐리스타: ch25; 라푼젤: ch48; 마리안: ch01 ch07 ch13 ch14 ch48; 스노우_화이트: ch44; 지휘관: ch01 ch07 ch35 ch37 ch40 ch45; 토커티브: ch13; 홍련: ch48
296,char:330,호감도,판별,ch25–ch26 ~ ch26–ch27,,,ch26 크라운_왕국(20) · ch17 크라운(199) · ch17 차임(123) · ch17 바이스리터(1) · ch04 레드_후드(8) · ch01 네온(26),네온: ch25 ch43 ch44; 레드_후드: ch26; 마리안: ch01 ch07 ch13 ch14 ch48; 아니스: ch39 ch42 ch45; 지휘관: ch01 ch07 ch35 ch37 ch40 ch45
297,char:361,호감도,범위,ch26 ~,단서 없음,,ch16 스카우팅(1) · ch12 마나(9) · ch07 특수_별동대(4) · ch02 전초기지(6) · ch02 미실리스(3) · ch02 슈엔(2),네온: ch25 ch43 ch44; 라피: ch09 ch24 ch26 ch30 ch34 ch44; 슈엔: ch24 ch25; 아니스: ch39 ch42 ch45; 지휘관: ch01 ch07 ch35 ch37 ch40 ch45
298,event_darkhero,이벤트,판별,ch26 ~ ch26–ch27,,,ch27 일레그(333) · ch27 일렉트릭_쇼크(11) · ch27 수정_지역(1) · ch23 방주_테러(1) · ch12 메이든(206) · ch12 길로틴(16),슈엔: ch24 ch25; 엑시아: ch09; 지휘관: ch01 ch07 ch35 ch37 ch40 ch45
299,char:501,호감도,범위,ch15–ch16 ~,뒤 ch15,,ch27 일레그(59) · ch27 일렉트릭_쇼크(6) · ch11 라플라스(75) · ch11 드레이크(7) · ch04 은화(24) · ch04 엠마(2),네온: ch25 ch43 ch44; 드레이크: ch12 ch15 ch38; 라플라스: ch12 ch15 ch38; 슈엔: ch24 ch25; 지휘관: ch01 ch07 ch35 ch37 ch40 ch45
300,event_goldencoinrush1,이벤트,범위,ch22–ch23 ~,단서 없음,,ch22 루주(100) · ch22 블랑(89) · ch22 코인_러시(37) · ch22 777(21) · ch15 루피(160) · ch15 얀(39),엑시아: ch09; 지휘관: ch01 ch07 ch35 ch37 ch40 ch45
301,char:314,호감도,범위,ch22–ch23 ~,단서 없음,,ch22 루주(71) · ch22 코인_러시(9) · ch00 지휘관(102),지휘관: ch01 ch07 ch35 ch37 ch40 ch45
302,char:195,호감도,범위,ch22–ch23 ~,단서 없음,,ch22 코인_러시(10) · ch22 루주(9) · ch22 777(1) · ch22 블랑(1) · ch05 앨리스(254) · ch05 루드밀라(38),지휘관: ch01 ch07 ch35 ch37 ch40 ch45
303,event_claymore,이벤트,범위,ch22–ch23 ~,단서 없음,,ch13 페퍼(17) · ch04 아우터_림(1) · ch04 머스탱(1) · ch02 전초기지(1) · ch00 지휘관(143) · ch00 니케(17),지휘관: ch01 ch07 ch35 ch37 ch40 ch45
304,char:551,호감도,범위,ch26 ~,단서 없음,,ch13 메어리(8) · ch13 슈가(1) · ch07 엑시아(34) · ch01 네온(29) · ch01 엘리시온(1) · ch00 지휘관(84),네온: ch25 ch43 ch44; 아니스: ch39 ch42 ch45; 엑시아: ch09; 지휘관: ch01 ch07 ch35 ch37 ch40 ch45
305,event_beautyfullshot1,이벤트,범위,ch22–ch23 ~,단서 없음,,ch23 프리티(1) · ch16 바이퍼(423) · ch16 자칼(131) · ch13 메어리(84) · ch12 메이든(220) · ch09 트라이앵글(1),네온: ch25 ch43 ch44; 라피: ch09 ch24 ch26 ch30 ch34 ch44; 목단: ch44; 바이퍼: ch24; 아니스: ch39 ch42 ch45; 지휘관: ch01 ch07 ch35 ch37 ch40 ch45; 프리티: ch39
306,char:284,호감도,범위,ch22–ch23 ~,단서 없음,,ch16 자칼(22) · ch13 메어리(21) · ch12 메이든(1) · ch01 네온(2) · ch00 지휘관(123) · ch00 아니스(5),네온: ch25 ch43 ch44; 아니스: ch39 ch42 ch45; 지휘관: ch01 ch07 ch35 ch37 ch40 ch45
307,char:283,호감도,범위,ch22–ch23 ~,단서 없음,,ch16 자칼(12) · ch16 바이퍼(9) · ch01 네온(5) · ch01 시뮬레이션_룸(1) · ch00 지휘관(76) · ch00 아니스(8),네온: ch25 ch43 ch44; 바이퍼: ch24; 아니스: ch39 ch42 ch45; 지휘관: ch01 ch07 ch35 ch37 ch40 ch45
309,relic:말뚝프로젝트보고서,유실물,범위,~ ch30–ch31,전 ch31,,ch00 지상(2) · ch00 랩쳐(1),
311,sub:관짝이_00,서브퀘스트,판별,ch32–ch33,단서 없음,,ch31 베히모스(2) · ch30 관짝이(62) · ch28 그레이브(64) · ch27 수정_지역(2) · ch27 리버린(1) · ch27 일레그(1),그레이브: ch31 ch33 ch34; 네온: ch25 ch43 ch44; 라피: ch09 ch24 ch26 ch30 ch34 ch44; 리버린: ch45; 베히모스: ch32 ch33 ch34 ch40; 신데렐라: ch32; 아니스: ch39 ch42 ch45; 지휘관: ch01 ch07 ch35 ch37 ch40 ch45; 해머링: ch30
312,sub:거울_공주_00,서브퀘스트,판별,ch32–ch33 ~ ch33–ch34,전 ch34,,ch28 그레이브(2) · ch27 수정_지역(3) · ch19 아나키오르(2) · ch06 헬레틱(4) · ch06 스노우_화이트(1) · ch01 네온(17),그레이브: ch31 ch33 ch34; 네온: ch25 ch43 ch44; 라피: ch09 ch24 ch26 ch30 ch34 ch44; 스노우_화이트: ch44; 신데렐라: ch32; 아니스: ch39 ch42 ch45; 지휘관: ch01 ch07 ch35 ch37 ch40 ch45
313,sub:관짝이_01,서브퀘스트,판별,ch32–ch33,뒤 sub:관짝이_00,,ch31 포비스트(7) · ch31 베히모스(4) · ch30 관짝이(71) · ch28 그레이브(116) · ch28 언노운(1) · ch27 수정_지역(7),그레이브: ch31 ch33 ch34; 네온: ch25 ch43 ch44; 니힐리스타: ch25; 라피: ch09 ch24 ch26 ch30 ch34 ch44; 베히모스: ch32 ch33 ch34 ch40; 신데렐라: ch32; 아니스: ch39 ch42 ch45; 지휘관: ch01 ch07 ch35 ch37 ch40 ch45
314,sub:관짝이_02,서브퀘스트,판별,ch32–ch33,뒤 sub:관짝이_01; 전 ch33,,ch31 베히모스(1) · ch30 관짝이(73) · ch28 그레이브(47) · ch19 아나키오르(1) · ch06 스노우_화이트(14) · ch06 헬레틱(2),그레이브: ch31 ch33 ch34; 네온: ch25 ch43 ch44; 라피: ch09 ch24 ch26 ch30 ch34 ch44; 베히모스: ch32 ch33 ch34 ch40; 스노우_화이트: ch44; 신데렐라: ch32; 아니스: ch39 ch42 ch45; 지휘관: ch01 ch07 ch35 ch37 ch40 ch45
315,sub:거울_공주_01,서브퀘스트,판별,ch32–ch33,단서 없음,,ch31 베히모스(3) · ch28 그레이브(1) · ch04 페어리_테일(4) · ch01 네온(10) · ch00 지휘관(20) · ch00 아니스(10),그레이브: ch31 ch33 ch34; 네온: ch25 ch43 ch44; 라피: ch09 ch24 ch26 ch30 ch34 ch44; 베히모스: ch32 ch33 ch34 ch40; 신데렐라: ch32; 아니스: ch39 ch42 ch45; 지휘관: ch01 ch07 ch35 ch37 ch40 ch45
316,relic:수정지역깊은곳어딘가,유실물,범위,~ ch31–ch32,전 ch32,,ch27 수정_지역(1),
317,event_juveniledays,이벤트,범위,ch15–ch16 ~,뒤 ch15,,ch15 루피(112) · ch12 아인(665) · ch01 시뮬레이션_룸(3) · ch00 지휘관(86) · ch00 지상(1),지휘관: ch01 ch07 ch35 ch37 ch40 ch45
318,char:391,호감도,범위,ch15–ch16 ~,단서 없음,,ch15 루피(96) · ch12 아인(203) · ch00 지휘관(20),지휘관: ch01 ch07 ch35 ch37 ch40 ch45
319,event_colorless,이벤트,범위,ch15 ~,뒤 ch09,,ch12 아인(267) · ch09 프리바티(239) · ch09 율하(4) · ch09 애드미(1) · ch04 은화(2) · ch02 전초기지(2),라피: ch09 ch24 ch26 ch30 ch34 ch44; 지휘관: ch01 ch07 ch35 ch37 ch40 ch45
320,char:390,호감도,범위,ch15 ~,단서 없음,,ch13 슈가(37) · ch12 아인(31) · ch12 카페_스위티(4) · ch09 율하(94) · ch09 애드미(30) · ch09 프리바티(15),지휘관: ch01 ch07 ch35 ch37 ch40 ch45
321,char:833,호감도,상대,,단서 없음,,ch01 시뮬레이션_룸(2) · ch00 니케(11),
322,char:830,호감도,상대,,단서 없음,,ch12 마나(2) · ch01 시뮬레이션_룸(5) · ch00 랩쳐(21) · ch00 방주(2) · ch00 지상(2),
323,char:831,호감도,상대,,단서 없음,,ch15 루피(14) · ch12 아인(158) · ch00 방주(4),
324,char:832,호감도,상대,,단서 없음,,ch12 아인(4) · ch00 중앙_정부(2) · ch00 니케(2) · ch00 지상(1),
325,event_jinxplayer,이벤트,범위,ch22–ch23 ~,뒤 ch22,,ch22 루주(861) · ch22 블랑(134) · ch22 코인_러시(19) · ch22 777(1) · ch00 지휘관(168) · ch00 니케(2),지휘관: ch01 ch07 ch35 ch37 ch40 ch45
326,event_nonsensered,이벤트,판별,@갓데스_투입–@궤도_엘리베이터_강습 ~ @궤도_엘리베이터_강습–@아크_가디언_작전,,hongryeon_o(뒤 @랩쳐_침공 · 전 @갓데스_폴) 20줄; rapunzel_o(뒤 @랩쳐_침공 · 전 @갓데스_폴) 30줄; snowwhite_o(뒤 @랩쳐_침공 · 전 @갓데스_폴) 30줄,ch14 라푼젤(93) · ch14 홍련(22) · ch12 마나(1) · ch06 스노우_화이트(33) · ch04 레드_후드(124) · ch01 네온(1),네온: ch25 ch43 ch44; 도로시: ch48; 라푼젤: ch48; 라피: ch09 ch24 ch26 ch30 ch34 ch44; 레드_후드: ch26; 스노우_화이트: ch44; 아니스: ch39 ch42 ch45; 지휘관: ch01 ch07 ch35 ch37 ch40 ch45; 홍련: ch48
327,char:272,호감도,범위,ch22–ch23 ~,뒤 ch22,,ch22 루주(374) · ch22 블랑(22) · ch22 코인_러시(12) · ch00 지휘관(125),지휘관: ch01 ch07 ch35 ch37 ch40 ch45
328,event_phantomthiefvsdetective,이벤트,범위,ch15–ch16 ~,단서 없음,,ch02 갱생관(3) · ch00 지휘관(115) · ch00 방주(2),지휘관: ch01 ch07 ch35 ch37 ch40 ch45
329,char:403,호감도,범위,ch15–ch16 ~,단서 없음,,ch12 마나(3) · ch11 드레이크(68) · ch11 라플라스(2) · ch11 맥스웰(2) · ch09 메티스(1) · ch02 갱생관(10),네온: ch25 ch43 ch44; 드레이크: ch12 ch15 ch38; 라플라스: ch12 ch15 ch38; 라피: ch09 ch24 ch26 ch30 ch34 ch44; 맥스웰: ch12 ch15 ch38; 아니스: ch39 ch42 ch45; 지휘관: ch01 ch07 ch35 ch37 ch40 ch45
330,char:580,호감도,상대,,단서 없음,,ch04 기억_소거(1) · ch01 카운터스(4) · ch00 지휘관(142) · ch00 라피(28) · ch00 니케(4) · ch00 방주(3),라피: ch09 ch24 ch26 ch30 ch34 ch44; 지휘관: ch01 ch07 ch35 ch37 ch40 ch45
331,side:wordless,사이드,범위,ch24–ch25 ~,단서 없음,,ch27 일렉트릭_쇼크(1) · ch23 방주_테러(1) · ch13 메어리(37) · ch13 페퍼(30) · ch12 마나(214) · ch09 메티스(3),미하라: ch04 ch24; 슈엔: ch24 ch25; 유니: ch24; 지휘관: ch01 ch07 ch35 ch37 ch40 ch45; 토커티브: ch13
332,event_lifeagain,이벤트,범위,ch05–ch06 ~,단서 없음,,ch04 북부(1) · ch01 시뮬레이션_룸(4) · ch00 지휘관(156) · ch00 니케(4) · ch00 방주(2),지휘관: ch01 ch07 ch35 ch37 ch40 ch45
333,char:240,호감도,범위,ch13–ch14 ~,뒤 ch13,,ch13 메어리(13) · ch04 머스탱(2) · ch01 네온(18) · ch00 지휘관(87) · ch00 아니스(41) · ch00 라피(40),네온: ch25 ch43 ch44; 라피: ch09 ch24 ch26 ch30 ch34 ch44; 아니스: ch39 ch42 ch45; 지휘관: ch01 ch07 ch35 ch37 ch40 ch45
335,relic:소녀의일기-절망편-,유실물,범위,~ ch32–ch33,전 ch33,,ch06 헬레틱(3) · ch00 니케(2),
337,relic:충격다크매터란무엇인가,유실물,불명,,단서 없음,,ch32 다크_매터(3) · ch09 언체인드(2) · ch06 헬레틱(1),
338,event_oldtales1,이벤트,판별,@갓데스_투입–@궤도_엘리베이터_강습 ~ @궤도_엘리베이터_강습–@아크_가디언_작전 / @궤도_엘리베이터_강습–@아크_가디언_작전 / @아크_가디언_작전–@방주_밀봉 ~ @방주_밀봉–@1차_지상_탈환전 / @방주_밀봉–@1차_지상_탈환전 ~ @1차_지상_탈환전–@갓데스_폴,,hongryeon_o(뒤 @랩쳐_침공 · 전 @갓데스_폴) 2줄; rapunzel_o(뒤 @랩쳐_침공 · 전 @갓데스_폴) 24줄; snowwhite_o(뒤 @랩쳐_침공 · 전 @갓데스_폴) 11줄,ch34 에이브(1028) · ch34 리틀_머메이드(142) · ch33 미러(62) · ch19 아나키오르(59) · ch14 라푼젤(26) · ch14 홍련(3),도로시: ch48; 라푼젤: ch48; 레드_슈즈: ch48; 레드_후드: ch26; 스노우_화이트: ch44; 신데렐라: ch32; 지휘관: ch01 ch07 ch35 ch37 ch40 ch45; 홍련: ch48
339,erelic:old_tales_dialog,유실물,판별,@방주_밀봉–@1차_지상_탈환전 ~ @1차_지상_탈환전–@갓데스_폴,,,ch34 에이브(73) · ch34 리틀_머메이드(3) · ch33 미러(9) · ch19 아나키오르(1) · ch06 헬레틱(2) · ch01 침식(1),레드_슈즈: ch48; 신데렐라: ch32
340,erelic:old_tales_lost,유실물,범위,@갓데스_투입–@궤도_엘리베이터_강습 ~ @방주_밀봉–@1차_지상_탈환전,,,ch19 아나키오르(1) · ch06 헬레틱(3) · ch06 퀸(2) · ch04 페어리_테일(2) · ch01 침식(30) · ch00 니케(17),신데렐라: ch32
341,erelic:old_tales_mini_memory,유실물,범위,@궤도_엘리베이터_강습–@아크_가디언_작전 ~,단서 없음,,ch34 에이브(4) · ch23 잉크(5) · ch19 아나키오르(15) · ch09 언체인드(1) · ch06 퀸(3) · ch06 헬레틱(2),레드_슈즈: ch48; 신데렐라: ch32
342,char:226,호감도,판별,@갓데스_투입–@궤도_엘리베이터_강습 ~ @궤도_엘리베이터_강습–@아크_가디언_작전,,rapunzel_o(뒤 @랩쳐_침공 · 전 @갓데스_폴) 169줄; snowwhite_o(뒤 @랩쳐_침공 · 전 @갓데스_폴) 24줄,ch34 에이브(48) · ch14 라푼젤(196) · ch06 스노우_화이트(25) · ch04 레드_후드(65) · ch01 침식(42) · ch01 엘리시온(1),도로시: ch48; 라푼젤: ch48; 레드_슈즈: ch48; 레드_후드: ch26; 스노우_화이트: ch44; 지휘관: ch01 ch07 ch35 ch37 ch40 ch45
343,char:511,호감도,범위,ch31–ch32 ~ ch34–ch35,,,ch28 그레이브(110) · ch27 보타닉_가든(1) · ch09 로열_로드(1) · ch01 네온(24) · ch01 시프티(18) · ch00 지휘관(97),그레이브: ch31 ch33 ch34; 네온: ch25 ch43 ch44; 라피: ch09 ch24 ch26 ch30 ch34 ch44; 시프티: ch27; 신데렐라: ch32; 아니스: ch39 ch42 ch45; 지휘관: ch01 ch07 ch35 ch37 ch40 ch45
344,char:514,호감도,범위,ch34–ch35 ~ ch36–ch37,전 ch37,,ch28 그레이브(395) · ch19 아나키오르(2) · ch12 마나(10) · ch12 콜드_슬립(1) · ch06 헬레틱(2) · ch04 에닉(1),그레이브: ch31 ch33 ch34; 네온: ch25 ch43 ch44; 라피: ch09 ch24 ch26 ch30 ch34 ch44; 신데렐라: ch32; 아니스: ch39 ch42 ch45; 지휘관: ch01 ch07 ch35 ch37 ch40 ch45
345,event_secretgarden,이벤트,범위,ch27–ch28 ~,단서 없음,,ch27 플로라(548) · ch27 보타닉_가든(2) · ch22 블랑(1) · ch15 루피(32) · ch14 리안(110) · ch02 슈엔(8),슈엔: ch24 ch25; 지휘관: ch01 ch07 ch35 ch37 ch40 ch45
346,char:411,호감도,범위,ch27–ch28 ~,단서 없음,,ch27 플로라(283) · ch27 보타닉_가든(1) · ch15 루피(17) · ch00 지휘관(112) · ch00 방주(3) · ch00 지상(1),지휘관: ch01 ch07 ch35 ch37 ch40 ch45
347,event_icedragonsaga1,이벤트,범위,ch26 ~,단서 없음,,ch27 일렉트릭_쇼크(3) · ch27 일레그(3) · ch23 잉크(84) · ch12 길로틴(1107) · ch12 메이든(705) · ch12 익스터너(20),드레이크: ch12 ch15 ch38; 라플라스: ch12 ch15 ch38; 맥스웰: ch12 ch15 ch38; 목단: ch44; 슈엔: ch24 ch25; 시프티: ch27; 엑시아: ch09; 지휘관: ch01 ch07 ch35 ch37 ch40 ch45
348,char:183,호감도,범위,ch26 ~,단서 없음,,ch12 메이든(214) · ch12 길로틴(28) · ch12 마나(3) · ch11 맥스웰(65) · ch11 라플라스(4) · ch11 드레이크(3),드레이크: ch12 ch15 ch38; 라플라스: ch12 ch15 ch38; 맥스웰: ch12 ch15 ch38; 시프티: ch27; 지휘관: ch01 ch07 ch35 ch37 ch40 ch45
349,char:182,호감도,범위,ch26 ~,단서 없음,,ch23 잉크(24) · ch12 길로틴(195) · ch12 메이든(17) · ch11 라플라스(72) · ch09 프리바티(11) · ch07 엑시아(11),라플라스: ch12 ch15 ch38; 목단: ch44; 슈엔: ch24 ch25; 엑시아: ch09; 지휘관: ch01 ch07 ch35 ch37 ch40 ch45
350,event_footstepwalkrun1,이벤트,판별,ch34–ch35 ~ ch35,,rapi_red(뒤 ch34) 49줄,ch23 프리티(16) · ch23 1차_지상_탈환전(4) · ch19 요한(1) · ch17 샛별(3) · ch12 마나(1) · ch05 궤도_엘리베이터(8),네온: ch25 ch43 ch44; 라피: ch09 ch24 ch26 ch30 ch34 ch44; 레드_후드: ch26; 아니스: ch39 ch42 ch45; 지휘관: ch01 ch07 ch35 ch37 ch40 ch45; 프리티: ch39
351,event_outofuniform,이벤트,범위,ch15 ~,뒤 ch13,,ch15 루피(1) · ch13 디젤(29) · ch13 브리드(16) · ch12 아인(209) · ch02 전초기지(5) · ch01 네온(2),네온: ch25 ch43 ch44; 라피: ch09 ch24 ch26 ch30 ch34 ch44; 아니스: ch39 ch42 ch45; 지휘관: ch01 ch07 ch35 ch37 ch40 ch45
352,char:16,호감도,범위,ch34–ch35 ~,단서 없음,rapi_red(뒤 ch34) 264줄,ch02 전초기지(2) · ch01 네온(27) · ch00 라피(331) · ch00 지휘관(179) · ch00 아니스(54) · ch00 니케(3),네온: ch25 ch43 ch44; 라피: ch09 ch24 ch26 ch30 ch34 ch44; 아니스: ch39 ch42 ch45; 지휘관: ch01 ch07 ch35 ch37 ch40 ch45
353,event_wisdomspring,이벤트,범위,ch34–ch35 ~,단서 없음,,ch32 M.M.R._심층부(31) · ch16 총사령관(1) · ch12 마나(391) · ch06 헬레틱(1) · ch04 에닉(2) · ch04 필그림(1),네온: ch25 ch43 ch44; 라피: ch09 ch24 ch26 ch30 ch34 ch44; 슈엔: ch24 ch25; 아니스: ch39 ch42 ch45; 지휘관: ch01 ch07 ch35 ch37 ch40 ch45
354,char:290,호감도,범위,ch34–ch35 ~,단서 없음,,ch13 디젤(11) · ch13 브리드(9) · ch12 마나(204) · ch09 율하(21) · ch09 프리바티(7) · ch02 슈엔(6),라피: ch09 ch24 ch26 ch30 ch34 ch44; 슈엔: ch24 ch25; 지휘관: ch01 ch07 ch35 ch37 ch40 ch45
355,event_romanticvalentine,이벤트,범위,ch09–ch10 ~,단서 없음,,ch27 일레그(23) · ch13 슈가(1) · ch12 카페_스위티(1) · ch09 프리바티(57) · ch07 엑시아(2) · ch04 머스탱(23),엑시아: ch09; 지휘관: ch01 ch07 ch35 ch37 ch40 ch45
356,char:354,호감도,범위,ch09–ch10 ~,단서 없음,,ch09 프리바티(5) · ch02 전초기지(4) · ch00 지휘관(133) · ch00 지상(3) · ch00 랩쳐(1) · ch00 방주(1),지휘관: ch01 ch07 ch35 ch37 ch40 ch45
357,char:355,호감도,범위,ch15–ch16 ~,뒤 ch15,,ch27 일레그(1) · ch15 얀(11) · ch12 마나(1) · ch02 전초기지(1) · ch00 지휘관(126) · ch00 니케(1),지휘관: ch01 ch07 ch35 ch37 ch40 ch45
359,relic:알관련전달사항,유실물,불명,,단서 없음,,ch32 다크_매터(1),
361,relic:할일목록,유실물,불명,,단서 없음,,ch27 수정_지역(1),
362,char:836,호감도,범위,ch27–ch28 ~,뒤 ch13,,ch13 메어리(90) · ch13 페퍼(8) · ch00 지휘관(57) · ch00 니케(16) · ch00 방주(2),지휘관: ch01 ch07 ch35 ch37 ch40 ch45
363,char:835,호감도,범위,ch27–ch28 ~,뒤 ch27,,ch27 일레그(27) · ch12 마나(1) · ch08 아크레인저(4) · ch00 지휘관(59) · ch00 방주(6) · ch00 니케(4),지휘관: ch01 ch07 ch35 ch37 ch40 ch45
364,char:834,호감도,범위,ch27–ch28 ~,뒤 char:411,,ch27 플로라(116) · ch00 지휘관(52),지휘관: ch01 ch07 ch35 ch37 ch40 ch45
365,fl:for_rest,이벤트,범위,ch27–ch28 ~,단서 없음,,ch27 플로라(154) · ch27 보타닉_가든(11) · ch15 얀(14) · ch15 루피(13) · ch14 리안(1) · ch12 마나(39),슈엔: ch24 ch25; 아니스: ch39 ch42 ch45; 지휘관: ch01 ch07 ch35 ch37 ch40 ch45
366,char:412,호감도,범위,ch27–ch28 ~,뒤 char:411,,ch27 플로라(37) · ch27 보타닉_가든(3) · ch00 지휘관(155) · ch00 니케(2),지휘관: ch01 ch07 ch35 ch37 ch40 ch45
367,event_newflavor,이벤트,범위,ch04–ch05 ~,뒤 ch04,,ch04 엠마(52) · ch02 전초기지(2) · ch01 엔더슨(27) · ch01 네온(6) · ch01 침식(1) · ch00 지휘관(282),네온: ch25 ch43 ch44; 라피: ch09 ch24 ch26 ch30 ch34 ch44; 아니스: ch39 ch42 ch45; 엔더슨: ch25 ch44 ch48; 지휘관: ch01 ch07 ch35 ch37 ch40 ch45
368,char:520,호감도,범위,ch04–ch05 ~,단서 없음,,ch04 엠마(16) · ch00 지휘관(88),지휘관: ch01 ch07 ch35 ch37 ch40 ch45
369,event_foolburstday,이벤트,범위,ch27–ch28 ~,뒤 ch27,,ch27 일레그(18) · ch11 드레이크(6) · ch09 프리바티(34) · ch09 트라이앵글(1) · ch07 엑시아(14) · ch02 전초기지(4),네온: ch25 ch43 ch44; 드레이크: ch12 ch15 ch38; 라피: ch09 ch24 ch26 ch30 ch34 ch44; 시프티: ch27; 아니스: ch39 ch42 ch45; 엑시아: ch09; 지휘관: ch01 ch07 ch35 ch37 ch40 ch45
370,side:mudfish,사이드,범위,ch24–ch25 ~,단서 없음,,ch34 리틀_머메이드(533) · ch34 에이브(40) · ch32 레비아탄(14) · ch31 베히모스(1) · ch06 헬레틱(15) · ch05 궤도_엘리베이터(1),레비아탄: ch37 ch40 ch42; 미하라: ch04 ch24; 베히모스: ch32 ch33 ch34 ch40; 신데렐라: ch32; 유니: ch24
371,event_trueflavor,이벤트,범위,ch04–ch05 ~,단서 없음,,ch12 아인(8) · ch00 지휘관(119) · ch00 지상(3),지휘관: ch01 ch07 ch35 ch37 ch40 ch45
372,char:521,호감도,범위,ch04–ch05 ~,단서 없음,,ch27 보타닉_가든(1) · ch00 지휘관(107) · ch00 아니스(19) · ch00 지상(17) · ch00 방주(4) · ch00 랩쳐(1),아니스: ch39 ch42 ch45; 지휘관: ch01 ch07 ch35 ch37 ch40 ch45
374,relic:주워갈것들메모,유실물,불명,,단서 없음,,ch00 방주(2) · ch00 랩쳐(1),
376,relic:은색액체,유실물,불명,,단서 없음,,ch32 다크_매터(7),
377,event_unbreakablesphere1,이벤트,범위,ch36–ch37 ~,단서 없음,,ch34 리틀_머메이드(838) · ch34 AA_필러(36) · ch34 에이브(2) · ch31 E2_크리스탈(7) · ch31 A_필러(2) · ch28 그레이브(12),그레이브: ch31 ch33 ch34; 미하라: ch04 ch24; 슈엔: ch24 ch25; 시프티: ch27; 신데렐라: ch32; 유니: ch24; 지휘관: ch01 ch07 ch35 ch37 ch40 ch45
378,erelic:unbreakable_sphere_dialog,유실물,범위,ch36–ch37 ~,중 event_unbreakablesphere1,,ch34 리틀_머메이드(164) · ch34 에이브(32) · ch34 AA_필러(1) · ch32 레비아탄(8) · ch28 그레이브(23) · ch02 미하라(41),그레이브: ch31 ch33 ch34; 레비아탄: ch37 ch40 ch42; 미하라: ch04 ch24; 신데렐라: ch32; 유니: ch24
379,erelic:unbreakable_sphere_lost,유실물,판별,@1차_지상_탈환전–@갓데스_폴 ~ @갓데스_폴–@2차_지상_탈환전,뒤 @궤도_엘리베이터_강습; 전 ch39; 연수 70년 전,,ch34 에이브(4) · ch06 퀸(1) · ch05 궤도_엘리베이터(1) · ch00 지상(2),신데렐라: ch32
380,char:513,호감도,판별,@갓데스_투입–@궤도_엘리베이터_강습 ~ @궤도_엘리베이터_강습–@아크_가디언_작전,,,ch34 에이브(136) · ch34 리틀_머메이드(110) · ch01 타일런트_급(2) · ch01 침식(1) · ch00 랩쳐(12) · ch00 니케(4),레드_슈즈: ch48; 신데렐라: ch32
381,char:590,호감도,범위,~ ch33–ch34,전 ch34,rapi_red(뒤 ch34) 4줄,ch02 전초기지(2) · ch01 네온(35) · ch01 카운터스(2) · ch01 시뮬레이션_룸(1) · ch00 지휘관(129) · ch00 아니스(70),네온: ch25 ch43 ch44; 라피: ch09 ch24 ch26 ch30 ch34 ch44; 아니스: ch39 ch42 ch45; 지휘관: ch01 ch07 ch35 ch37 ch40 ch45
382,char:162,호감도,범위,ch36–ch37 ~,단서 없음,,ch34 리틀_머메이드(196) · ch34 에이브(1) · ch12 마나(1) · ch04 기억_소거(3) · ch02 미하라(320) · ch02 유니(12),미하라: ch04 ch24; 슈엔: ch24 ch25; 유니: ch24
383,event_arcanearchive,이벤트,범위,ch26–ch27 ~,단서 없음,,ch23 방주_테러(2) · ch17 샛별(1) · ch13 메어리(55) · ch13 페퍼(1) · ch09 언체인드(1) · ch07 니힐리스타(2),니힐리스타: ch25; 마리안: ch01 ch07 ch13 ch14 ch48; 스노우_화이트: ch44; 지휘관: ch01 ch07 ch35 ch37 ch40 ch45; 토커티브: ch13
384,char:581,호감도,범위,ch26–ch27 ~,단서 없음,,ch04 기억_소거(1) · ch02 전초기지(1) · ch01 엘리시온(1) · ch00 지휘관(143) · ch00 지상(6) · ch00 방주(3),지휘관: ch01 ch07 ch35 ch37 ch40 ch45
385,event_lordforjustice,이벤트,범위,ch26–ch27 ~,단서 없음,,ch22 진(2) · ch13 메어리(1) · ch13 페퍼(1) · ch04 아우터_림(2) · ch01 침식(1) · ch00 지휘관(219),목단: ch44; 지휘관: ch01 ch07 ch35 ch37 ch40 ch45
386,char:41,호감도,범위,ch26–ch27 ~,단서 없음,,ch01 네온(1) · ch00 지휘관(136) · ch00 니케(3) · ch00 중앙_정부(2) · ch00 방주(2) · ch00 아니스(1),네온: ch25 ch43 ch44; 아니스: ch39 ch42 ch45; 지휘관: ch01 ch07 ch35 ch37 ch40 ch45
387,event_ce006,이벤트,범위,ch26–ch27 ~,단서 없음,,ch32 이브(307) · ch27 일레그(197) · ch18 스톰_브링어(2) · ch14 홍련(94) · ch14 라푼젤(71) · ch09 프리바티(395),네온: ch25 ch43 ch44; 도로시: ch48; 라푼젤: ch48; 라피: ch09 ch24 ch26 ch30 ch34 ch44; 스노우_화이트: ch44; 아니스: ch39 ch42 ch45; 엔더슨: ch25 ch44 ch48; 지휘관: ch01 ch07 ch35 ch37 ch40 ch45; 홍련: ch48
388,char:852,호감도,범위,ch26–ch27 ~,단서 없음,,ch27 일레그(133) · ch18 스톰_브링어(1) · ch00 랩쳐(5) · ch00 방주(3) · ch00 니케(2) · ch00 지상(1),라피: ch09 ch24 ch26 ch30 ch34 ch44
389,char:850,호감도,범위,ch26–ch27 ~,단서 없음,,ch32 이브(89) · ch01 네온(20) · ch01 카운터스(3) · ch00 라피(36) · ch00 아니스(36) · ch00 지휘관(34),네온: ch25 ch43 ch44; 라피: ch09 ch24 ch26 ch30 ch34 ch44; 아니스: ch39 ch42 ch45; 지휘관: ch01 ch07 ch35 ch37 ch40 ch45
390,char:851,호감도,범위,ch26–ch27 ~,단서 없음,,ch04 필그림(2) · ch00 니케(15) · ch00 방주(12) · ch00 지상(5) · ch00 랩쳐(2),
391,event_overthehorizon,이벤트,범위,~ ch25–ch26 / ch26–ch27 ~,단서 없음,,ch37 스카이(74) · ch18 스톰_브링어(2) · ch04 아우터_림(12) · ch01 네온(27) · ch01 카운터스(3) · ch01 타일런트_급(2),네온: ch25 ch43 ch44; 라피: ch09 ch24 ch26 ch30 ch34 ch44; 아니스: ch39 ch42 ch45; 지휘관: ch01 ch07 ch35 ch37 ch40 ch45
392,char:532,호감도,범위,~ ch25–ch26,단서 없음,,ch00 지휘관(53) · ch00 지상(4) · ch00 방주(2),지휘관: ch01 ch07 ch35 ch37 ch40 ch45
393,fl:boom_the_ghost,이벤트,범위,ch38–ch39 ~,단서 없음,,ch32 다크_매터(1) · ch27 일레그(571) · ch23 방주_테러(1) · ch22 도반(29) · ch15 얀(147) · ch14 라푼젤(1),네온: ch25 ch43 ch44; 도로시: ch48; 도반: ch46; 라푼젤: ch48; 라피: ch09 ch24 ch26 ch30 ch34 ch44; 레드_후드: ch26; 슈엔: ch24 ch25; 아니스: ch39 ch42 ch45; 지휘관: ch01 ch07 ch35 ch37 ch40 ch45
394,char:234,호감도,범위,ch38–ch39 ~,단서 없음,,,도로시: ch48
395,char:502,호감도,범위,ch38–ch39 ~,단서 없음,,ch27 일레그(328) · ch15 얀(18) · ch13 페퍼(15) · ch00 지휘관(147) · ch00 라피(24) · ch00 방주(8),도로시: ch48; 라피: ch09 ch24 ch26 ch30 ch34 ch44; 지휘관: ch01 ch07 ch35 ch37 ch40 ch45
397,relic:정갈하게쓴기록,유실물,범위,ch02–ch03 ~ ch38–ch39,전 ch39,,ch27 웨일리(6) · ch06 퀸(1) · ch01 타일런트_급(2) · ch00 랩쳐(11) · ch00 니케(2) · ch00 지상(1),
399,relic:어떤소녀의그림일기,유실물,범위,ch02–ch03 ~ ch38–ch39,뒤 relic:정갈하게쓴기록; 전 ch39,,,
400,fl:absolute,이벤트,범위,ch34–ch35 ~,단서 없음,,ch32 레비아탄(1) · ch31 베히모스(18) · ch31 포비스트(2) · ch31 A_필러(1) · ch27 수정_지역(5) · ch16 스카우팅(6),드레이크: ch12 ch15 ch38; 라플라스: ch12 ch15 ch38; 라피: ch09 ch24 ch26 ch30 ch34 ch44; 레비아탄: ch37 ch40 ch42; 맥스웰: ch12 ch15 ch38; 베히모스: ch32 ch33 ch34 ch40; 지휘관: ch01 ch07 ch35 ch37 ch40 ch45
401,char:93,호감도,범위,ch04–ch05 ~,뒤 ch04,,ch04 엠마(221) · ch00 지휘관(95),지휘관: ch01 ch07 ch35 ch37 ch40 ch45
402,char:95,호감도,범위,ch04–ch05 ~,뒤 ch04,,ch04 은화(378) · ch04 베스티(3) · ch04 엠마(3) · ch01 잉그리드(44) · ch01 엘리시온(2) · ch00 지휘관(111),지휘관: ch01 ch07 ch35 ch37 ch40 ch45
403,char:94,호감도,범위,ch15–ch16 ~,뒤 ch15,,ch12 길로틴(26) · ch11 라플라스(23) · ch04 베스티(344) · ch04 은화(43) · ch04 엠마(34) · ch00 지휘관(197),라플라스: ch12 ch15 ch38; 지휘관: ch01 ch07 ch35 ch37 ch40 ch45
404,fl:coins_in_rush,이벤트,범위,ch22–ch23 ~,단서 없음,,ch22 루주(236) · ch22 코인_러시(35) · ch13 슈가(8) · ch12 카페_스위티(4) · ch07 엑시아(294) · ch04 머스탱(249),엑시아: ch09; 지휘관: ch01 ch07 ch35 ch37 ch40 ch45
405,char:315,호감도,범위,ch22–ch23 ~,단서 없음,,ch22 코인_러시(2) · ch00 지휘관(99),지휘관: ch01 ch07 ch35 ch37 ch40 ch45
406,char:143,호감도,범위,ch22–ch23 ~,단서 없음,,ch22 코인_러시(6) · ch13 슈가(50) · ch06 퀸(2) · ch02 전초기지(1) · ch00 지휘관(89) · ch00 랩쳐(5),지휘관: ch01 ch07 ch35 ch37 ch40 ch45
407,fl:reborn_evil,이벤트,범위,ch26–ch27 ~,단서 없음,,ch23 방주_테러(2) · ch16 포멀(1) · ch12 마나(10) · ch04 아우터_림(24) · ch01 엔더슨(60) · ch01 카운터스(1),라피: ch09 ch24 ch26 ch30 ch34 ch44; 엔더슨: ch25 ch44 ch48; 지휘관: ch01 ch07 ch35 ch37 ch40 ch45
408,char:840,호감도,범위,ch26–ch27 ~,단서 없음,,ch04 아우터_림(3) · ch01 네온(4) · ch00 지휘관(59) · ch00 랩쳐(15) · ch00 니케(5) · ch00 지상(3),네온: ch25 ch43 ch44; 라피: ch09 ch24 ch26 ch30 ch34 ch44; 아니스: ch39 ch42 ch45; 지휘관: ch01 ch07 ch35 ch37 ch40 ch45
409,char:842,호감도,범위,ch26–ch27 ~,단서 없음,,ch04 아우터_림(5) · ch00 방주(1),
410,char:841,호감도,범위,ch26–ch27 ~,단서 없음,,ch04 아우터_림(1) · ch00 랩쳐(6) · ch00 방주(4) · ch00 중앙_정부(2) · ch00 니케(1),
411,side:eden_spear,사이드,범위,ch21–ch22 ~ ch22–ch23 / ch24–ch25 ~ ch25 / ch25–ch26 ~ ch39 / ch39,,,ch39 에덴의_창(9) · ch34 리틀_머메이드(14) · ch31 베히모스(1) · ch23 방주_테러(1) · ch20 리버렐리오(79) · ch20 릴리스의_바디(11),나유타: ch40 ch46; 니힐리스타: ch25; 도로시: ch48; 라플라스: ch12 ch15 ch38; 라피: ch09 ch24 ch26 ch30 ch34 ch44; 리버렐리오: ch44; 마리안: ch01 ch07 ch13 ch14 ch48; 베히모스: ch32 ch33 ch34 ch40; 신데렐라: ch32; 지휘관: ch01 ch07 ch35 ch37 ch40 ch45; 토커티브: ch13; 파피용: ch21 ch44
412,fl:go_ninja_thief,이벤트,범위,ch26–ch27 ~,단서 없음,,ch16 스카우팅(1) · ch06 헬레틱(1) · ch02 전초기지(2) · ch00 지휘관(179) · ch00 라피(33) · ch00 방주(1),라피: ch09 ch24 ch26 ch30 ch34 ch44; 지휘관: ch01 ch07 ch35 ch37 ch40 ch45
413,char:23,호감도,범위,ch26–ch27 ~,단서 없음,,ch04 크레디트(1) · ch02 3대_기업(1) · ch00 지휘관(113) · ch00 방주(8),지휘관: ch01 ch07 ch35 ch37 ch40 ch45
415,relic:거꾸로적힌기록,유실물,불명,,단서 없음,,ch34 바하무트(25) · ch34 지즈(2) · ch31 베히모스(2),베히모스: ch32 ch33 ch34 ch40
417,relic:주의용광로사용법,유실물,범위,~ ch40–ch41,전 ch41,,ch34 바하무트(1) · ch32 다크_매터(3) · ch24 용광로(2) · ch06 퀸(4),
418,event_goddessfall1,이벤트,판별,ch40–ch41,,,ch40 퀸_인자(14) · ch39 에덴의_창(26) · ch39 3차_지상_탈환전(2) · ch33 미러(250) · ch31 포비스트(1) · ch26 크라운_왕국(14),나유타: ch40 ch46; 니힐리스타: ch25; 도로시: ch48; 라푼젤: ch48; 레드_후드: ch26; 리버렐리오: ch44; 마리안: ch01 ch07 ch13 ch14 ch48; 스노우_화이트: ch44; 신데렐라: ch32; 장화: ch46 ch48; 지휘관: ch01 ch07 ch35 ch37 ch40 ch45; 토커티브: ch13; 파피용: ch21 ch44; 홍련: ch48
419,erelic:goddess_fall_mini,유실물,판별,ch40–ch41,,,ch39 에덴의_창(3) · ch23 1차_지상_탈환전(2) · ch19 요한(153) · ch17 샛별(9) · ch06 퀸(13) · ch05 궤도_엘리베이터(2),도로시: ch48; 지휘관: ch01 ch07 ch35 ch37 ch40 ch45
420,char:223,호감도,판별,ch39,,maxwell_p(뒤 ch37) 2줄; rapi_red(뒤 ch34) 2줄,ch34 지즈(1) · ch32 레비아탄(1) · ch31 포비스트(2) · ch27 웨일리(3) · ch14 홍련(1) · ch11 맥스웰(2),나유타: ch40 ch46; 라피: ch09 ch24 ch26 ch30 ch34 ch44; 레비아탄: ch37 ch40 ch42; 마리안: ch01 ch07 ch13 ch14 ch48; 맥스웰: ch12 ch15 ch38; 지휘관: ch01 ch07 ch35 ch37 ch40 ch45; 홍련: ch48
421,char:331,호감도,판별,ch26,,,ch17 차임(202) · ch17 크라운(26) · ch06 퀸(1) · ch06 스노우_화이트(1) · ch04 레드_후드(6) · ch04 필그림(1),네온: ch25 ch43 ch44; 도로시: ch48; 라피: ch09 ch24 ch26 ch30 ch34 ch44; 레드_후드: ch26; 마리안: ch01 ch07 ch13 ch14 ch48; 스노우_화이트: ch44; 아니스: ch39 ch42 ch45; 지휘관: ch01 ch07 ch35 ch37 ch40 ch45
422,char:262,호감도,판별,ch41,,,ch34 바하무트(1) · ch32 다크_매터(1) · ch31 포비스트(1) · ch20 리버렐리오(182) · ch07 니힐리스타(1) · ch06 헬레틱(4),니힐리스타: ch25; 리버렐리오: ch44; 지휘관: ch01 ch07 ch35 ch37 ch40 ch45
423,fl:blank_ticket,이벤트,범위,ch13–ch14 ~,뒤 ch13,,ch13 솔린(643) · ch13 디젤(67) · ch13 브리드(50) · ch13 인피니티_레일(1) · ch01 잉그리드(11) · ch00 지휘관(110),지휘관: ch01 ch07 ch35 ch37 ch40 ch45
424,char:74,호감도,범위,ch13–ch14 ~,단서 없음,,ch13 솔린(337) · ch13 브리드(46) · ch08 아크레인저(1) · ch00 지휘관(126) · ch00 니케(1),지휘관: ch01 ch07 ch35 ch37 ch40 ch45
425,fl:terminus_ticket,이벤트,범위,ch13–ch14 ~,단서 없음,,ch13 솔린(321) · ch13 디젤(314) · ch13 브리드(224) · ch13 메어리(140) · ch13 인피니티_레일(1) · ch00 지휘관(173),지휘관: ch01 ch07 ch35 ch37 ch40 ch45
426,char:75,호감도,범위,ch13–ch14 ~,단서 없음,,ch13 디젤(256) · ch13 솔린(45) · ch13 브리드(23) · ch02 전초기지(1) · ch01 카운터스(1) · ch00 지휘관(110),지휘관: ch01 ch07 ch35 ch37 ch40 ch45
427,char:73,호감도,범위,ch13–ch14 ~,단서 없음,,ch13 브리드(233) · ch13 디젤(8) · ch13 솔린(7) · ch09 로열_로드(2) · ch02 전초기지(1) · ch00 지휘관(123),지휘관: ch01 ch07 ch35 ch37 ch40 ch45
428,fl:ark_guardian,이벤트,판별,ch40–ch41 ~ ch41,,,ch34 에이브(1) · ch33 미러(12) · ch20 리버렐리오(1) · ch19 아나키오르(13) · ch19 요한(1) · ch18 스톰_브링어(6),도로시: ch48; 라푼젤: ch48; 레드_슈즈: ch48; 레드_후드: ch26; 리버렐리오: ch44; 스노우_화이트: ch44; 신데렐라: ch32; 엔더슨: ch25 ch44 ch48; 장화: ch46 ch48; 지휘관: ch01 ch07 ch35 ch37 ch40 ch45; 홍련: ch48
429,char:471,호감도,범위,ch40–ch41 ~,단서 없음,hongryeon_o(뒤 @랩쳐_침공 · 전 @갓데스_폴) 5줄; rapunzel_o(뒤 @랩쳐_침공 · 전 @갓데스_폴) 6줄; snowwhite_o(뒤 @랩쳐_침공 · 전 @갓데스_폴) 16줄,ch14 라푼젤(12) · ch14 홍련(11) · ch06 스노우_화이트(268) · ch04 레드_후드(23) · ch00 지휘관(86) · ch00 랩쳐(5),도로시: ch48; 라푼젤: ch48; 레드_후드: ch26; 스노우_화이트: ch44; 지휘관: ch01 ch07 ch35 ch37 ch40 ch45; 홍련: ch48
430,fl:sin_editor,이벤트,상대,,단서 없음,,ch04 에닉(31) · ch04 기억_소거(6) · ch01 잉그리드(40) · ch00 지휘관(259) · ch00 방주(35) · ch00 니케(11),지휘관: ch01 ch07 ch35 ch37 ch40 ch45
431,char:582,호감도,상대,,단서 없음,,ch00 지휘관(155) · ch00 방주(8) · ch00 니케(2),지휘관: ch01 ch07 ch35 ch37 ch40 ch45
432,fl:fatal_maid,이벤트,범위,ch22–ch23 ~,단서 없음,,ch22 코인_러시(5) · ch11 드레이크(5) · ch09 프리바티(11) · ch04 머스탱(1) · ch02 전초기지(1) · ch02 3대_기업(1),드레이크: ch12 ch15 ch38; 지휘관: ch01 ch07 ch35 ch37 ch40 ch45
433,char:316,호감도,범위,ch22–ch23 ~,단서 없음,,ch00 지휘관(84),지휘관: ch01 ch07 ch35 ch37 ch40 ch45
435,relic:아무한테나말해주는거아니야.wav,유실물,불명,,단서 없음,,ch04 아우터_림(3) · ch00 방주(3),
437,relic:거인을찾아서,유실물,불명,,단서 없음,,ch06 헬레틱(1) · ch00 랩쳐(5) · ch00 니케(2) · ch00 방주(1) · ch00 지상(1),
438,fl:lie_cause_recoil,이벤트,범위,ch26–ch27 ~,단서 없음,,ch13 슈가(305) · ch12 카페_스위티(16) · ch04 크레디트(2) · ch04 에닉(2) · ch02 갱생관(1) · ch01 엔더슨(22),아니스: ch39 ch42 ch45; 엔더슨: ch25 ch44 ch48; 지휘관: ch01 ch07 ch35 ch37 ch40 ch45
439,char:860,호감도,범위,ch26–ch27 ~,단서 없음,,ch13 슈가(51) · ch12 카페_스위티(1) · ch00 지휘관(28) · ch00 방주(3),지휘관: ch01 ch07 ch35 ch37 ch40 ch45
440,char:862,호감도,범위,ch26–ch27 ~,단서 없음,,ch07 엑시아(31) · ch00 지휘관(29),엑시아: ch09; 지휘관: ch01 ch07 ch35 ch37 ch40 ch45
441,char:861,호감도,범위,ch26–ch27 ~,단서 없음,,ch13 슈가(14) · ch00 지휘관(39),지휘관: ch01 ch07 ch35 ch37 ch40 ch45
442,fl:enter_heaven,이벤트,범위,ch39–ch40 ~,단서 없음,,ch23 방주_테러(7) · ch22 E.H.(471) · ch22 엘리시온_하퍼(140) · ch16 바이퍼(184) · ch16 크로우(103) · ch16 자칼(59),E.H.: ch39; 라피: ch09 ch24 ch26 ch30 ch34 ch44; 바이퍼: ch24; 지휘관: ch01 ch07 ch35 ch37 ch40 ch45; 크로우: ch24
443,char:113,호감도,범위,ch39–ch40 ~,단서 없음,,ch22 E.H.(194) · ch16 바이퍼(81) · ch16 자칼(45) · ch04 아우터_림(6) · ch00 지휘관(99) · ch00 니케(3),E.H.: ch39; 바이퍼: ch24; 지휘관: ch01 ch07 ch35 ch37 ch40 ch45
444,fl:2x2_love_1ch,이벤트,범위,ch15 ~,단서 없음,,ch12 아인(288) · ch09 프리바티(2066) · ch09 트라이앵글(4) · ch04 기억_소거(1) · ch02 슈엔(1) · ch02 미실리스(1),슈엔: ch24 ch25; 지휘관: ch01 ch07 ch35 ch37 ch40 ch45
445,fl:2x2_love_2ch,이벤트,범위,ch16–ch17 ~,뒤 ch16,,ch16 자칼(36) · ch16 바이퍼(4) · ch15 루피(3) · ch12 아인(429) · ch12 마나(1) · ch09 프리바티(1173),바이퍼: ch24; 슈엔: ch24 ch25; 지휘관: ch01 ch07 ch35 ch37 ch40 ch45
446,char:583,호감도,범위,ch16–ch17 ~,단서 없음,,ch00 지휘관(144) · ch00 방주(1),지휘관: ch01 ch07 ch35 ch37 ch40 ch45
447,side:pretty_star,사이드,판별,@갓데스_폴–@2차_지상_탈환전 / @갓데스_폴–@2차_지상_탈환전 ~ @2차_지상_탈환전–ch00,,,ch40 아크리온_홀(2) · ch39 미세스_미스(163) · ch38 민트(2) · ch38 프리카(2) · ch23 프리티(71) · ch04 머스탱(379),레드_후드: ch26; 아니스: ch39 ch42 ch45; 프리티: ch39
448,fl:good_world,이벤트,범위,ch26–ch27 ~,단서 없음,,ch23 프리티(1) · ch16 총사령관(3) · ch09 로열_로드(4) · ch02 미실리스(1) · ch01 카운터스(3) · ch00 지휘관(325),지휘관: ch01 ch07 ch35 ch37 ch40 ch45; 프리티: ch39
449,char:620,호감도,범위,ch26–ch27 ~,단서 없음,,ch00 지휘관(103),지휘관: ch01 ch07 ch35 ch37 ch40 ch45
451,relic:신에게닿기위한탑,유실물,범위,~ @랩쳐_침공 전,단서 없음,,ch05 궤도_엘리베이터(2) · ch02 미실리스(1) · ch00 중앙_정부(3),
453,relic:궤도엘리베이터음모론,유실물,범위,@갓데스_투입–@궤도_엘리베이터_강습 ~ @아크_가디언_작전–@방주_밀봉,,,ch05 궤도_엘리베이터(9) · ch02 미실리스(3) · ch00 랩쳐(5) · ch00 중앙_정부(2) · ch00 지상(1) · ch00 니케(1),
454,event_staranis1,이벤트,판별,ch46–ch47 ~ ch47,,anis_i(뒤 ch42) 41줄; neon_v(뒤 ch44) 34줄; rapi_red(뒤 ch34) 29줄,ch41 스마일_박스(13) · ch40 아크리온_홀(4) · ch39 미세스_미스(64) · ch38 민트(408) · ch38 프리카(321) · ch36 아비스타(16),네온: ch25 ch43 ch44; 라피: ch09 ch24 ch26 ch30 ch34 ch44; 아니스: ch39 ch42 ch45; 아비스타: ch39; 지휘관: ch01 ch07 ch35 ch37 ch40 ch45; 프리티: ch39
455,char:17,호감도,범위,ch46–ch47 ~,단서 없음,anis_i(뒤 ch42) 277줄,ch09 로열_로드(1) · ch04 아우터_림(1) · ch01 카운터스(1) · ch00 아니스(337) · ch00 지휘관(139) · ch00 방주(11),아니스: ch39 ch42 ch45; 지휘관: ch01 ch07 ch35 ch37 ch40 ch45
456,char:441,호감도,범위,ch44–ch45 ~,단서 없음,anis_i(뒤 ch42) 16줄; neon_v(뒤 ch44) 19줄; rapi_red(뒤 ch34) 27줄,ch36 아비스타(198) · ch36 오버시어(5) · ch07 특수_별동대(2) · ch04 아우터_림(1) · ch02 전초기지(1) · ch01 네온(23),네온: ch25 ch43 ch44; 라피: ch09 ch24 ch26 ch30 ch34 ch44; 아니스: ch39 ch42 ch45; 아비스타: ch39; 지휘관: ch01 ch07 ch35 ch37 ch40 ch45
457,char:18,호감도,범위,ch44–ch45 ~,뒤 ch44,neon_v(뒤 ch44) 286줄,ch04 아우터_림(12) · ch01 네온(314) · ch00 지휘관(84) · ch00 방주(8) · ch00 니케(1),네온: ch25 ch43 ch44; 지휘관: ch01 ch07 ch35 ch37 ch40 ch45
458,fl:b-side_idol,이벤트,범위,ch46–ch47 ~,단서 없음,,ch38 민트(657) · ch38 프리카(34) · ch36 아비스타(9) · ch07 특수_별동대(1) · ch04 머스탱(77) · ch04 엠마(10),아니스: ch39 ch42 ch45; 아비스타: ch39; 지휘관: ch01 ch07 ch35 ch37 ch40 ch45
459,char:600,호감도,범위,ch46–ch47 ~,단서 없음,,ch38 민트(301) · ch38 프리카(25) · ch36 아비스타(19) · ch00 지휘관(124),아비스타: ch39; 지휘관: ch01 ch07 ch35 ch37 ch40 ch45
460,fl:bitter_spice,이벤트,범위,ch46–ch47 ~,단서 없음,,ch38 프리카(593) · ch38 민트(305) · ch36 아비스타(95) · ch04 머스탱(17) · ch00 지휘관(212) · ch00 아니스(93),아니스: ch39 ch42 ch45; 아비스타: ch39; 지휘관: ch01 ch07 ch35 ch37 ch40 ch45
461,char:601,호감도,범위,ch46–ch47 ~,단서 없음,,ch38 프리카(202) · ch38 민트(27) · ch36 아비스타(17) · ch00 지휘관(106) · ch00 아니스(1),아니스: ch39 ch42 ch45; 아비스타: ch39; 지휘관: ch01 ch07 ch35 ch37 ch40 ch45
462,fl:ark_ranger,이벤트,범위,~ ch21–ch22 / ch22 / ch42 / ch45 / ch46–ch47 ~ ch47,단서 없음,,ch42 펑크_스트리트(2) · ch39 이터니티(4) · ch39 3차_지상_탈환전(2) · ch39 엔드리스(1) · ch37 스카이(17) · ch31 E2_크리스탈(1),네온: ch25 ch43 ch44; 드레이크: ch12 ch15 ch38; 라플라스: ch12 ch15 ch38; 라피: ch09 ch24 ch26 ch30 ch34 ch44; 맥스웰: ch12 ch15 ch38; 목단: ch44; 아니스: ch39 ch42 ch45; 지휘관: ch01 ch07 ch35 ch37 ch40 ch45
463,char:570,호감도,불명,,단서 없음,,ch08 아크레인저(38) · ch00 지휘관(100) · ch00 방주(6) · ch00 중앙_정부(4) · ch00 랩쳐(1),지휘관: ch01 ch07 ch35 ch37 ch40 ch45
464,fl:wave_to_you,이벤트,범위,ch42–ch43 ~,단서 없음,,ch34 리틀_머메이드(372) · ch28 그레이브(159) · ch04 기억_소거(1) · ch01 카운터스(1) · ch00 라피(279) · ch00 지휘관(260),그레이브: ch31 ch33 ch34; 라피: ch09 ch24 ch26 ch30 ch34 ch44; 신데렐라: ch32; 지휘관: ch01 ch07 ch35 ch37 ch40 ch45
465,char:515,호감도,범위,ch42–ch43 ~,단서 없음,rapi_red(뒤 ch34) 7줄,ch28 그레이브(8) · ch00 지휘관(54) · ch00 라피(9),그레이브: ch31 ch33 ch34; 라피: ch09 ch24 ch26 ch30 ch34 ch44; 신데렐라: ch32; 지휘관: ch01 ch07 ch35 ch37 ch40 ch45
466,char:322,호감도,범위,ch42–ch43 ~,단서 없음,rapi_red(뒤 ch34) 8줄,ch34 리틀_머메이드(8) · ch28 그레이브(1) · ch00 지휘관(119) · ch00 라피(12),그레이브: ch31 ch33 ch34; 라피: ch09 ch24 ch26 ch30 ch34 ch44; 신데렐라: ch32; 지휘관: ch01 ch07 ch35 ch37 ch40 ch45
467,fl:project_matis,이벤트,범위,ch46–ch47 ~,단서 없음,,ch39 3차_지상_탈환전(4) · ch23 1차_지상_탈환전(2) · ch23 프리티(1) · ch17 샛별(1) · ch11 맥스웰(1053) · ch11 라플라스(355),드레이크: ch12 ch15 ch38; 라플라스: ch12 ch15 ch38; 맥스웰: ch12 ch15 ch38; 슈엔: ch24 ch25; 프리티: ch39
468,char:103,호감도,범위,ch37–ch38 ~,뒤 ch37,laplace_p(뒤 ch37) 183줄,ch11 라플라스(226) · ch11 맥스웰(1) · ch00 지휘관(70) · ch00 방주(1),라플라스: ch12 ch15 ch38; 맥스웰: ch12 ch15 ch38; 지휘관: ch01 ch07 ch35 ch37 ch40 ch45
469,char:105,호감도,범위,ch37–ch38 ~,뒤 ch37,drake_p(뒤 ch37) 12줄; maxwell_p(뒤 ch37) 291줄,ch11 맥스웰(323) · ch11 드레이크(13) · ch11 라플라스(1) · ch09 메티스(6) · ch02 미실리스(1) · ch01 카운터스(1),드레이크: ch12 ch15 ch38; 라플라스: ch12 ch15 ch38; 맥스웰: ch12 ch15 ch38; 지휘관: ch01 ch07 ch35 ch37 ch40 ch45
471,relic:승리를_부르는_그림자,유실물,범위,@갓데스_투입–@궤도_엘리베이터_강습 ~ @아크_가디언_작전–@방주_밀봉,뒤 @갓데스_투입; 전 @방주_밀봉,,ch00 랩쳐(6) · ch00 니케(1),
473,relic:불길한_소리.wav,유실물,판별,ch45–ch46 ~ ch46–ch47,무렵 ch46,,ch05 궤도_엘리베이터(9) · ch00 랩쳐(4) · ch00 지상(1),
474,fl:persona_on_frontline,이벤트,범위,ch22–ch23 ~,단서 없음,,ch19 요한(2) · ch09 율하(27) · ch09 로열_로드(1) · ch06 퀸(43) · ch04 은화(66) · ch04 아우터_림(35),네온: ch25 ch43 ch44; 라피: ch09 ch24 ch26 ch30 ch34 ch44; 슈엔: ch24 ch25; 시프티: ch27; 아니스: ch39 ch42 ch45; 엔더슨: ch25 ch44 ch48; 지휘관: ch01 ch07 ch35 ch37 ch40 ch45
475,char:872,호감도,범위,ch22–ch23 ~,단서 없음,,ch12 아인(31) · ch00 방주(9) · ch00 니케(8) · ch00 지휘관(3),지휘관: ch01 ch07 ch35 ch37 ch40 ch45
476,char:870,호감도,범위,ch22–ch23 ~,단서 없음,,ch09 애드미(24) · ch09 프리바티(17) · ch09 율하(16) · ch09 트라이앵글(2) · ch00 지휘관(10) · ch00 방주(9),지휘관: ch01 ch07 ch35 ch37 ch40 ch45
477,char:871,호감도,범위,ch22–ch23 ~,단서 없음,,ch06 헬레틱(1) · ch05 루드밀라(30) · ch04 엠마(36) · ch04 은화(23) · ch04 베스티(13) · ch04 앱솔루트(3),지휘관: ch01 ch07 ch35 ch37 ch40 ch45
478,fl:great_villain_union,이벤트,범위,ch42–ch43 ~,단서 없음,,ch41 온리_원(25) · ch35 그레그레(15) · ch34 지즈(238) · ch34 바하무트(18) · ch34 리틀_머메이드(13) · ch33 라이터즈_이레이저(3),그레이브: ch31 ch33 ch34; 드레이크: ch12 ch15 ch38; 라플라스: ch12 ch15 ch38; 라피: ch09 ch24 ch26 ch30 ch34 ch44; 레비아탄: ch37 ch40 ch42; 맥스웰: ch12 ch15 ch38; 베히모스: ch32 ch33 ch34 ch40; 슈엔: ch24 ch25; 신데렐라: ch32; 온리_원: ch48; 지휘관: ch01 ch07 ch35 ch37 ch40 ch45
479,char:104,호감도,범위,ch38–ch39 ~,단서 없음,drake_p(뒤 ch37) 216줄,ch11 드레이크(258) · ch09 메티스(2) · ch01 카운터스(3) · ch00 지휘관(80) · ch00 방주(15),드레이크: ch12 ch15 ch38; 지휘관: ch01 ch07 ch35 ch37 ch40 ch45
480,char:404,호감도,범위,ch44–ch45 ~,뒤 ch44,anis_i(뒤 ch42) 11줄; neon_v(뒤 ch44) 6줄; rapi_red(뒤 ch34) 7줄,ch22 코인_러시(1) · ch12 마나(17) · ch04 머스탱(1) · ch02 갱생관(2) · ch02 슈엔(1) · ch01 네온(8),네온: ch25 ch43 ch44; 라피: ch09 ch24 ch26 ch30 ch34 ch44; 슈엔: ch24 ch25; 아니스: ch39 ch42 ch45; 지휘관: ch01 ch07 ch35 ch37 ch40 ch45
481,char:405,호감도,범위,ch09–ch10 ~,단서 없음,,ch22 코인_러시(1) · ch02 갱생관(2) · ch00 지휘관(98) · ch00 방주(1) · ch00 지상(1),지휘관: ch01 ch07 ch35 ch37 ch40 ch45
