id,unit,kind,class,place,lo,hi,years,relations,narrow,narrow_confidence,text
S3,ch01,기준점,판별,ch00 ~ ch00–ch01,17,18,,직전 ch01 (46시간),,,선발대의 통신 두절은 CH.01 작전 브리핑보다 46시간 전이다
S4,ch02,기준점,판별,@2차_지상_탈환전–ch00,16,16,5,전 ch02 (5년); 연수 5년 전,,,발전소가 있는 바닷가 도시는 CH.02보다 5년 전에 봉쇄되었다
S5,ch02,기준점,판별,ch02,21,21,,중 ch02,,,슈엔이 전초 기지에 찾아온 것은 카운터스가 전초 기지에 온 다음 날이다
S8,ch03,기준점,범위,~ ch02–ch03,,22,,전 ch03 (몇 달),,,워드리스는 CH.03보다 몇 달 전부터 토커티브를 쫓아 왔다
S9,ch04,기준점,판별,ch04,25,25,,중 ch04,,,기억 소거를 받은 라피가 돌아와 기억이 남았다고 털어놓는 것은 판결 이틀 뒤다
S10,ch05,회상,범위,~ @2차_지상_탈환전–ch00,,16,,전 ch00,,,눈사태로 의식이 멀어질 때 떠오르는 지휘관의 과거 장면(병원의 소녀)
S38,char:72,회상,범위,~ ch21–ch22,,60,,중 S305,,,"AFX 열차 테러 직전, 로열 로드로 가는 열차 안의 디젤과 동생"
S39,char:221,회상,범위,@랩쳐_침공–@갓데스_투입 ~ @아크_가디언_작전–@방주_밀봉,2,8,,뒤 @랩쳐_침공; 전 @방주_밀봉,,,1차 랩쳐 침공부터 갓데스 스쿼드 시절까지 — 라푼젤의 이야기
S44,char:30,회상,상대,,,,,전 char:30 (1년),,,1년 전 엘리시온 동물 폭탄 테러 날 — 죽어 가는 인간 폴리에게 잉그리드가 니케가 될지 묻는 장면
S55,relic:데일리아크기사스크랩,회상,판별,@갓데스_폴–@2차_지상_탈환전 ~ @2차_지상_탈환전–ch00,14,16,,무렵 @2차_지상_탈환전,,,"2차 지상 탈환전 무렵 — 1차 랩쳐 침공 뒤, 사관학교 설립 전(작중 과거, 연도 미상)"
S58,event_cherryblossom,회상,상대,,,,,전 event_cherryblossom,,,꽃의 맹약 — 사쿠라 · 목단 · 로산나가 니케가 되기로 한 때(로산나가 아직 보스가 아니던 때)
S61,ch21,회상,판별,ch19–ch20 ~ ch20–ch21,56,58,,무렵 ch20 (이틀),,,이틀 전 에덴 — 지휘관이 세실에게 자기 피로 언체인드 탄환을 만들 방법을 묻는다
S66,ch22,회상,판별,ch21 ~ ch21–ch22,59,60,,직전 ch22 (3일),,,침공 3일 전부터 발생 5분 전까지 — 에닉이 기록으로 보여 주는 코인 러시 · 엔터 헤븐 · 엘리베이터 허브 J-910의 일(상황 발생 12시간 뒤 현재로 돌아옴)
S71,event_overzone,회상,판별,@아크_가디언_작전–@방주_밀봉 ~ @방주_밀봉–@1차_지상_탈환전,8,10,,뒤 @아크_가디언_작전; 무렵 @방주_밀봉,,,"1차 침공 끝 — 아크 가디언 작전 직후 갓데스가 방주 입구를 지킨 두 달 남짓과 밀봉(연장 3주)까지, 랩쳐와 싸운 지 5년쯤"
S72,event_overzone,기준점,판별,@2차_지상_탈환전–ch00,16,16,45,뒤 @방주_밀봉 (50년); 연수 45년 전,,,"에필로그 — 방주 밀봉 50년쯤 뒤, 도로시가 필그림으로 방주 정보를 모을 때"
S73,erelic:white_memory,기준점,판별,@아크_가디언_작전–@방주_밀봉 ~ @방주_밀봉–@1차_지상_탈환전,8,10,,중 S71,,,"event_overzone 1부 무렵 — 릴리스가 죽고 도로시가 리더 대행으로 버티던 방주 밀봉 전 두 달 사이, 스노우 화이트의 초소 밖 탐색"
S80,char:380,회상,상대,,,,,전 char:380,,,네로가 골목에서 만난 고양이와 지내다 비 오는 날 떠나보낸 과거(때는 밝혀지지 않음 — 말투로 보아 니케가 되기 전으로 추정)
S85,ch24,기준점,판별,ch24,65,65,,중 ch24,,,방주 테러 · 쉘터 사태 수습 직후 — 쉘터 개방 전(랩쳐 소탕까지 이틀 정도)
S91,event_firstaffection,회상,판별,ch13–ch14 ~ ch14–ch15,44,46,,무렵 ch14,,,"마리안이 헬레틱에서 돌아와 카운터스 · 전초기지에서 지내던 때 — CH.14 무렵, 필그림에게 떠나보내기 전"
S93,char:810,회상,판별,@랩쳐_침공–@갓데스_투입 ~ @갓데스_투입–@궤도_엘리베이터_강습,2,4,,뒤 @랩쳐_침공; 무렵 @갓데스_투입,,,"공장 은신처 일지 · 녹음 — 1차 랩쳐 침공 뒤, 갓데스의 첫 대반격 무렵(반세기도 더 전)"
S95,char:450,회상,상대,,,,,전 char:450 (몇 년),,,몇 년 전 나가 · 티아의 신입생 시절 — 첫 시험(지상 실전)과 두 번째 시험
S102,event_redash,기준점,판별,@갓데스_투입 ~ @갓데스_투입–@궤도_엘리베이터_강습,3,4,,직전 @궤도_엘리베이터_강습,,,"랩쳐 침공 4년째 · 갓데스 투입 2년째 — 궤도 엘리베이터 강습(퀸 제거 작전) 직전, 방주 이주 결정 전"
S103,event_redash,기준점,판별,@궤도_엘리베이터_강습–@아크_가디언_작전 ~ @아크_가디언_작전–@방주_밀봉,6,8,,뒤 @궤도_엘리베이터_강습; 전 @방주_밀봉,,,방주 이주 결정 두 달 뒤 — 방주 입구 방어전(방주 밀봉 전)
S104,event_redash,기준점,판별,@2차_지상_탈환전–ch00,16,16,,동시 S197,,,레드 후드가 민가에 쓰러진 지 30년 뒤
S105,event_redash,회상,판별,@갓데스_투입–@궤도_엘리베이터_강습 ~ @궤도_엘리베이터_강습–@아크_가디언_작전,4,6,,뒤 @갓데스_투입; 전 @아크_가디언_작전,,,레드 후드의 회상 — 갓데스에 합류한 첫날과 동료들과의 옛일
S106,erelic:red_ash_lost,기준점,판별,@랩쳐_침공–@갓데스_투입 ~ @갓데스_투입–@궤도_엘리베이터_강습,2,4,,무렵 @갓데스_투입,,,갓데스 결성기 — 지휘관 · 릴리바이스 둘에 페어리 테일 모델 2–5번과 홍련이 차례로 합류
S107,erelic:red_ash_lost,기준점,판별,@궤도_엘리베이터_강습–@아크_가디언_작전 ~ @아크_가디언_작전–@방주_밀봉,6,8,,중 S103,,,event_redash2_04_s 상부 긴급 호출 뒤 — 방주 입구 방어전 중
S108,erelic:red_ash_mini,회상,판별,@갓데스_투입–@궤도_엘리베이터_강습 ~ @궤도_엘리베이터_강습–@아크_가디언_작전,4,6,,뒤 @갓데스_투입; 전 @아크_가디언_작전,,,1차 침공기 갓데스 시절 — 스노우 화이트 합류 뒤 · 레드 후드가 떠나기 전의 일상 기록
S110,char:224,회상,판별,@랩쳐_침공–@갓데스_투입 ~ @갓데스_투입–@궤도_엘리베이터_강습,2,4,,무렵 @갓데스_투입,,,1차 침공기 — 스노우 화이트가 릴리바이스를 처음 만나 무기를 만들던 때(갓데스 합류 전후). 틀은 합류 뒤 갓데스의 지휘관에게 들려주는 자리
S114,event_neverland1,회상,상대,,,,,전 event_neverland1,,,인간 시절 천사 고아원의 크리스마스 — 로열 후원 방문과 그날 밤 벨로타의 죽음
S118,event_newyearnewsword,회상,범위,@갓데스_투입–@궤도_엘리베이터_강습 ~ @아크_가디언_작전–@방주_밀봉,4,8,,뒤 @갓데스_투입; 전 @방주_밀봉,,,약 100년 전 1차 침공기 — 갓데스 투입 뒤 근접 전투 스쿼드 결성부터 새해 이틀 전 밤의 궤멸까지
S119,char:225,회상,범위,@갓데스_투입–@궤도_엘리베이터_강습 ~ @아크_가디언_작전–@방주_밀봉,4,8,,뒤 S118; 전 @방주_밀봉,,,1차 침공기 — 홍련이 갓데스에 합류한 직후부터 첫 실전까지(근접 전투 스쿼드 궤멸 뒤)
S127,ch27,회상,판별,ch26 ~ ch26–ch27,69,70,,직후 d_main_26_12_e,,,"3주 전 레드 후드의 고향 — CH.26 끝, 마더 웨일이 내려앉은 직후"
S129,relic:잘지내라친구,회상,범위,@갓데스_투입–@궤도_엘리베이터_강습 ~ @아크_가디언_작전–@방주_밀봉,4,8,,뒤 @갓데스_투입; 전 @방주_밀봉,,,1차 침공기 · 방주 이주 무렵 — 레드 후드가 갓데스로 알려진 뒤 고향 친구의 녹음
S133,sub:핸섬_커맨더_01,회상,판별,@2차_지상_탈환전–ch00,16,16,23–12,전 sub:핸섬_커맨더_01 (12년); 연수 23–12년 전,,,오래전 방주의 바깥 탐색 붐 — 3개 스쿼드 연합 AREA F-031 탐색(이안이 지휘관이던 23~12년 전 사이)
S134,event_boomsday,회상,범위,~ @2차_지상_탈환전–ch00,,16,,전 event_boomsday,,,"트로니가 니케가 된 해 — 이터널 스카이 광고 사건, 방주 사망자가 가장 많던 해"
S135,event_boomsday,회상,범위,~ @2차_지상_탈환전–ch00,,16,,뒤 S134; 전 ch00,,,"컨버터 개발 — 전초기지가 생기기 전, 트로니가 니케가 된 뒤"
S144,event_lastkingdom1,회상,상대,,,,,전 event_lastkingdom1,,,크라운과 차임의 첫 만남 — 크라운이 홀로 하이퍼 푸드 창고를 지키던 때
S145,char:330,회상,판별,ch25–ch26 ~ ch26–ch27,68,70,,무렵 ch26,,,"지휘관이 증표를 보며 떠올린, 크라운 · 차임 · 레드 후드가 카운터스 곁에 있던 때(CH.26 무렵)"
S150,event_goldencoinrush1,회상,상대,,,,,전 event_goldencoinrush1 (1년),,,"본편 1년 전 — 작년 테트라 황금칩 쟁탈전(777 우승), 메이드 포 유는 구경만 했다"
S153,char:195,회상,범위,ch22–ch23 ~,62,,,중 event_goldencoinrush1,,,앨리스가 들려주는 테트라 황금칩 쟁탈전 — 방주 도착부터 바구니 게임 승리 · 사진 찍은 날까지
S155,event_claymore,회상,상대,,,,,전 event_onemoretime,,,"클레이의 언더 아레나 시절 — 오팔 · 가넷 폐기 뒤의 경기와, 버려지기로 한 마지막 경기에서 베이의 응원"
S171,event_nonsensered,회상,판별,@갓데스_투입–@궤도_엘리베이터_강습 ~ @궤도_엘리베이터_강습–@아크_가디언_작전,4,6,,뒤 @갓데스_투입; 전 @아크_가디언_작전,,,1차 침공 중 — 갓데스가 처음으로 연승한 무렵의 승전 파티(갓데스 6명과 지휘관이 모두 있을 때)
S175,side:wordless,회상,상대,,,,,전 side:wordless,,,프로젝트 워드리스 홍보 사진을 찍던 날 — 슈엔 · 미하라 · 유니
S178,ch34,회상,판별,@갓데스_투입–@궤도_엘리베이터_강습 ~ @궤도_엘리베이터_강습–@아크_가디언_작전,4,6,,뒤 @갓데스_투입; 전 @아크_가디언_작전,,,레드 후드가 스노우 화이트에게 드릴 무기를 부탁한 때 — 갓데스 시절
S179,event_oldtales1,회상,판별,@갓데스_투입–@궤도_엘리베이터_강습 ~ @궤도_엘리베이터_강습,4,5,,직후 @갓데스_투입,,,1차 침공 중 갓데스의 첫 공식 임무 — 사람이던 신데렐라가 구해진 날
S180,event_oldtales1,기준점,판별,@갓데스_투입–@궤도_엘리베이터_강습 ~ @궤도_엘리베이터_강습–@아크_가디언_작전,4,6,,무렵 @궤도_엘리베이터_강습,,,궤도 엘리베이터 강습(퀸 제거 작전) 직전 — event_redash의 강습 전날 · 당일
S181,event_oldtales1,기준점,판별,@궤도_엘리베이터_강습–@아크_가디언_작전,6,6,97,뒤 @궤도_엘리베이터_강습 (두 달); 연수 97년 전,,,"강습 실패 두 달 뒤 — 2세대 수리 완료, 인류는 여전히 패퇴 중"
S182,event_oldtales1,기준점,판별,@아크_가디언_작전–@방주_밀봉 ~ @방주_밀봉–@1차_지상_탈환전,8,10,,뒤 @아크_가디언_작전; 무렵 @방주_밀봉,,,"아크 가디언 막바지 · 방주 밀봉 시작 — 2세대의 퀸 공략, 릴리바이스 사후"
S183,event_oldtales1,기준점,판별,@방주_밀봉–@1차_지상_탈환전 ~ @1차_지상_탈환전–@갓데스_폴,10,12,90–78,뒤 @방주_밀봉 (5년); 연수 90–78년 전,,,방주 밀봉 · 엘리베이터 추락 5년 뒤부터 약 17년 뒤까지 — 에이브의 기다림(5년 → 1년 → 3년 → 5년 → 1년 → 1년 → 1년)
S185,erelic:old_tales_lost,회상,범위,@갓데스_투입–@궤도_엘리베이터_강습 ~ @방주_밀봉–@1차_지상_탈환전,4,10,,뒤 S180; 전 S182,,,2세대 실전 배치 전 — 침식 연구 중단부터 레드 슈즈의 비공식 실험 · 랩쳐에게 돌려보낸 침식이 강해진 시기
S187,char:226,회상,판별,@갓데스_투입–@궤도_엘리베이터_강습 ~ @궤도_엘리베이터_강습–@아크_가디언_작전,4,6,,뒤 @갓데스_투입; 전 S180,,,1차 침공 중 갓데스 시절 — 레드 슈즈가 이미 니케가 되어 엘리시온 제3 연구소에 있고 2세대가 실전에 나가기 전(신데렐라 침식 S180 앞)
S192,event_icedragonsaga1,회상,상대,,,,,전 event_icedragonsaga1 (여러 해),,,"길로틴과 클로이의 만남 · 이세계 놀이(만난 지 1년 뒤 훈련), 이레귤러 총기 난사와 클로이의 혼수상태, 신병 메이든의 입대 — 클로이가 아이에서 성인이 될 만큼 오래전"
S196,event_footstepwalkrun1,회상,범위,@방주_밀봉–@1차_지상_탈환전 ~ @2차_지상_탈환전–ch00,10,16,,뒤 @방주_밀봉; 전 ch00,,,라피의 과거 — 1차 지상 탈환전 무렵의 어린 시절부터 2차 지상 탈환전 · 앱솔루트 시절까지
S197,event_footstepwalkrun1,기준점,판별,@2차_지상_탈환전–ch00,16,16,58,뒤 @2차_지상_탈환전 (2년여); 동시 S104; 연수 58년 전,,,"레드 후드와 라피의 일주일 = 2차 지상 탈환전 개시 2년여 뒤, 방주 이주 30년여 뒤 — event_redash 에필로그와 같은 때"
S198,event_footstepwalkrun1,기준점,판별,@2차_지상_탈환전–ch00,16,16,54,뒤 @2차_지상_탈환전 (6년); 뒤 S197; 연수 54년 전,,,라피의 방주 귀환 = 2차 지상 탈환전 실패 공표 4년 뒤(참전 6년 뒤)
S202,event_wisdomspring,회상,범위,~ @2차_지상_탈환전–ch00,,16,,전 ch00,,,지휘관의 꿈 — 막 니케가 된 마나 · 에테르가 M.M.R. 심층부 수조 속의 지휘관([그 프로젝트] 대상자)을 지켜보던 때
S212,fl:for_rest,회상,범위,@랩쳐_침공–@갓데스_투입 ~,2,,,뒤 @랩쳐_침공; 전 fl:for_rest,,,"트리나와 린네 — 1차 침공 뒤 방주로 내려온 트리나가 린네를 만나 5년, 첫 화목제, 보타닉 가든 입단 · 니케화, 영원의 벚꽃 만개와 린네의 죽음"
S213,fl:for_rest,회상,판별,@2차_지상_탈환전–ch00,16,16,15,전 fl:for_rest (15년); 연수 15년 전,,,"리타와 조쉬 허밋 — 15년 전, 조쉬 허밋 스쿼드 전입부터 화목제 · 첫 지상 출격에서의 그의 죽음까지"
S216,side:mudfish,회상,상대,,,,,전 side:mudfish,,,"레비아탄의 회상 — 레비(니케 시절의 레비아탄)와 세이렌의 한 달, 세이렌이 우주에서 떨어진 지 수년 뒤"
S223,event_unbreakablesphere1,회상,범위,~ ch33–ch34,,84,,전 event_unbreakablesphere1,,,모리의 회상 — 미실리스에서 깨어난 날부터 양산형 스쿼드 · 갱생관 · 인큐베이터 스쿼드를 거쳐 지엔의 손을 잡기까지
S224,event_unbreakablesphere1,회상,범위,@1차_지상_탈환전–@갓데스_폴 ~,12,,70–0,전 event_unbreakablesphere1; 연수 70–0년 전,,,세이렌의 회상 — 글러트니의 목구멍에서 처음 눈뜬 때(약 70년 전)부터 미하라 일행이 오기까지
S225,char:513,회상,판별,@갓데스_투입–@궤도_엘리베이터_강습 ~ @궤도_엘리베이터_강습–@아크_가디언_작전,4,6,,뒤 @갓데스_투입; 전 S180,,,"2세대 페어리 테일이 다 모인 지 며칠 뒤, 실전에 나가기 전의 테스트 기간 — event_oldtales1의 신데렐라 침식 앞"
S228,char:162,회상,범위,ch36–ch37 ~,90,,,중 event_unbreakablesphere1,,,글러트니 목구멍 속 세이렌의 물거품 정원 — 모리와 함께 지내던 때(event_unbreakablesphere1 중)
S232,event_lordforjustice,회상,상대,,,,,전 event_lordforjustice,,,K가 VII에게서 VII-1 병행 임무를 받던 때(기억 소거 전)
S235,event_ce006,회상,범위,@랩쳐_침공–@갓데스_투입 ~ @2차_지상_탈환전–ch00,2,16,100–40,뒤 @랩쳐_침공; 전 event_ce006 (40년); 연수 100–40년 전,,,헤르민의 벙커 시절 — 랩쳐 침공 직후부터 약 40년 전 녹화가 멈출 때까지(아이의 탄생 · 탈주 니케 · 용접 · 30년의 기다림)
S236,event_ce006,회상,범위,@랩쳐_침공–@갓데스_투입 ~,2,,,뒤 @랩쳐_침공,,,롬의 가족 시절 — 추첨권 없이 방주에 못 들어간 가족과 제2의 방주의 시작
S240,event_overthehorizon,기준점,범위,~ ch25–ch26,,68,,전 ch26,,,"카운터스의 지상 일부 탈환(주둔지 01) 전 — 비행 교육과 그 뒤 3일, 소라를 쫓아 아지트까지"
S241,event_overthehorizon,기준점,범위,ch26–ch27 ~,70,,,뒤 ch26,,,"에필로그 — 카운터스가 지상 일부를 되찾아 '주둔지 01'로 발표된 직후, 지휘관은 지상 임무 중"
S242,char:532,회상,범위,~ ch25–ch26,,68,,전 S240,,,"소라와의 첫 만남(01–04) — event_overthehorizon 비행 교육 전, 지휘관이 이미 유명해진 뒤"
S244,fl:boom_the_ghost,회상,판별,@랩쳐_침공–@갓데스_투입 ~ @갓데스_투입–@궤도_엘리베이터_강습,2,4,98,뒤 @랩쳐_침공 (2년); 연수 98년 전,,,"랩쳐 침공 2년 뒤 — 유토피아 호가 바다로 나가 한 달 남짓 탑승객의 최후를 맞고, 마오와 알프레드만 남았다"
S248,ch39,기준점,판별,ch39,95,95,,동시 ch39,,,"af — 지휘관 일행의 지상 탐색과 같은 때, 아니스의 은퇴 공연 준비 중(CH.38 af 뒤)"
S251,ch40,기준점,판별,ch39–ch40 ~ ch40,96,97,,직후 ch39,,,"af — CH.39 af 직후(배드 드림 도착 뒤), 아니스는 리페어 센터에서 나온 다음 날부터 연습"
S253,fl:absolute,회상,판별,@2차_지상_탈환전–ch00,16,16,,뒤 @2차_지상_탈환전; 전 ch00,,,"앱솔루트 결성일 — 잉그리드가 놀이터에서 은화를 영입하고 엠마가 합류한 날, 이어 라피 · 베스티 합류와 라피의 탈퇴"
S258,fl:reborn_evil,회상,상대,,,,,전 fl:reborn_evil,,,교주 엘세리아 나인의 일기 — 남편의 혼수부터 [구원의 성화] 창시까지
S262,side:eden_spear,기준점,판별,ch21–ch22 ~ ch22–ch23,60,62,,무렵 ch22,,,CH.22 방주 습격 무렵 — 도로시가 에덴을 떠나 방주로 감
S263,side:eden_spear,기준점,판별,ch24–ch25 ~ ch25,66,67,,직후 ch24 (10시간),,,CH.24 끝 직후 — 헬레틱 셋이 지상으로 밀려난 지 10시간쯤
S264,side:eden_spear,기준점,범위,ch25–ch26 ~ ch39,68,95,,뒤 ch25,전 S265,확실,CH.25 뒤 — 도로시가 두고 간 니힐리스타를 인헤르트가 거둠
S265,side:eden_spear,기준점,판별,ch39,95,95,,중 ch39,,,CH.39 에덴의 창 발사 때 — 리버렐리오가 에덴의 창을 하늘로 쏨
S269,ch41,기준점,판별,ch40–ch41 ~ ch41–ch42,98,100,,뒤 ch40 (며칠); 무렵 ch41,,,"CH.40 af 며칠 뒤 — T.T.STAR 연습을 미세스 미스가 며칠째 지켜본 때, 같은 날 네온 · E.H.의 추적과 식스오의 테러"
S271,ch42,기준점,판별,ch41–ch42 ~ ch42,100,101,,직후 ch41,,,"CH.41 af_06 직후 — 펑크 스트리트 E2 크리스탈 테러와 피신, 같은 날 퀸 요격(af_06 프리티의 방 장면은 요격 2시간 전)"
S272,ch42,기준점,판별,ch42,101,101,,중 ch42,,,퀸 사건 뒤 — 지휘관이 주둔지 01에서 정비 · 마무리(길면 2주)를 마치고 방주로 내려와 아니스를 다시 만난 날
S274,event_goddessfall1,회상,판별,ch40 ~ ch40–ch41,97,98,,직전 event_goddessfall1 (며칠),,,며칠 전 크라운 왕국 — 마리안이 말없이 사라진 날
S275,event_goddessfall1,기준점,판별,ch42,101,101,,중 ch42,,,"에필로그 — 요한이 지휘관에게 연락하기로 한 때, CH.42 끝(지휘관이 방주로 내려간 뒤 요한의 연락) 직전"
S277,erelic:goddess_fall_mini,회상,범위,@2차_지상_탈환전–ch00 ~,16,,,뒤 @2차_지상_탈환전 (몇 년),,,"에덴 블랙박스 영상 기록 — 에덴 설립(메인 연구실 완성)부터 에덴 스쿼드 결성 · 에덴의 창 완성과 출격까지, 2차 지상 탈환전 몇 년 뒤"
S284,fl:terminus_ticket,회상,범위,~ @랩쳐_침공 전,,0,,전 @랩쳐_침공,,,노라의 젊은 시절(랩쳐 침공 전 지상) — 루시안과 함께한 날들과 마지막 여행을 떠난 날
S288,fl:ark_guardian,회상,판별,@아크_가디언_작전–@방주_밀봉,8,8,,무렵 @아크_가디언_작전; 무렵 @방주_밀봉,,,"아크 가디언 작전 — 레드 후드가 떠나고 아나키오르 전이 끝난 직후부터 3차 밀봉 석 달 뒤까지(1차 침공 끝 무렵, 약 100년 전)"
S290,fl:sin_editor,회상,상대,,,,,전 fl:sin_editor,,,레이블 · 아르카나 · 팬텀의 첫 만남과 에닉의 판결 — 레이블이 정보 조작 업무를 받은 무렵(시기 불명)
S295,ch43,회상,범위,~ @2차_지상_탈환전–ch00,,16,,전 ch00,,,"네온이 니케가 되기 전 — 아우터 림 배드 드림의 프린세스와 스톨 3세(약 3년), E.H. 생전"
S296,ch43,기준점,범위,@아크_가디언_작전–@방주_밀봉 ~ @2차_지상_탈환전–ch00,8,16,,뒤 @아크_가디언_작전; 전 ch00,,,"엔더슨의 V.T.C. 괴멸 — 아크 가디언(갓데스 지휘관 혼수) 뒤, 네온이 니케가 되기 약 3년 전, 엔더슨의 부사령관 취임 무렵"
S298,ch44,회상,판별,ch41 ~ ch42,99,101,,직전 S271 (1시간),,,"네오-네온 완성 — 방주 시내 E2 크리스탈 테러 1시간 전, M.M.R. P층"
S300,fl:lie_cause_recoil,회상,상대,,,,,전 fl:lie_cause_recoil,,,카페 스위티의 옛 의뢰 — 아이를 팔아 니케로 만들던 고아원 조사(첫 임무 실패)
S305,fl:enter_heaven,회상,범위,~ ch21–ch22,,60,,전 ch22 (여러 해),,,"엘리시온 하퍼의 과거 — 아우터 림 방벽 공사 막바지 점검부터 후계자 포기 · 엔터 헤븐 결성 · 크로우의 강경파 · AFX 열차 테러 · 함정 회담까지 (방주 테러 여러 해 전, 하퍼가 아우터 림에서 몇 년을 산 뒤가 AFX 테러)"
S310,side:pretty_star,기준점,판별,@갓데스_폴–@2차_지상_탈환전,14,14,,뒤 @갓데스_폴,,,"PRETTY STAR 본편(_00–_13)은 방주 밀봉 뒤 아직 '방주로 내려온 지 얼마 안 된' 때 — 지상 탈환전 실패 · 갓데스 폴 사건 뒤, 피난 때 레드 후드를 본 소녀 프리시아가 어른이 된 무렵. 머스탱이 지금 떠올리는 회상이다"
S311,side:pretty_star,기준점,판별,@갓데스_폴–@2차_지상_탈환전 ~ @2차_지상_탈환전–ch00,14,16,,뒤 S310,전 ch00,확실,"_14 앞부분은 프리티가 죽고 '많은 시간'이 흐른 뒤 아니스가 민트 · 프리카와 무대에 서던 때, 뒷부분은 그 뒤 '더욱 많은 시간'이 흘러 오스왈드가 백발로 갓데스 기록을 끝내고 버닝엄이 아이이던 때다"
S315,ch45,회상,판별,ch44–ch45 ~ ch45,106,107,,직전 d_main_45_01 (수 시간),,,45_03은 45_01 엘리시온 장면보다 수 시간 전의 중앙 회의실
S316,ch45,회상,판별,ch44–ch45 ~ ch45,106,107,,직전 d_main_45_05 (10분),,,45_06은 방주가 꺼지기 10분 전부터의 금서고
S319,ch46,기준점,판별,ch45–ch46 ~ ch46,108,109,,직후 ch45,,,"방주 쪽(af_02–10)은 CH.45 도로시의 방송(F2608) 직후 도반과의 교전부터 — 면회는 그 다음 날, 회의 · 공연 결정은 그 뒤"
S322,event_staranis1,회상,판별,@갓데스_폴–@2차_지상_탈환전,14,14,,뒤 S310; 전 S323,,,"프리티의 복귀 콘서트(아니스 · 민트가 죽은 날, F2556) 뒤, 데뷔 1년 무렵부터의 T.T.STAR와 한슨의 사무실 시절"
S323,event_staranis1,회상,판별,@갓데스_폴–@2차_지상_탈환전,14,14,,전 @2차_지상_탈환전,,,STAR ANIS 2부 회상(01_s 뒷부분–05_e 앞부분 · 06_s) — 한슨의 사무실 시절 말 스마일 박스부터 한슨이 머스탱이 되고 아니스가 지상 부대로 간 뒤 '긴 시간'까지; 거래상 2차 지상 탈환전 전
S324,event_staranis1,기준점,판별,ch46–ch47 ~ ch47–ch48,110,112,,직후 S321,,,STAR ANIS 액자 끝 — 아크리온 홀 기념 공연(S321) 직후 아니스가 T.T.STAR를 탈퇴하고 카운터스가 지상으로 올라감
S331,fl:ark_ranger,기준점,범위,~ ch21–ch22,,60,,전 ch22,,,CH.22 방주 테러 이전 — 극장판 촬영 · 화재 구출(00–04)
S332,fl:ark_ranger,기준점,판별,ch22,61,61,,중 ch22,,,CH.22 방주 테러 당일 — 메티스 승전 기념행사 중(05–07)
S333,fl:ark_ranger,기준점,판별,ch42,101,101,,중 ch42,,,CH.42 펑크 스트리트 E2 크리스탈 사건 — 블랙이 아니스를 지켜봄(10–11)
S334,fl:ark_ranger,기준점,판별,ch45,107,107,,중 ch45,,,CH.45 정전의 밤 — 광장에 수정이 솟음(12–13 앞)
S335,fl:ark_ranger,기준점,판별,ch46–ch47 ~ ch47,110,111,,뒤 ch46,,,CH.46 뒤 — 3차 지상 탈환전을 앞두고 카운터스가 에덴으로 가는 길(13 끝–27)
S340,fl:project_matis,회상,범위,@2차_지상_탈환전–ch00 ~,16,,,뒤 @2차_지상_탈환전; 전 fl:project_matis,,,"2차 지상 탈환전 실패 직후 어린 슈엔의 시절부터, 3대 CEO 취임 수년 뒤 PROJECT MATIS로 메티스 스쿼드가 완성되기까지"
S348,erelic:white_memory,기준점,범위,@방주_밀봉–@1차_지상_탈환전 ~ ch05–ch06,10,28,,뒤 @방주_밀봉,전 ch06,확실,event_overzone 2부 뒤 — 갓데스가 흩어진 뒤 홀로 떠돌던 스노우 화이트가 다시 찾은 릴리스의 관에서 머리가 사라진 것을 본 때
S367,fl:blank_ticket,회상,범위,~ @아크_가디언_작전–@방주_밀봉,,8,,전 @방주_밀봉,,,노라의 지상 여행 일기 — 랩쳐('외계인') 침공으로 방주에 내려가던 날까지(몇십 년 전)
