order,tick,unit,kind,class,place,lo,hi,via,records,pieces,flashbacks,relations,narrow,narrow_confidence,release_main,drift,drift_gap
1,1,ch00,메인,판별,ch00,17,17,메인,S1,,,,,,ch00,,
2,2,ch01,메인,판별,ch01,19,19,메인,S2 S3,S3,,직후 ch00 (하루),,,ch01,,
3,2,relic:어느남자의수기,유실물,범위,@랩쳐_침공–@갓데스_투입 ~ @아크_가디언_작전–@방주_밀봉,2,8,단위,S11,,,뒤 @랩쳐_침공; 전 @방주_밀봉,,,ch01,과거,2
4,3,ch02,메인,판별,ch02,21,21,메인,S4 S5,S4 S5,,,,,ch02,,
5,3,sub:칠리페퍼_00,서브퀘스트,범위,ch01–ch02 ~,20,,단위,S6,,,뒤 ch01,단서 없음,추정,ch02,걸침,
6,3,sub:테트라_커넥트_00,서브퀘스트,범위,ch01–ch02 ~,20,,단위,S7,,,뒤 ch01,단서 없음,추정,ch02,걸침,
7,3,sub:콜렉터_00,서브퀘스트,상대,,,,단위,,,,,단서 없음,추정,ch02,,
8,3,relic:생존가이드1,유실물,범위,@랩쳐_침공–@갓데스_투입 ~,2,,좁힘,,,,,뒤 @랩쳐_침공,확실,ch02,걸침,
9,3,relic:통화기록017515,유실물,판별,@랩쳐_침공 전 ~ @랩쳐_침공–@갓데스_투입,0,2,단위,S12,,,무렵 @랩쳐_침공,,,ch02,과거,3
10,4,ch03,메인,판별,ch03,23,23,메인,S8,S8,,,,,ch03,,
11,4,sub:세르반_00,서브퀘스트,상대,,,,단위,,,,,단서 없음,추정,ch03,,
12,4,sub:트레저_헌터_00,서브퀘스트,상대,,,,단위,,,,,단서 없음,추정,ch03,,
13,4,sub:랩칠리언_00,서브퀘스트,범위,~ ch26–ch27,,70,단위,,,,,단서 없음,추정,ch03,걸침,
14,4,relic:방주추첨권,유실물,범위,@랩쳐_침공–@갓데스_투입 ~ @아크_가디언_작전–@방주_밀봉,2,8,단위,S13,,,뒤 @랩쳐_침공; 전 @방주_밀봉,,,ch03,과거,4
15,5,ch04,메인,판별,ch04,25,25,메인,S9,S9,,,,,ch04,,
16,5,sub:트레저_헌터_01,서브퀘스트,상대,,,,좁힘,,,,,뒤 sub:트레저_헌터_00,확실,ch04,,
17,5,sub:이례의_기록자_00,서브퀘스트,불명,,,,,,,,,단서 없음,추정,ch04,,
18,5,sub:랩칠리언_01,서브퀘스트,범위,~ ch26–ch27,,70,좁힘,,,,,뒤 sub:랩칠리언_00,확실,ch04,걸침,
19,5,relic:갓데스스쿼드리포트,유실물,판별,@아크_가디언_작전–@방주_밀봉 ~ @방주_밀봉,8,9,좁힘,,,,,직후 @아크_가디언_작전,추정,ch04,과거,5
20,6,ch05,메인,판별,ch05,27,27,메인,S10,,S10,,,,ch05,,
21,6,sub:중앙_정부_공식__00,서브퀘스트,상대,,,,단위,,,,,단서 없음,추정,ch05,,
22,6,sub:고스트_00,서브퀘스트,불명,,,,,,,,,단서 없음,추정,ch05,,
23,6,sub:랩칠리언_02,서브퀘스트,범위,~ ch26–ch27,,70,좁힘,,,,,뒤 sub:랩칠리언_01,확실,ch05,걸침,
24,6,relic:니케실험대상자모집,유실물,범위,@랩쳐_침공–@갓데스_투입 ~,2,,좁힘,,,,,뒤 @랩쳐_침공,확실,ch05,걸침,
25,6,relic:통화기록028594,유실물,범위,@갓데스_투입–@궤도_엘리베이터_강습 ~ @아크_가디언_작전–@방주_밀봉,4,8,단위,S14,,,뒤 @갓데스_투입; 전 @방주_밀봉,,,ch05,과거,6
26,7,ch06,메인,판별,ch06,29,29,메인,,,,,,,ch06,,
27,7,sub:랩칠리언_03,서브퀘스트,범위,~ ch26–ch27,,70,좁힘,,,,,뒤 sub:랩칠리언_02,확실,ch06,걸침,
28,7,sub:세르반_01,서브퀘스트,상대,,,,좁힘,,,,,뒤 sub:세르반_00,확실,ch06,,
29,7,relic:니케실험반대피켓,유실물,범위,@갓데스_투입–@궤도_엘리베이터_강습 ~,4,,좁힘,,,,,뒤 @갓데스_투입,확실,ch06,걸침,
30,7,sub:코리_00,서브퀘스트,불명,,,,,,,,,단서 없음,추정,ch06,,
31,8,ch07,메인,판별,ch07,31,31,메인,S15 S16,,,직후 ch06,,,ch07,,
32,8,sub:중앙_정부_공식__01,서브퀘스트,상대,,,,좁힘,,,,,뒤 sub:중앙_정부_공식__00,확실,ch07,,
33,8,sub:세르반_02,서브퀘스트,상대,,,,좁힘,,,,,뒤 sub:세르반_01,확실,ch07,,
34,8,relic:채팅로그_얼리어답터,유실물,판별,@랩쳐_침공–@갓데스_투입 ~ @갓데스_투입,2,3,단위,S17,,,직후 @랩쳐_침공,,,ch07,과거,8
35,8,d_ex_elevator_01,그 밖,범위,@갓데스_폴 ~,13,,단위,S18,,,,단서 없음,추정,ch07,걸침,
36,8,sub:랩칠리언_04,서브퀘스트,범위,~ ch26–ch27,,70,좁힘,,,,,뒤 sub:랩칠리언_03,확실,ch07,걸침,
37,9,ch08,메인,판별,ch08,33,33,메인,S19,,,뒤 ch07 (한 달),,,ch08,,
38,9,sub:칠리페퍼_01,서브퀘스트,범위,ch01–ch02 ~,20,,좁힘,,,,,뒤 sub:칠리페퍼_00,확실,ch08,걸침,
39,9,relic:광고팜플렛,유실물,범위,@랩쳐_침공–@갓데스_투입 ~ @아크_가디언_작전–@방주_밀봉,2,8,단위,S20,,,뒤 @랩쳐_침공; 전 @방주_밀봉,,,ch08,과거,9
40,9,relic:UFO챈.zip,유실물,판별,@랩쳐_침공–@갓데스_투입 ~ @갓데스_투입,2,3,단위,S21,,,직후 @랩쳐_침공,,,ch08,과거,9
41,9,sub:콜렉터_01,서브퀘스트,상대,,,,좁힘,,,,,뒤 sub:콜렉터_00,확실,ch08,,
42,9,sub:할아범_00,서브퀘스트,범위,~ ch22,,61,단위,,,,,단서 없음,추정,ch08,걸침,
43,10,ch09,메인,판별,ch09,35,35,메인,S22,,,직후 ch08,,,ch09,,
44,10,sub:미실리스_연구팀_00,서브퀘스트,상대,,,,단위,,,,,단서 없음,추정,ch09,,
45,10,relic:지휘관모집공고,유실물,범위,@랩쳐_침공–@갓데스_투입 ~ @아크_가디언_작전–@방주_밀봉,2,8,단위,S23,,,뒤 @랩쳐_침공; 전 @방주_밀봉,,,ch09,과거,10
46,10,sub:트레저_헌터_02,서브퀘스트,상대,,,,좁힘,,,,,뒤 sub:트레저_헌터_01,확실,ch09,,
47,10,sub:김작가_00,서브퀘스트,불명,,,,,,,,,단서 없음,추정,ch09,,
48,11,ch10,메인,판별,ch10,37,37,메인,S24,,,직후 ch09,,,ch10,,
49,11,sub:롬_00,서브퀘스트,상대,,,,단위,,,,,단서 없음,추정,ch10,,
50,11,relic:어느소녀의수기,유실물,범위,@랩쳐_침공–@갓데스_투입 ~ @아크_가디언_작전–@방주_밀봉,2,8,단위,S25,,,뒤 @랩쳐_침공; 전 @방주_밀봉,,,ch10,과거,11
51,11,sub:시리얼_00,서브퀘스트,상대,,,,단위,,,,,단서 없음,추정,ch10,,
52,11,sub:스페이드_00,서브퀘스트,불명,,,,,,,,,단서 없음,추정,ch10,,
53,12,ch11,메인,판별,ch11,39,39,메인,S26,,,직후 ch10 (하루),,,ch11,,
54,12,sub:음악_애호가_00,서브퀘스트,상대,,,,단위,,,,,단서 없음,추정,ch11,,
55,12,relic:기업-랩쳐음모론,유실물,판별,@랩쳐_침공–@갓데스_투입 ~ @갓데스_투입,2,3,단위,S27,,,직후 @랩쳐_침공,,,ch11,과거,12
56,12,relic:구시대의플레이리스트,유실물,범위,@랩쳐_침공–@갓데스_투입 ~,2,,좁힘,,,,,뒤 @랩쳐_침공,확실,ch11,걸침,
57,12,sub:산해진미_00,서브퀘스트,상대,,,,단위,,,,,단서 없음,추정,ch11,,
58,12,sub:저스틴_00,서브퀘스트,불명,,,,,,,,,단서 없음,추정,ch11,,
59,13,ch12,메인,판별,ch12,41,41,메인,S28,,,직후 ch11,,,ch12,,
60,13,relic:어느의사의수기,유실물,범위,@랩쳐_침공–@갓데스_투입 ~ @아크_가디언_작전–@방주_밀봉,2,8,단위,S30,,,뒤 @랩쳐_침공; 전 @방주_밀봉,,,ch12,과거,13
61,13,sub:러블리_드림_00,서브퀘스트,상대,,,,단위,,,,,단서 없음,추정,ch12,,
62,13,sub:든_셀_00,서브퀘스트,범위,ch07–ch08 ~,32,,좁힘,,,,,뒤 ch07,확실,ch12,걸침,
63,13,sub:테디_00,서브퀘스트,불명,,,,,,,,,단서 없음,추정,ch12,,
64,14,ch13,메인,판별,ch13,43,43,메인,S31,,,직후 ch12 (하루),,,ch13,,
65,14,sub:세르반_03,서브퀘스트,상대,,,,좁힘,,,,,뒤 sub:세르반_02,확실,ch13,,
66,14,sub:철도로GO_00,서브퀘스트,범위,ch13–ch14 ~,44,,좁힘,,,,,뒤 ch13,추정,ch13,걸침,
67,14,relic:여자친구의편지,유실물,판별,@랩쳐_침공–@갓데스_투입 ~ @갓데스_투입,2,3,단위,S32,,,직후 @랩쳐_침공,,,ch13,과거,14
68,14,sub:미실리스_연구팀_01,서브퀘스트,상대,,,,좁힘,,,,,뒤 sub:미실리스_연구팀_00,확실,ch13,,
69,15,ch14,메인,판별,ch14,45,45,메인,S33,,,뒤 ch13 (한 달),,,ch14,,
70,15,sub:칠리페퍼_02,서브퀘스트,범위,ch01–ch02 ~,20,,좁힘,,,,,뒤 sub:칠리페퍼_01,확실,ch14,걸침,
71,15,relic:기후변화보고서,유실물,판별,@랩쳐_침공 전 ~ @랩쳐_침공–@갓데스_투입,0,2,단위,S35,,,무렵 @랩쳐_침공,,,ch14,과거,15
72,15,relic:인터넷BJ라이브방송녹화분,유실물,판별,@랩쳐_침공–@갓데스_투입 ~ @갓데스_투입,2,3,좁힘,,,,,직후 @랩쳐_침공,확실,ch14,과거,15
73,15,sub:롬_01,서브퀘스트,상대,,,,좁힘,,,,,뒤 sub:롬_00,확실,ch14,,
74,15,sub:방주_난민_00,서브퀘스트,상대,,,,단위,,,,,단서 없음,추정,ch14,,
75,16,ch15,메인,판별,ch15,47,47,메인,S36,,,직후 ch14,,,ch15,,
76,16,relic:종말의서,유실물,범위,@랩쳐_침공–@갓데스_투입 ~,2,,좁힘,,,,,뒤 @랩쳐_침공,확실,ch15,걸침,
77,16,sub:방주_난민_01,서브퀘스트,상대,,,,좁힘,,,,,뒤 sub:방주_난민_00,확실,ch15,,
78,16,sub:방주_난민_02,서브퀘스트,상대,,,,좁힘,,,,,뒤 sub:방주_난민_01,확실,ch15,,
79,16,sub:제니퍼f_00,서브퀘스트,불명,,,,,,,,,단서 없음,추정,ch15,,
80,17,ch16,메인,판별,ch16,49,49,메인,S37,,,직후 ch15,,,ch16,,
81,17,sub:방주_난민_03,서브퀘스트,상대,,,,좁힘,,,,,뒤 sub:방주_난민_02,확실,ch16,,
82,17,relic:장보기목록,유실물,판별,@랩쳐_침공 전 ~ @랩쳐_침공–@갓데스_투입,0,2,좁힘,,,,,무렵 @랩쳐_침공,확실,ch16,과거,17
83,17,sub:트레저_헌터_03,서브퀘스트,상대,,,,좁힘,,,,,뒤 sub:트레저_헌터_02,확실,ch16,,
84,17,sub:랩칠리언_05,서브퀘스트,범위,ch02–ch03 ~ ch26–ch27,22,70,좁힘,,,,,뒤 ch02; 뒤 sub:랩칠리언_04,확실,ch16,걸침,
85,17,char:180,호감도,범위,ch12–ch13 ~,42,,단위,S349,,,뒤 ch12,단서 없음,추정,ch16,걸침,
86,17,char:11,호감도,범위,ch15–ch16 ~,48,,좁힘,,,,,뒤 ch15,추정,ch16,걸침,
87,17,char:212,호감도,범위,ch07–ch08 ~,32,,좁힘,,,,,뒤 ch07,추정,ch16,걸침,
88,17,char:232,호감도,범위,ch19–ch20 ~ ch40–ch41,56,98,단위,S350,,,뒤 ch19; 전 event_goddessfall1,,,ch16,뒤,3
89,17,char:430,호감도,상대,,,,좁힘,,,,,뒤 char:431; 뒤 char:432,추정,ch16,,
90,17,char:20,호감도,범위,ch16–ch17 ~ ch23–ch24,50,64,단위 · 좁힘,S368,,,뒤 ch16,전 ch24,추정,ch16,걸침,
91,17,char:202,호감도,범위,ch15–ch16 ~ ch38–ch39,48,94,단위 · 좁힘,S351,,,뒤 ch15,전 ch39,추정,ch16,걸침,
92,17,char:101,호감도,범위,ch15–ch16 ~ ch38–ch39,48,94,단위 · 좁힘,S369,,,뒤 ch15,전 ch39,추정,ch16,걸침,
93,17,char:72,호감도,범위,ch13–ch14 ~,44,,단위,S38 S352,,S38,뒤 ch13,단서 없음,추정,ch16,걸침,
94,17,char:221,호감도,범위,ch06–ch07 ~ ch16–ch17,30,50,단위,S39 S353,,S39,뒤 ch06; 전 ch17,,,ch16,걸침,
95,17,char:10,호감도,판별,ch01–ch02 ~ ch02–ch03,20,22,단위,S40,,,무렵 ch02,,,ch16,앞,14
96,17,char:190,호감도,범위,ch06–ch07 ~,30,,단위,S41,,,뒤 ch06,단서 없음,추정,ch16,걸침,
97,17,char:200,호감도,범위,ch15–ch16 ~,48,,단위,S370,,,뒤 ch15,단서 없음,추정,ch16,걸침,
98,17,char:82,호감도,불명,,,,,,,,,단서 없음,추정,ch16,,
99,17,char:102,호감도,범위,ch15–ch16 ~,48,,단위 · 좁힘,S42,,,뒤 ch07,뒤 ch15,추정,ch16,걸침,
100,17,char:130,호감도,범위,ch13–ch14 ~,44,,단위 · 좁힘,S354,,,전 event_bluewaterisland,뒤 ch13,추정,ch16,걸침,
101,17,char:181,호감도,범위,ch12–ch13 ~,42,,단위,S371,,,뒤 ch12,단서 없음,추정,ch16,걸침,
102,17,char:32,호감도,불명,,,,,,,,,단서 없음,추정,ch16,,
103,17,char:61,호감도,불명,,,,,,,,,단서 없음,추정,ch16,,
104,17,char:161,호감도,범위,ch02–ch03 ~ ch23–ch24,22,64,좁힘,,,,,뒤 ch02; 전 ch24,추정,ch16,걸침,
105,17,char:141,호감도,불명,,,,,,,,,단서 없음,추정,ch16,,
106,17,char:91,호감도,범위,ch04–ch05 ~ ch31–ch32,26,80,단위,S372,,,뒤 ch04; 전 ch32,,,ch16,걸침,
107,17,char:60,호감도,불명,,,,,,,,,단서 없음,추정,ch16,,
108,17,char:431,호감도,상대,,,,단위,,,,,단서 없음,추정,ch16,,
109,17,char:70,호감도,범위,ch13–ch14 ~,44,,좁힘,,,,,뒤 ch13,추정,ch16,걸침,
110,17,char:80,호감도,범위,ch15–ch16 ~,48,,좁힘,,,,,뒤 ch15,추정,ch16,걸침,
111,17,char:71,호감도,범위,ch13–ch14 ~,44,,좁힘,,,,,뒤 ch13,추정,ch16,걸침,
112,17,char:140,호감도,범위,ch15–ch16 ~,48,,단위 · 좁힘,S355,,,뒤 ch13,뒤 ch15,추정,ch16,걸침,
113,17,char:220,호감도,범위,ch06–ch07 ~ ch41,30,99,단위 · 좁힘,S356,,,뒤 ch06,전 fl:ark_guardian,추정,ch16,걸침,
114,17,char:22,호감도,범위,ch04–ch05 ~,26,,좁힘,,,,,뒤 ch04,추정,ch16,걸침,
115,17,char:12,호감도,판별,ch01–ch02 ~ ch02–ch03,20,22,단위,S43,,,무렵 ch02,,,ch16,앞,14
116,17,char:432,호감도,상대,,,,단위,,,,,단서 없음,추정,ch16,,
117,17,char:172,호감도,범위,ch09–ch10 ~,36,,좁힘,,,,,뒤 ch09,추정,ch16,걸침,
118,17,char:191,호감도,범위,ch05–ch06 ~,28,,단위,S373,,,뒤 ch05,단서 없음,추정,ch16,걸침,
119,17,char:201,호감도,범위,ch15–ch16 ~,48,,단위,S374,,,뒤 ch15,단서 없음,추정,ch16,걸침,
120,17,char:291,호감도,범위,ch02–ch03 ~,22,,좁힘,,,,,뒤 ch02,추정,ch16,걸침,
121,17,char:241,호감도,범위,ch13–ch14 ~,44,,좁힘,,,,,뒤 ch13,추정,ch16,걸침,
122,17,char:210,호감도,범위,ch09–ch10 ~,36,,단위,S375,,,뒤 ch09,단서 없음,추정,ch16,걸침,
123,17,char:90,호감도,범위,ch11–ch12 ~,40,,단위,S376,,,뒤 ch11,단서 없음,추정,ch16,걸침,
124,17,char:160,호감도,범위,ch09–ch10 ~ ch23–ch24,36,64,좁힘,,,,,뒤 ch09; 전 ch24,추정,ch16,걸침,
125,17,char:150,호감도,불명,,,,,,,,,단서 없음,추정,ch16,,
126,17,char:171,호감도,범위,ch09–ch10 ~ ch20–ch21,36,58,단위 · 좁힘,S377,,,뒤 ch09,전 ch21,추정,ch16,걸침,
127,17,char:92,호감도,범위,ch04–ch05 ~,26,,단위,S378,,,뒤 ch04,단서 없음,추정,ch16,걸침,
128,17,char:231,호감도,범위,ch21–ch22 ~ ch40–ch41,60,98,단위,S357,,,뒤 ch21; 전 event_goddessfall1,,,ch16,뒤,5
129,17,char:110,호감도,범위,ch16–ch17 ~ ch23–ch24,50,64,단위 · 좁힘,S358,,,뒤 ch16,전 ch24,추정,ch16,걸침,
130,17,char:131,호감도,범위,ch13–ch14 ~,44,,좁힘,,,,,뒤 ch13,추정,ch16,걸침,
131,17,char:30,호감도,범위,ch11–ch12 ~,40,,좁힘,S44,,S44,,뒤 ch11,추정,ch16,걸침,
132,17,char:242,호감도,범위,ch13–ch14 ~,44,,좁힘,,,,,뒤 ch13,추정,ch16,걸침,
133,17,char:170,호감도,범위,ch09–ch10 ~,36,,단위,S379,,,뒤 ch09,단서 없음,추정,ch16,걸침,
134,17,char:142,호감도,범위,ch13–ch14 ~,44,,좁힘,,,,,뒤 ch13,추정,ch16,걸침,
135,17,char:230,호감도,범위,ch19–ch20 ~ ch40–ch41,56,98,단위,S359,,,뒤 ch19; 전 event_goddessfall1,,,ch16,뒤,3
136,17,char:222,호감도,범위,ch17–ch18 ~ ch40–ch41,52,98,단위,S360,,,뒤 ch17; 전 event_goddessfall1,,,ch16,뒤,1
137,17,char:120,호감도,범위,ch07–ch08 ~,32,,단위 · 좁힘,S380,,,전 event_miraclesnow1,뒤 ch07,추정,ch16,걸침,
138,18,event_nocallerid,이벤트,불명,,,,,,,,,단서 없음,추정,ch16,,
139,18,char:352,호감도,상대,,,,단위,,,,,단서 없음,추정,ch16,,
140,19,ch17,메인,판별,ch17,51,51,메인,S45,,,직후 ch16,,,ch17,,
141,19,relic:모바일_보이스피싱_광고_모음.zip,유실물,판별,@랩쳐_침공–@갓데스_투입 ~ @갓데스_투입,2,3,단위,S46,,,직후 @랩쳐_침공,,,ch17,과거,18
142,19,relic:니케제작보고서요약본,유실물,범위,@랩쳐_침공–@갓데스_투입 ~,2,,좁힘,,,,,뒤 @랩쳐_침공,확실,ch17,걸침,
143,19,sub:랩칠리언_06,서브퀘스트,범위,ch02–ch03 ~ ch26–ch27,22,70,좁힘,,,,,뒤 sub:랩칠리언_05; 전 ch27,확실,ch17,걸침,
144,19,sub:숲속요정_00,서브퀘스트,범위,ch12–ch13 ~,42,,단위,S29,,,뒤 ch12,단서 없음,추정,ch17,걸침,
145,19,sub:알콜러버_00,서브퀘스트,범위,ch14–ch15 ~,46,,단위,S34,,,뒤 ch14,단서 없음,추정,ch17,걸침,
146,20,ch18,메인,판별,ch18,53,53,메인,S47,,,직후 ch17,,,ch18,,
147,20,sub:테트라_커넥트_01,서브퀘스트,범위,ch01–ch02 ~,20,,좁힘,,,,,뒤 sub:테트라_커넥트_00,확실,ch18,걸침,
148,20,sub:중앙_정부_공식__02,서브퀘스트,상대,,,,좁힘,,,,,뒤 sub:중앙_정부_공식__01,확실,ch18,,
149,20,relic:XX중학교가정통신문,유실물,판별,@랩쳐_침공 전 ~ @랩쳐_침공–@갓데스_투입,0,2,단위,S48,,,무렵 @랩쳐_침공,,,ch18,과거,19
150,20,sub:시리얼_01,서브퀘스트,상대,,,,좁힘,,,,,뒤 sub:시리얼_00,확실,ch18,,
151,20,event_hightechtoy,이벤트,범위,ch15–ch16 ~,48,,단위 · 좁힘,S361,,,뒤 ch11,뒤 ch15,추정,ch18,걸침,
152,20,char:100,호감도,범위,ch15–ch16 ~,48,,단위,S381,,,뒤 ch15,단서 없음,추정,ch18,걸침,
153,21,event_miraclesnow1,이벤트,범위,ch15–ch16 ~,48,,좁힘,S49,,,,뒤 ch15,추정,ch18,걸침,
154,21,char:193,호감도,범위,ch05–ch06 ~,28,,단위,S382,,,뒤 ch05,단서 없음,추정,ch18,걸침,
155,21,char:203,호감도,범위,ch15 ~,47,,단위,S50,,,무렵 event_miraclesnow1,단서 없음,추정,ch18,걸침,
156,22,char:121,호감도,범위,ch15–ch16 ~,48,,단위,S51,,,뒤 event_miraclesnow1,단서 없음,추정,ch18,걸침,
157,23,event_brandnewyear,이벤트,범위,ch13–ch14 ~,44,,좁힘,S52,,,,뒤 ch13,추정,ch18,걸침,
158,24,char:260,호감도,판별,ch13–ch14,44,44,단위,S53,,,뒤 ch13; 전 ch14,,,ch18,앞,5
159,25,ch19,메인,판별,ch19,55,55,메인,S54,,,직후 ch18,,,ch19,,
160,25,relic:데일리아크기사스크랩,유실물,판별,@갓데스_폴–@2차_지상_탈환전 ~ @2차_지상_탈환전–ch00,,,회상,S55,,S55,,,,ch19,과거,20
161,25,sub:러블리_드림_01,서브퀘스트,상대,,,,좁힘,,,,,뒤 sub:러블리_드림_00,확실,ch19,,
162,25,sub:미실리스_연구팀_02,서브퀘스트,상대,,,,좁힘,,,,,뒤 sub:미실리스_연구팀_01,확실,ch19,,
163,25,sub:롬_02,서브퀘스트,상대,,,,좁힘,,,,,뒤 sub:롬_01,확실,ch19,,
164,26,ch20,메인,판별,ch20,57,57,메인,S56,,,직후 ch19 (하루),,,ch20,,
165,26,sub:로망티스트_00,서브퀘스트,상대,,,,단위,,,,,단서 없음,추정,ch20,,
166,26,relic:jonathan_report,유실물,불명,,,,,,,,,단서 없음,추정,ch20,,
167,26,sub:미실리스_연구팀_03,서브퀘스트,상대,,,,좁힘,,,,,뒤 sub:미실리스_연구팀_02,확실,ch20,,
168,26,sub:데이파라_00,서브퀘스트,불명,,,,,,,,,단서 없음,추정,ch20,,
169,26,event_doutsiders,이벤트,범위,~ ch23–ch24,,64,좁힘,,,,,전 ch24,추정,ch20,걸침,
170,26,char:400,호감도,범위,ch13–ch14 ~,44,,좁힘,,,,,뒤 ch13,추정,ch20,걸침,
171,26,char:401,호감도,상대,,,,단위,,,,,단서 없음,추정,ch20,,
172,26,char:111,호감도,범위,ch16–ch17 ~ ch23–ch24,50,64,단위 · 좁힘,S383,,,뒤 ch16,전 ch24,추정,ch20,걸침,
173,26,char:402,호감도,상대,,,,단위,,,,,단서 없음,추정,ch20,,
174,27,char:112,호감도,범위,ch16–ch17 ~ ch23–ch24,50,64,단위 · 좁힘,S384,,,뒤 ch16,전 ch24,추정,ch20,걸침,
175,28,event_maidinvalentine,이벤트,범위,ch09–ch10 ~,36,,좁힘,S57,,,,뒤 ch09,추정,ch20,걸침,
176,28,char:311,호감도,범위,ch07–ch08 ~,32,,좁힘,,,,,뒤 ch07,추정,ch20,걸침,
177,29,char:312,호감도,불명,,,,,,,,,단서 없음,추정,ch20,,
178,30,char:800,호감도,범위,ch09–ch10 ~,36,,좁힘,,,,,뒤 ch09,추정,ch20,걸침,
179,30,char:801,호감도,범위,ch15–ch16 ~,48,,좁힘,,,,,뒤 ch15,추정,ch20,걸침,
180,30,char:802,호감도,범위,ch15–ch16 ~,48,,좁힘,,,,,뒤 ch15; 뒤 char:801,추정,ch20,걸침,
181,31,event_bowwowparadise,이벤트,불명,,,,,,,,,단서 없음,추정,ch20,,
182,31,char:381,호감도,불명,,,,,,,,,단서 없음,추정,ch20,,
183,32,event_cherryblossom,이벤트,범위,ch02–ch03 ~,22,,좁힘,S58,,S58,,뒤 ch02,추정,ch20,걸침,
184,32,char:261,호감도,판별,ch20–ch21 ~ ch21,58,59,단위,S59,,,직후 ch20,,,ch20,걸침,
185,32,char:282,호감도,불명,,,,,,,,,단서 없음,추정,ch20,,
186,33,event_fullfoolday,이벤트,범위,ch15–ch16 ~,48,,좁힘,S60,,,,뒤 ch15,추정,ch20,걸침,
187,34,event_ltk,이벤트,상대,,,,단위,,,,,단서 없음,추정,ch20,,
188,34,char:40,호감도,불명,,,,,,,,,단서 없음,추정,ch20,,
189,35,ch21,메인,판별,ch21,59,59,메인,S61 S62 S63,,S61,직후 ch20,,,ch21,,
190,35,sub:에덴_Notice_00,서브퀘스트,판별,ch20–ch21 ~ ch21–ch22,58,60,단위,S64,,,무렵 ch21,,,ch21,걸침,
191,35,sub:에덴_Notice_01,서브퀘스트,판별,ch20–ch21 ~ ch21–ch22,58,60,좁힘,,,,,무렵 ch21,확실,ch21,걸침,
192,35,sub:에덴_Notice_02,서브퀘스트,판별,ch20–ch21 ~ ch21–ch22,58,60,좁힘,,,,,무렵 ch21,확실,ch21,걸침,
193,35,relic:특이랩쳐보고서-전,유실물,불명,,,,,,,,,단서 없음,추정,ch21,,
194,35,relic:특이랩쳐보고서-후,유실물,불명,,,,,,,,,단서 없음,추정,ch21,,
195,36,ch22,메인,판별,ch22,61,61,메인,S65 S66,,S66,직후 ch21,,,ch22,,
196,36,sub:문구점_00,서브퀘스트,판별,ch22,61,61,단위,S67,,,중 ch22,,,ch22,맞음,
197,36,sub:2호_쉘터_관리계정_00,서브퀘스트,판별,ch22,61,61,단위,S69,,,중 ch22,,,ch22,맞음,
198,36,sub:할아범_01,서브퀘스트,판별,ch22,61,61,단위,S70,,,중 ch22; 뒤 sub:할아범_00,,,ch22,맞음,
199,36,relic:에닉탄핵포스터,유실물,불명,,,,,,,,,단서 없음,추정,ch22,,
200,36,event_overzone,이벤트,판별,@2차_지상_탈환전–ch00,,,조각,S71 S72,S72,S71,,,,ch22,과거,23
201,36,erelic:white_memory,유실물,범위,@아크_가디언_작전–@방주_밀봉 ~ @방주_밀봉–@1차_지상_탈환전 / @방주_밀봉–@1차_지상_탈환전 ~ ch05–ch06,,,조각,S73 S348,S73 S348,,,,,ch22,앞,17
202,36,char:233,호감도,판별,ch20–ch21 ~ ch21–ch22,58,60,단위,S74,,,무렵 ch21,,,ch22,앞,1
203,36,char:392,호감도,상대,,,,단위,,,,,단서 없음,추정,ch22,,
204,37,event_BunnyX777,이벤트,범위,ch22–ch23 ~,62,,좁힘,,,,,뒤 ch22,추정,ch22,걸침,
205,37,char:270,호감도,범위,ch22–ch23 ~,62,,좁힘,,,,,뒤 ch22,추정,ch22,걸침,
206,38,char:271,호감도,범위,ch22–ch23 ~,62,,단위,S75,,,동시 char:270,단서 없음,추정,ch22,걸침,
207,39,event_queensorder,이벤트,범위,ch13–ch14 ~,44,,좁힘,S76,,,,뒤 ch13,추정,ch22,걸침,
208,39,char:280,호감도,범위,ch22–ch23 ~,62,,단위,S385,,,뒤 event_BunnyX777,단서 없음,추정,ch22,걸침,
209,40,event_bluewaterisland,이벤트,범위,ch22–ch23 ~,62,,단위,S77,,,뒤 ch22,단서 없음,추정,ch22,걸침,
210,40,char:132,호감도,범위,ch22–ch23 ~,62,,단위,S78,,,중 event_bluewaterisland,단서 없음,추정,ch22,걸침,
211,41,char:14,호감도,범위,ch22–ch23 ~,62,,단위,S79,,,중 event_bluewaterisland,단서 없음,추정,ch22,걸침,
212,42,event_nyanyaparadise,이벤트,범위,ch09–ch10 ~,36,,좁힘,,,,,뒤 ch09,추정,ch22,걸침,
213,42,char:380,호감도,불명,,,,,S80,,S80,,단서 없음,추정,ch22,,
214,43,ch23,메인,판별,ch23,63,63,메인,S81,,,직후 ch22,,,ch23,,
215,43,sub:상인연합_달란트_00,서브퀘스트,판별,ch23–ch24 ~ ch24,64,65,단위,S82,,,직후 ch23,,,ch23,걸침,
216,43,sub:콜렉터_02,서브퀘스트,판별,ch23,63,63,단위,S83,,,중 ch23,,,ch23,맞음,
217,43,relic:필그림조우보고서,유실물,불명,,,,,,,,,단서 없음,추정,ch23,,
218,43,sub:중앙정부_트라이앵글_00,서브퀘스트,판별,ch22,61,61,단위,S68,,,중 ch22,,,ch23,앞,1
219,44,ch24,메인,판별,ch24,65,65,메인,S84 S85,S85,,직후 ch23,,,ch24,,
220,44,sub:해결사_카페_스위티_00,서브퀘스트,범위,ch22–ch23 ~ ch24–ch25,62,66,단위,S86,,,뒤 ch22; 전 ch25,,,ch24,걸침,
221,44,relic:긴급뉴스대본_FB_3_final_2.pdf,유실물,판별,ch24,65,65,좁힘,,,,,중 ch24,확실,ch24,맞음,
222,44,sub:중앙정부_프로토콜_00,서브퀘스트,범위,ch22–ch23 ~ ch24–ch25,62,66,단위,S99,,,뒤 ch22; 전 ch25,,,ch24,걸침,
223,44,sub:코인_러시_00,서브퀘스트,판별,ch23–ch24 ~ ch24–ch25,64,66,단위,S101,,,무렵 ch24,,,ch24,걸침,
224,44,event_goldenship,이벤트,불명,,,,,S87,,,,단서 없음,추정,ch24,,
225,44,char:350,호감도,불명,,,,,,,,,단서 없음,추정,ch24,,
226,45,event_seayouagain1,이벤트,범위,ch22–ch23 ~,62,,단위,S88,,,뒤 event_bluewaterisland,단서 없음,추정,ch24,걸침,
227,45,char:15,호감도,범위,ch22–ch23 ~,62,,단위,S89,,,중 event_seayouagain1,단서 없음,추정,ch24,걸침,
228,45,char:351,호감도,상대,,,,좁힘,,,,,뒤 char:352,추정,ch24,,
229,46,char:353,호감도,범위,ch22–ch23 ~,62,,단위,S90,,,중 event_seayouagain1,단서 없음,추정,ch24,걸침,
230,47,event_firstaffection,이벤트,범위,ch17–ch18 ~,52,,단위,S91 S92,,S91,뒤 ch17,단서 없음,추정,ch24,걸침,
231,48,char:810,호감도,판별,@랩쳐_침공–@갓데스_투입 ~ @갓데스_투입–@궤도_엘리베이터_강습,,,회상,S93,,S93,,,,ch24,과거,25
232,48,char:812,호감도,불명,,,,,,,,,단서 없음,추정,ch24,,
233,49,char:811,호감도,불명,,,,,,,,,단서 없음,추정,ch24,,
234,50,event_schooloflock,이벤트,상대,,,,단위,S94,,,뒤 char:392,단서 없음,추정,ch24,,
235,50,char:321,호감도,불명,,,,,,,,,단서 없음,추정,ch24,,
236,51,event_dazzlingcupid,이벤트,범위,ch22–ch23 ~,62,,단위 · 좁힘,S362,,,전 fl:wave_to_you,뒤 ch22,추정,ch24,걸침,
237,51,char:450,호감도,불명,,,,,S95,,S95,,단서 없음,추정,ch24,,
238,52,char:451,호감도,불명,,,,,,,,,단서 없음,추정,ch24,,
239,53,event_freezeacpu,이벤트,범위,ch15–ch16 ~,48,,좁힘,S96,,,,뒤 ch15,추정,ch24,걸침,
240,53,char:33,호감도,범위,ch13–ch14 ~,44,,단위 · 좁힘,S97,,,전 event_freezeacpu (2주),뒤 ch13,추정,ch24,걸침,
241,54,ch25,메인,판별,ch25,67,67,메인,S98,,,직후 ch24,,,ch25,,
242,54,relic:마더웨일아종목격보고.wav,유실물,범위,ch02–ch03 ~,22,,좁힘,,,,,뒤 sub:랩칠리언_06,확실,ch25,걸침,
243,54,sub:산해진미_01,서브퀘스트,상대,,,,좁힘,,,,,뒤 sub:산해진미_00,확실,ch25,,
244,54,sub:택틱컬틱택_00,서브퀘스트,범위,ch24–ch25 ~,66,,단위,S131,,,뒤 ch24,단서 없음,추정,ch25,걸침,
245,54,sub:택틱컬틱택_01,서브퀘스트,범위,ch24–ch25 ~,66,,좁힘,,,,,뒤 sub:택틱컬틱택_00,확실,ch25,걸침,
246,55,ch26,메인,판별,ch26,69,69,메인,S100,,,직후 ch25,,,ch26,,
247,55,sub:로망티스트_01,서브퀘스트,상대,,,,좁힘,,,,,뒤 sub:로망티스트_00,확실,ch26,,
248,55,relic:저주받은보석,유실물,불명,,,,,,,,,단서 없음,추정,ch26,,
249,55,sub:음악_애호가_01,서브퀘스트,상대,,,,좁힘,,,,,뒤 sub:음악_애호가_00,확실,ch26,,
250,55,sub:피라_00,서브퀘스트,범위,ch26–ch27 ~,70,,단위,S128,,,뒤 ch26,단서 없음,추정,ch26,걸침,
251,55,event_redash,이벤트,판별,@갓데스_투입 ~ @갓데스_투입–@궤도_엘리베이터_강습 / @궤도_엘리베이터_강습–@아크_가디언_작전 ~ @아크_가디언_작전–@방주_밀봉 / @2차_지상_탈환전–ch00,,,조각,S102 S103 S104 S105,S102 S103 S104,S105,,,,ch26,과거,27
252,55,erelic:red_ash_lost,유실물,판별,@랩쳐_침공–@갓데스_투입 ~ @갓데스_투입–@궤도_엘리베이터_강습 / @궤도_엘리베이터_강습–@아크_가디언_작전 ~ @아크_가디언_작전–@방주_밀봉,,,조각,S106 S107,S106 S107,,,,,ch26,과거,27
253,55,erelic:red_ash_mini,유실물,판별,@갓데스_투입–@궤도_엘리베이터_강습 ~ @궤도_엘리베이터_강습–@아크_가디언_작전,,,회상,S108,,S108,,,,ch26,과거,27
254,55,char:470,호감도,판별,ch26,69,69,단위,S109,,,중 ch26,,,ch26,맞음,
255,55,char:224,호감도,판별,@랩쳐_침공–@갓데스_투입 ~ @갓데스_투입–@궤도_엘리베이터_강습,,,회상,S110,,S110,,,,ch26,과거,27
256,56,event_alonesurvivor,이벤트,범위,ch05–ch06 ~,28,,좁힘,S111,,,,뒤 ch05,추정,ch26,걸침,
257,56,char:192,호감도,범위,ch05–ch06 ~,28,,단위,S112,,,뒤 event_alonesurvivor,단서 없음,추정,ch26,걸침,
258,57,event_neverland1,이벤트,범위,ch22–ch23 ~,62,,좁힘,S113 S114,,S114,,뒤 ch22,추정,ch26,걸침,
259,57,char:194,호감도,범위,ch22–ch23 ~,62,,단위,S115,,,뒤 event_neverland1,단서 없음,추정,ch26,걸침,
260,58,char:62,호감도,범위,ch22–ch23 ~,62,,단위,S116,,,뒤 event_neverland1,단서 없음,추정,ch26,걸침,
261,59,event_newyearnewsword,이벤트,범위,ch14–ch15 ~,46,,좁힘,S117 S118,,S118,,뒤 ch14,추정,ch26,걸침,
262,60,char:225,호감도,범위,@갓데스_투입–@궤도_엘리베이터_강습 ~ @아크_가디언_작전–@방주_밀봉,,,회상,S119,,S119,,,,ch26,과거,27
263,61,event_lionheart,이벤트,범위,ch12–ch13 ~,42,,좁힘,S120,,,,뒤 ch12,추정,ch26,걸침,
264,61,char:382,호감도,불명,,,,,S121,,,,단서 없음,추정,ch26,,
265,62,event_dirtybackyard,이벤트,범위,ch22–ch23 ~,62,,좁힘,S122,,,,뒤 ch22,추정,ch26,걸침,
266,62,char:281,호감도,범위,ch22–ch23 ~,62,,좁힘,S123,,,,뒤 ch22,추정,ch26,걸침,
267,63,event_perfectmaid,이벤트,범위,ch15–ch16 ~,48,,단위 · 좁힘,S124,,,뒤 event_maidinvalentine (1년),뒤 ch15,추정,ch26,걸침,
268,63,char:313,호감도,범위,ch15–ch16 ~,48,,단위,S125,,,뒤 event_perfectmaid,단서 없음,추정,ch26,걸침,
269,64,char:310,호감도,불명,,,,,,,,,단서 없음,추정,ch26,,
270,65,ch27,메인,판별,ch27,71,71,메인,S126 S127,,S127,뒤 ch26 (3주),,,ch27,,
271,65,sub:피라_01,서브퀘스트,범위,ch26–ch27 ~,70,,좁힘,,,,,뒤 sub:피라_00,확실,ch27,걸침,
272,65,sub:피라_02,서브퀘스트,범위,ch26–ch27 ~,70,,좁힘,,,,,뒤 sub:피라_01,확실,ch27,걸침,
273,65,sub:트윙클_00,서브퀘스트,범위,ch26–ch27 ~,70,,좁힘,,,,,뒤 sub:피라_00,확실,ch27,걸침,
274,65,relic:잘지내라친구,유실물,범위,@갓데스_투입–@궤도_엘리베이터_강습 ~ @아크_가디언_작전–@방주_밀봉,,,회상,S129,,S129,,,,ch27,과거,28
275,66,ch28,메인,판별,ch28,73,73,메인,S130,,,직후 ch27,,,ch28,,
276,66,sub:핸섬_커맨더_00,서브퀘스트,판별,ch27–ch28 ~ ch28–ch29,72,74,단위,S132,,,무렵 ch28,,,ch28,걸침,
277,66,sub:핸섬_커맨더_01,서브퀘스트,범위,ch27–ch28 ~,72,,좁힘,S133,,S133,,뒤 sub:핸섬_커맨더_00,확실,ch28,걸침,
278,66,sub:MMR지킴이_00,서브퀘스트,범위,ch27–ch28 ~,72,,좁힘,,,,,뒤 sub:핸섬_커맨더_01,확실,ch28,걸침,
279,66,relic:조난일지,유실물,불명,,,,,,,,,단서 없음,추정,ch28,,
280,66,event_boomsday,이벤트,범위,ch07–ch08 ~ ch26–ch27,32,70,좁힘,S134 S135,,S134 S135,,뒤 ch07,추정,ch28,앞,2
281,66,char:500,호감도,범위,ch30–ch31 ~,78,,단위,S386,,,뒤 ch30,단서 없음,추정,ch28,뒤,2
282,67,event_killthelord,이벤트,범위,ch22–ch23 ~,62,,단위,S136,,,뒤 event_dirtybackyard; 뒤 event_ltk,단서 없음,추정,ch28,걸침,
283,67,char:43,호감도,범위,ch22–ch23 ~,62,,단위,S137,,,뒤 event_killthelord,단서 없음,추정,ch28,걸침,
284,68,char:822,호감도,불명,,,,,,,,,단서 없음,추정,ch28,,
285,68,char:821,호감도,불명,,,,,,,,,단서 없음,추정,ch28,,
286,69,char:820,호감도,불명,,,,,,,,,단서 없음,추정,ch28,,
287,70,event_liarsend,이벤트,범위,ch22–ch23 ~,62,,단위 · 좁힘,S138,,,뒤 event_fullfoolday (1년),뒤 ch22,추정,ch28,걸침,
288,71,side:second_affection,사이드,판별,ch14–ch15 ~ ch15,46,47,단위,S139,,,직후 ch14,,,ch28,앞,13
289,71,event_onemoretime,이벤트,범위,ch22–ch23 ~,62,,단위 · 좁힘,S363,,,뒤 char:550; 전 event_claymore,뒤 ch22,추정,ch28,걸침,
290,71,char:550,호감도,상대,,,,단위,S140,,,전 event_onemoretime,단서 없음,추정,ch28,,
291,72,ch29,메인,판별,ch29,75,75,메인,S141,,,직후 ch28,,,ch29,,
292,72,relic:반드시사수하라,유실물,불명,,,,,,,,,단서 없음,추정,ch29,,
293,73,ch30,메인,판별,ch30,77,77,메인,S142,,,직후 ch29,,,ch30,,
294,73,relic:하모니큐브관찰일지,유실물,범위,~ ch29–ch30,,76,좁힘,,,,,전 ch30,추정,ch30,앞,1
295,73,event_lastkingdom1,이벤트,범위,ch26–ch27 ~,70,,단위,S143 S144,,S144,뒤 ch26; 뒤 side:second_affection,단서 없음,추정,ch30,걸침,
296,73,char:330,호감도,판별,ch25–ch26 ~ ch26–ch27,,,회상,S145,,S145,,,,ch30,앞,4
297,73,char:361,호감도,범위,ch26 ~,69,,단위,S146,,,직전 event_lastkingdom1,단서 없음,추정,ch30,걸침,
298,74,event_darkhero,이벤트,판별,ch26 ~ ch26–ch27,69,70,단위,S147,,,뒤 event_boomsday; 직전 ch27,,,ch30,앞,4
299,74,char:501,호감도,범위,ch15–ch16 ~,48,,단위 · 좁힘,S148,,,뒤 event_boomsday,뒤 ch15,추정,ch30,걸침,
300,75,event_goldencoinrush1,이벤트,범위,ch22–ch23 ~,62,,단위,S149 S150,,S150,뒤 event_BunnyX777,단서 없음,추정,ch30,걸침,
301,75,char:314,호감도,범위,ch22–ch23 ~,62,,단위,S151,,,뒤 event_goldencoinrush1,단서 없음,추정,ch30,걸침,
302,76,char:195,호감도,범위,ch22–ch23 ~,62,,단위,S152 S153,,S153,뒤 event_goldencoinrush1; 뒤 event_alonesurvivor,단서 없음,추정,ch30,걸침,
303,77,event_claymore,이벤트,범위,ch22–ch23 ~,62,,단위,S154 S155,,S155,뒤 event_onemoretime; 뒤 char:550,단서 없음,추정,ch30,걸침,
304,77,char:551,호감도,범위,ch26 ~,69,,단위,S156,,,뒤 event_onemoretime; 뒤 event_darkhero,단서 없음,추정,ch30,걸침,
305,78,event_beautyfullshot1,이벤트,범위,ch22–ch23 ~,62,,단위,S157,,,뒤 event_bluewaterisland (1년); 뒤 event_seayouagain1,단서 없음,추정,ch30,걸침,
306,78,char:284,호감도,범위,ch22–ch23 ~,62,,단위,S158,,,중 event_beautyfullshot1,단서 없음,추정,ch30,걸침,
307,79,char:283,호감도,범위,ch22–ch23 ~,62,,단위,S159,,,중 event_beautyfullshot1,단서 없음,추정,ch30,걸침,
308,80,ch31,메인,판별,ch31,79,79,메인,S160,,,직후 ch30,,,ch31,,
309,80,relic:말뚝프로젝트보고서,유실물,범위,~ ch30–ch31,,78,좁힘,,,,,전 ch31,추정,ch31,앞,1
310,81,ch32,메인,판별,ch32,81,81,메인,S161,,,직후 ch31,,,ch32,,
311,81,sub:관짝이_00,서브퀘스트,판별,ch32–ch33,82,82,단위,S162,,,뒤 ch32,단서 없음,추정,ch32,맞음,
312,81,sub:거울_공주_00,서브퀘스트,판별,ch32–ch33 ~ ch33–ch34,82,84,단위 · 좁힘,S163,,,뒤 ch32,전 ch34,확실,ch32,걸침,
313,81,sub:관짝이_01,서브퀘스트,판별,ch32–ch33,82,82,좁힘,,,,,뒤 sub:관짝이_00,추정,ch32,맞음,
314,81,sub:관짝이_02,서브퀘스트,판별,ch32–ch33,82,82,좁힘,,,,,뒤 sub:관짝이_01; 전 ch33,확실,ch32,맞음,
315,81,sub:거울_공주_01,서브퀘스트,판별,ch32–ch33,82,82,단위,S164,,,뒤 ch32; 전 sub:관짝이_01,단서 없음,추정,ch32,맞음,
316,81,relic:수정지역깊은곳어딘가,유실물,범위,~ ch31–ch32,,80,좁힘,,,,,전 ch32,추정,ch32,앞,1
317,81,event_juveniledays,이벤트,범위,ch15–ch16 ~,48,,단위 · 좁힘,S165,,,뒤 char:392,뒤 ch15,추정,ch32,걸침,
318,81,char:391,호감도,범위,ch15–ch16 ~,48,,단위,S166,,,뒤 event_juveniledays; 무렵 event_colorless_01_e,단서 없음,추정,ch32,걸침,
319,82,event_colorless,이벤트,범위,ch15 ~,47,,단위 · 좁힘,S167,,,뒤 event_schooloflock,뒤 ch09,추정,ch32,걸침,
320,82,char:390,호감도,범위,ch15 ~,47,,단위,S168,,,중 event_colorless,단서 없음,추정,ch32,걸침,
321,83,char:833,호감도,상대,,,,단위,S169,,,,단서 없음,추정,ch32,,
322,83,char:830,호감도,상대,,,,단위,S387,,,동시 S169,단서 없음,추정,ch32,,
323,84,char:831,호감도,상대,,,,단위,S388,,,동시 S169,단서 없음,추정,ch32,,
324,85,char:832,호감도,상대,,,,단위,S170,,,동시 S169,단서 없음,추정,ch32,,
325,86,event_jinxplayer,이벤트,범위,ch22–ch23 ~,62,,좁힘,,,,,뒤 ch22,추정,ch32,걸침,
326,86,event_nonsensered,이벤트,판별,@갓데스_투입–@궤도_엘리베이터_강습 ~ @궤도_엘리베이터_강습–@아크_가디언_작전,,,회상,S171,,S171,,,,ch32,과거,33
327,86,char:272,호감도,범위,ch22–ch23 ~,62,,단위 · 좁힘,S389,,,전 event_jinxplayer,뒤 ch22,추정,ch32,걸침,
328,87,event_phantomthiefvsdetective,이벤트,범위,ch15–ch16 ~,48,,단위,S364,,,뒤 char:402; 전 fl:go_ninja_thief; 뒤 event_freezeacpu,단서 없음,추정,ch32,걸침,
329,87,char:403,호감도,범위,ch15–ch16 ~,48,,단위,S172,,,뒤 event_phantomthiefvsdetective,단서 없음,추정,ch32,걸침,
330,88,char:580,호감도,상대,,,,단위,S173,,,전 event_phantomthiefvsdetective,단서 없음,추정,ch32,,
331,89,side:wordless,사이드,범위,ch24–ch25 ~,66,,단위,S174 S175,,S175,뒤 ch24,단서 없음,추정,ch32,걸침,
332,89,event_lifeagain,이벤트,범위,ch05–ch06 ~,28,,단위,S365,,,뒤 event_alonesurvivor,단서 없음,추정,ch32,걸침,
333,89,char:240,호감도,범위,ch13–ch14 ~,44,,좁힘,,,,,뒤 ch13,추정,ch32,걸침,
334,90,ch33,메인,판별,ch33,83,83,메인,S176,,,직후 ch32,,,ch33,,
335,90,relic:소녀의일기-절망편-,유실물,범위,~ ch32–ch33,,82,좁힘,,,,,전 ch33,확실,ch33,앞,1
336,91,ch34,메인,판별,ch34,85,85,메인,S177 S178,,S178,직후 ch33,,,ch34,,
337,91,relic:충격다크매터란무엇인가,유실물,불명,,,,,,,,,단서 없음,추정,ch34,,
338,91,event_oldtales1,이벤트,판별,@갓데스_투입–@궤도_엘리베이터_강습 ~ @궤도_엘리베이터_강습–@아크_가디언_작전 / @궤도_엘리베이터_강습–@아크_가디언_작전 / @아크_가디언_작전–@방주_밀봉 ~ @방주_밀봉–@1차_지상_탈환전 / @방주_밀봉–@1차_지상_탈환전 ~ @1차_지상_탈환전–@갓데스_폴,,,조각,S179 S180 S181 S182 S183,S180 S181 S182 S183,S179,,,,ch34,과거,35
339,91,erelic:old_tales_dialog,유실물,판별,@방주_밀봉–@1차_지상_탈환전 ~ @1차_지상_탈환전–@갓데스_폴,10,12,단위,S184,,,중 S183,,,ch34,과거,35
340,91,erelic:old_tales_lost,유실물,범위,@갓데스_투입–@궤도_엘리베이터_강습 ~ @방주_밀봉–@1차_지상_탈환전,,,회상,S185,,S185,,,,ch34,과거,35
341,91,erelic:old_tales_mini_memory,유실물,범위,@궤도_엘리베이터_강습–@아크_가디언_작전 ~,6,,단위,S186,,,뒤 S181,단서 없음,추정,ch34,걸침,
342,91,char:226,호감도,판별,@갓데스_투입–@궤도_엘리베이터_강습 ~ @궤도_엘리베이터_강습–@아크_가디언_작전,,,회상,S187,,S187,,,,ch34,과거,35
343,91,char:511,호감도,범위,ch31–ch32 ~ ch34–ch35,80,86,단위,S188,,,뒤 ch31; 전 ch35,,,ch34,걸침,
344,92,char:514,호감도,범위,ch34–ch35 ~ ch36–ch37,86,90,단위 · 좁힘,S189,,,뒤 ch34,전 ch37,추정,ch34,걸침,
345,93,event_secretgarden,이벤트,범위,ch27–ch28 ~,72,,단위,S366,,,뒤 char:411; 전 fl:for_rest; 뒤 event_lionheart; 뒤 event_dazzlingcupid,단서 없음,추정,ch34,걸침,
346,93,char:411,호감도,범위,ch27–ch28 ~,72,,단위,S190,,,뒤 ch27; 전 event_secretgarden,단서 없음,추정,ch34,걸침,
347,94,event_icedragonsaga1,이벤트,범위,ch26 ~,69,,단위,S191 S192,,S192,뒤 event_darkhero,단서 없음,추정,ch34,걸침,
348,94,char:183,호감도,범위,ch26 ~,69,,단위,S193,,,중 event_icedragonsaga1,단서 없음,추정,ch34,걸침,
349,95,char:182,호감도,범위,ch26 ~,69,,단위,S194,,,뒤 event_icedragonsaga1 (일주일),단서 없음,추정,ch34,걸침,
350,96,event_footstepwalkrun1,이벤트,판별,ch34–ch35 ~ ch35,86,87,단위,S195 S196 S197 S198,S197 S198,S196,직후 ch34,,,ch34,걸침,
351,97,event_outofuniform,이벤트,범위,ch15 ~,47,,단위 · 좁힘,S199,,,뒤 event_colorless,뒤 ch13,추정,ch34,걸침,
352,97,char:16,호감도,범위,ch34–ch35 ~,86,,단위,S200,,,뒤 ch34,단서 없음,추정,ch34,걸침,
353,98,event_wisdomspring,이벤트,범위,ch34–ch35 ~,86,,단위,S201 S202,,S202,뒤 event_footstepwalkrun1; 뒤 ch34,단서 없음,추정,ch34,걸침,
354,98,char:290,호감도,범위,ch34–ch35 ~,86,,단위,S203,,,뒤 event_wisdomspring,단서 없음,추정,ch34,걸침,
355,99,event_romanticvalentine,이벤트,범위,ch09–ch10 ~,36,,단위,S204,,,뒤 event_maidinvalentine,단서 없음,추정,ch34,걸침,
356,99,char:354,호감도,범위,ch09–ch10 ~,36,,단위,S205,,,직후 event_romanticvalentine (3일),단서 없음,추정,ch34,걸침,
357,100,char:355,호감도,범위,ch15–ch16 ~,48,,단위 · 좁힘,S206,,,뒤 event_romanticvalentine,뒤 ch15,추정,ch34,걸침,
358,101,ch35,메인,판별,ch35,87,87,메인,S207,,,직후 ch34,,,ch35,,
359,101,relic:알관련전달사항,유실물,불명,,,,,,,,,단서 없음,추정,ch35,,
360,102,ch36,메인,판별,ch36,89,89,메인,,,,,,,ch36,,
361,102,relic:할일목록,유실물,불명,,,,,,,,,단서 없음,추정,ch36,,
362,102,char:836,호감도,범위,ch27–ch28 ~,72,,좁힘,S208,,,,뒤 ch13,추정,ch36,걸침,
363,102,char:835,호감도,범위,ch27–ch28 ~,72,,단위 · 좁힘,S209,,,동시 S208,뒤 ch27,추정,ch36,걸침,
364,103,char:834,호감도,범위,ch27–ch28 ~,72,,단위 · 좁힘,S210,,,동시 S208,뒤 char:411,추정,ch36,걸침,
365,104,fl:for_rest,이벤트,범위,ch27–ch28 ~,72,,단위,S211 S212 S213,,S212 S213,뒤 event_cherryblossom,단서 없음,추정,ch36,걸침,
366,104,char:412,호감도,범위,ch27–ch28 ~,72,,좁힘,,,,,뒤 char:411,추정,ch36,걸침,
367,105,event_newflavor,이벤트,범위,ch04–ch05 ~,26,,좁힘,,,,,뒤 ch04,추정,ch36,걸침,
368,105,char:520,호감도,범위,ch04–ch05 ~,26,,단위,S214,,,뒤 event_newflavor,단서 없음,추정,ch36,걸침,
369,106,event_foolburstday,이벤트,범위,ch27–ch28 ~,72,,좁힘,S215,,,,뒤 ch27,추정,ch36,걸침,
370,107,side:mudfish,사이드,범위,ch24–ch25 ~,66,,단위,S216 S217,,S216,뒤 side:wordless,단서 없음,추정,ch36,걸침,
371,107,event_trueflavor,이벤트,범위,ch04–ch05 ~,26,,단위,S218,,,뒤 event_newflavor,단서 없음,추정,ch36,걸침,
372,107,char:521,호감도,범위,ch04–ch05 ~,26,,단위,S219,,,뒤 event_newflavor,단서 없음,추정,ch36,걸침,
373,108,ch37,메인,판별,ch37,91,91,메인,S220,,,직후 ch36,,,ch37,,
374,108,relic:주워갈것들메모,유실물,불명,,,,,,,,,단서 없음,추정,ch37,,
375,109,ch38,메인,판별,ch38,93,93,메인,S221,,,직후 ch37,,,ch38,,
376,109,relic:은색액체,유실물,불명,,,,,,,,,단서 없음,추정,ch38,,
377,109,event_unbreakablesphere1,이벤트,범위,ch36–ch37 ~,90,,단위,S222 S223 S224,,S223 S224,뒤 ch36; 뒤 side:mudfish,단서 없음,추정,ch38,걸침,
378,109,erelic:unbreakable_sphere_dialog,유실물,범위,ch36–ch37 ~,90,,좁힘,,,,,중 event_unbreakablesphere1,확실,ch38,걸침,
379,109,erelic:unbreakable_sphere_lost,유실물,판별,@1차_지상_탈환전–@갓데스_폴 ~ @갓데스_폴–@2차_지상_탈환전,12,14,좁힘,,,,,뒤 @궤도_엘리베이터_강습; 전 ch39; 연수 70년 전,추정,ch38,과거,39
380,109,char:513,호감도,판별,@갓데스_투입–@궤도_엘리베이터_강습 ~ @궤도_엘리베이터_강습–@아크_가디언_작전,,,회상,S225,,S225,,,,ch38,과거,39
381,109,char:590,호감도,범위,~ ch33–ch34,,84,단위 · 좁힘,S226,,,중 S223,전 ch34,추정,ch38,앞,5
382,110,char:162,호감도,범위,ch36–ch37 ~,90,,단위,S227 S228,,S228,중 event_unbreakablesphere1,단서 없음,추정,ch38,걸침,
383,111,event_arcanearchive,이벤트,범위,ch26–ch27 ~,70,,단위,S229,,,뒤 ch26; 뒤 ch24,단서 없음,추정,ch38,걸침,
384,111,char:581,호감도,범위,ch26–ch27 ~,70,,단위,S230,,,뒤 event_arcanearchive,단서 없음,추정,ch38,걸침,
385,112,event_lordforjustice,이벤트,범위,ch26–ch27 ~,70,,단위,S231 S232,,S232,뒤 event_arcanearchive; 뒤 event_dirtybackyard,단서 없음,추정,ch38,걸침,
386,112,char:41,호감도,범위,ch26–ch27 ~,70,,단위,S233,,,뒤 event_lordforjustice,단서 없음,추정,ch38,걸침,
387,113,event_ce006,이벤트,범위,ch26–ch27 ~,70,,단위,S234 S235 S236,,S235 S236,뒤 event_lordforjustice; 뒤 sub:롬_02,단서 없음,추정,ch38,걸침,
388,113,char:852,호감도,범위,ch26–ch27 ~,70,,단위,S237,,,중 event_ce006,단서 없음,추정,ch38,걸침,
389,113,char:850,호감도,범위,ch26–ch27 ~,70,,단위,S238,,,중 event_ce006,단서 없음,추정,ch38,걸침,
390,114,char:851,호감도,범위,ch26–ch27 ~,70,,단위,S239,,,중 event_ce006,단서 없음,추정,ch38,걸침,
391,115,event_overthehorizon,이벤트,범위,~ ch25–ch26 / ch26–ch27 ~,,,조각,S240 S241,S240 S241,,,단서 없음,추정,ch38,걸침,
392,115,char:532,호감도,범위,~ ch25–ch26,,,회상,S242,,S242,,단서 없음,추정,ch38,앞,13
393,116,fl:boom_the_ghost,이벤트,범위,ch38–ch39 ~,94,,단위,S243 S244,,S244,뒤 ch38,단서 없음,추정,ch38,걸침,
394,116,char:234,호감도,범위,ch38–ch39 ~,94,,단위,S245,,,중 fl:boom_the_ghost,단서 없음,추정,ch38,걸침,
395,117,char:502,호감도,범위,ch38–ch39 ~,94,,단위,S246,,,직후 fl:boom_the_ghost,단서 없음,추정,ch38,걸침,
396,118,ch39,메인,판별,ch39,95,95,메인,S247 S248,S248,,직후 ch38,,,ch39,,
397,118,relic:정갈하게쓴기록,유실물,범위,ch02–ch03 ~ ch38–ch39,22,94,단위 · 좁힘,S249,,,뒤 sub:랩칠리언_06,전 ch39,확실,ch39,앞,1
398,119,ch40,메인,판별,ch40,97,97,메인,S250 S251,S251,,직후 ch39,,,ch40,,
399,119,relic:어떤소녀의그림일기,유실물,범위,ch02–ch03 ~ ch38–ch39,22,94,좁힘,,,,,뒤 relic:정갈하게쓴기록; 전 ch39,추정,ch40,앞,2
400,119,fl:absolute,이벤트,범위,ch34–ch35 ~,86,,단위,S252 S253,,S253,뒤 ch34,단서 없음,추정,ch40,걸침,
401,119,char:93,호감도,범위,ch04–ch05 ~,26,,좁힘,,,,,뒤 ch04,추정,ch40,걸침,
402,120,char:95,호감도,범위,ch04–ch05 ~,26,,좁힘,,,,,뒤 ch04,추정,ch40,걸침,
403,121,char:94,호감도,범위,ch15–ch16 ~,48,,좁힘,,,,,뒤 ch15,추정,ch40,걸침,
404,122,fl:coins_in_rush,이벤트,범위,ch22–ch23 ~,62,,단위,S254,,,뒤 event_goldencoinrush1 (1년),단서 없음,추정,ch40,걸침,
405,122,char:315,호감도,범위,ch22–ch23 ~,62,,단위,S255,,,뒤 fl:coins_in_rush,단서 없음,추정,ch40,걸침,
406,123,char:143,호감도,범위,ch22–ch23 ~,62,,단위,S256,,,뒤 fl:coins_in_rush,단서 없음,추정,ch40,걸침,
407,124,fl:reborn_evil,이벤트,범위,ch26–ch27 ~,70,,단위,S257 S258,,S258,뒤 event_lordforjustice,단서 없음,추정,ch40,걸침,
408,124,char:840,호감도,범위,ch26–ch27 ~,70,,단위,S259,,,중 fl:reborn_evil,단서 없음,추정,ch40,걸침,
409,124,char:842,호감도,범위,ch26–ch27 ~,70,,단위,S260,,,중 fl:reborn_evil,단서 없음,추정,ch40,걸침,
410,125,char:841,호감도,범위,ch26–ch27 ~,70,,단위,S261,,,중 fl:reborn_evil,단서 없음,추정,ch40,걸침,
411,126,side:eden_spear,사이드,범위,ch21–ch22 ~ ch22–ch23 / ch24–ch25 ~ ch25 / ch25–ch26 ~ ch39 / ch39,,,조각,S262 S263 S264 S265,S262 S263 S264 S265,,,,,ch40,앞,1
412,126,fl:go_ninja_thief,이벤트,범위,ch26–ch27 ~,70,,단위,S266,,,뒤 event_arcanearchive,단서 없음,추정,ch40,걸침,
413,126,char:23,호감도,범위,ch26–ch27 ~,70,,단위,S267,,,뒤 fl:go_ninja_thief,단서 없음,추정,ch40,걸침,
414,127,ch41,메인,판별,ch41,99,99,메인,S268 S269,S269,,직후 ch40,,,ch41,,
415,127,relic:거꾸로적힌기록,유실물,불명,,,,,,,,,단서 없음,추정,ch41,,
416,128,ch42,메인,판별,ch42,101,101,메인,S270 S271 S272,S271 S272,,직후 ch41,,,ch42,,
417,128,relic:주의용광로사용법,유실물,범위,~ ch40–ch41,,98,좁힘,,,,,전 ch41,추정,ch42,앞,2
418,128,event_goddessfall1,이벤트,판별,ch40–ch41,98,98,단위,S273 S274 S275,S275,S274,뒤 S265; 무렵 ch40; 무렵 ch41,,,ch42,앞,2
419,128,erelic:goddess_fall_mini,유실물,판별,ch40–ch41,98,98,단위,S276 S277,,S277,중 event_goddessfall1,,,ch42,앞,2
420,128,char:223,호감도,판별,ch39,95,95,단위,S278,,,중 ch39,,,ch42,앞,3
421,128,char:331,호감도,판별,ch26,69,69,단위,S279,,,중 ch26,,,ch42,앞,16
422,129,char:262,호감도,판별,ch41,99,99,단위,S280,,,중 ch41,,,ch42,앞,1
423,130,fl:blank_ticket,이벤트,범위,ch13–ch14 ~,44,,단위 · 좁힘,S281 S367,,S367,직전 fl:terminus_ticket (2주),뒤 ch13,추정,ch42,걸침,
424,130,char:74,호감도,범위,ch13–ch14 ~,44,,단위,S282,,,뒤 char:71,단서 없음,추정,ch42,걸침,
425,131,fl:terminus_ticket,이벤트,범위,ch13–ch14 ~,44,,단위,S283 S284,,S284,직후 fl:blank_ticket,단서 없음,추정,ch42,걸침,
426,131,char:75,호감도,범위,ch13–ch14 ~,44,,단위,S285,,,뒤 char:72,단서 없음,추정,ch42,걸침,
427,132,char:73,호감도,범위,ch13–ch14 ~,44,,단위,S286,,,뒤 char:70,단서 없음,추정,ch42,걸침,
428,133,fl:ark_guardian,이벤트,판별,ch40–ch41 ~ ch41,98,99,단위,S287 S288,,S288,직후 event_goddessfall1 (2주),,,ch42,앞,1
429,134,char:471,호감도,범위,ch40–ch41 ~,98,,단위,S289,,,뒤 fl:ark_guardian,단서 없음,추정,ch42,걸침,
430,135,fl:sin_editor,이벤트,상대,,,,단위,S290,,S290,,단서 없음,추정,ch42,,
431,135,char:582,호감도,상대,,,,단위,S291,,,뒤 fl:sin_editor,단서 없음,추정,ch42,,
432,136,fl:fatal_maid,이벤트,범위,ch22–ch23 ~,62,,단위,S292,,,뒤 fl:coins_in_rush,단서 없음,추정,ch42,걸침,
433,136,char:316,호감도,범위,ch22–ch23 ~,62,,단위,S293,,,뒤 fl:coins_in_rush,단서 없음,추정,ch42,걸침,
434,137,ch43,메인,판별,ch43,103,103,메인,S294 S295 S296,S296,S295,뒤 ch41,,,ch43,,
435,137,relic:아무한테나말해주는거아니야.wav,유실물,불명,,,,,,,,,단서 없음,추정,ch43,,
436,138,ch44,메인,판별,ch44,105,105,메인,S297 S298,,S298,뒤 event_goddessfall1,,,ch44,,
437,138,relic:거인을찾아서,유실물,불명,,,,,,,,,단서 없음,추정,ch44,,
438,138,fl:lie_cause_recoil,이벤트,범위,ch26–ch27 ~,70,,단위,S299 S300,,S300,뒤 event_ce006; 뒤 fl:reborn_evil,단서 없음,추정,ch44,걸침,
439,138,char:860,호감도,범위,ch26–ch27 ~,70,,단위,S301,,,중 fl:lie_cause_recoil,단서 없음,추정,ch44,걸침,
440,138,char:862,호감도,범위,ch26–ch27 ~,70,,단위,S303,,,중 fl:lie_cause_recoil,단서 없음,추정,ch44,걸침,
441,139,char:861,호감도,범위,ch26–ch27 ~,70,,단위,S302,,,중 fl:lie_cause_recoil,단서 없음,추정,ch44,걸침,
442,140,fl:enter_heaven,이벤트,범위,ch39–ch40 ~,96,,단위,S304 S305,,S305,뒤 ch39,단서 없음,추정,ch44,걸침,
443,140,char:113,호감도,범위,ch39–ch40 ~,96,,단위,S306,,,뒤 fl:enter_heaven,단서 없음,추정,ch44,걸침,
444,141,fl:2x2_love_1ch,이벤트,범위,ch15 ~,47,,단위,S307,,,뒤 event_colorless,단서 없음,추정,ch44,걸침,
445,141,fl:2x2_love_2ch,이벤트,범위,ch16–ch17 ~,50,,단위 · 좁힘,S308,,,뒤 fl:2x2_love_1ch (2주),뒤 ch16,추정,ch44,걸침,
446,141,char:583,호감도,범위,ch16–ch17 ~,50,,단위,S309,,,뒤 fl:2x2_love_2ch,단서 없음,추정,ch44,걸침,
447,142,side:pretty_star,사이드,판별,@갓데스_폴–@2차_지상_탈환전 / @갓데스_폴–@2차_지상_탈환전 ~ @2차_지상_탈환전–ch00,,,조각,S310 S311,S310 S311,,,,,ch44,과거,45
448,142,fl:good_world,이벤트,범위,ch26–ch27 ~,70,,단위,S312,,,직후 S241,단서 없음,추정,ch44,걸침,
449,142,char:620,호감도,범위,ch26–ch27 ~,70,,단위,S313,,,뒤 fl:good_world,단서 없음,추정,ch44,걸침,
450,143,ch45,메인,판별,ch45,107,107,메인,S314 S315 S316,,S315 S316,직후 ch44,,,ch45,,
451,143,relic:신에게닿기위한탑,유실물,범위,~ @랩쳐_침공 전,,0,단위,S317,,,전 @랩쳐_침공,단서 없음,추정,ch45,과거,46
452,144,ch46,메인,판별,ch46,109,109,메인,S318 S319,S319,,직후 ch45,,,ch46,,
453,144,relic:궤도엘리베이터음모론,유실물,범위,@갓데스_투입–@궤도_엘리베이터_강습 ~ @아크_가디언_작전–@방주_밀봉,4,8,단위,S320,,,뒤 @갓데스_투입; 전 @방주_밀봉,,,ch46,과거,47
454,144,event_staranis1,이벤트,판별,ch46–ch47 ~ ch47,110,111,단위,S321 S322 S323 S324,S324,S322 S323,뒤 ch46; 전 S335,,,ch46,걸침,
455,144,char:17,호감도,범위,ch46–ch47 ~,110,,단위,S325,,,뒤 S324,단서 없음,추정,ch46,걸침,
456,144,char:441,호감도,범위,ch44–ch45 ~,106,,단위,S390,,,뒤 ch44,단서 없음,추정,ch46,걸침,
457,145,char:18,호감도,범위,ch44–ch45 ~,106,,단위 · 좁힘,S326,,,뒤 ch43,뒤 ch44,확실,ch46,걸침,
458,146,fl:b-side_idol,이벤트,범위,ch46–ch47 ~,110,,단위,S327,,,뒤 event_staranis1,단서 없음,추정,ch46,걸침,
459,146,char:600,호감도,범위,ch46–ch47 ~,110,,단위,S328,,,뒤 fl:b-side_idol,단서 없음,추정,ch46,걸침,
460,147,fl:bitter_spice,이벤트,범위,ch46–ch47 ~,110,,단위,S329,,,뒤 fl:b-side_idol,단서 없음,추정,ch46,걸침,
461,147,char:601,호감도,범위,ch46–ch47 ~,110,,단위,S330,,,뒤 fl:bitter_spice,단서 없음,추정,ch46,걸침,
462,148,fl:ark_ranger,이벤트,범위,~ ch21–ch22 / ch22 / ch42 / ch45 / ch46–ch47 ~ ch47,,,조각,S331 S332 S333 S334 S335,S331 S332 S333 S334 S335,,,단서 없음,추정,ch46,걸침,
463,148,char:570,호감도,불명,,,,,,,,,단서 없음,추정,ch46,,
464,149,fl:wave_to_you,이벤트,범위,ch42–ch43 ~,102,,단위,S336,,,뒤 ch42,단서 없음,추정,ch46,걸침,
465,149,char:515,호감도,범위,ch42–ch43 ~,102,,단위,S337,,,중 fl:wave_to_you,단서 없음,추정,ch46,걸침,
466,150,char:322,호감도,범위,ch42–ch43 ~,102,,단위,S338,,,중 fl:wave_to_you,단서 없음,추정,ch46,걸침,
467,151,fl:project_matis,이벤트,범위,ch46–ch47 ~,110,,단위,S339 S340,,S340,뒤 ch46,단서 없음,추정,ch46,걸침,
468,151,char:103,호감도,범위,ch37–ch38 ~,92,,좁힘,,,,,뒤 ch37,추정,ch46,걸침,
469,152,char:105,호감도,범위,ch37–ch38 ~,92,,단위 · 좁힘,S391,,,뒤 char:102,뒤 ch37,추정,ch46,걸침,
470,153,ch47,메인,판별,ch47,111,111,메인,S341,,,뒤 ch46; 뒤 S335,,,ch47,,
471,153,relic:승리를_부르는_그림자,유실물,범위,@갓데스_투입–@궤도_엘리베이터_강습 ~ @아크_가디언_작전–@방주_밀봉,4,8,좁힘,,,,,뒤 @갓데스_투입; 전 @방주_밀봉,추정,ch47,과거,48
472,154,ch48,메인,판별,ch48,113,113,메인,S342,,,직후 ch47,,,ch48,,
473,154,relic:불길한_소리.wav,유실물,판별,ch45–ch46 ~ ch46–ch47,108,110,좁힘,,,,,무렵 ch46,추정,ch48,앞,2
474,154,fl:persona_on_frontline,이벤트,범위,ch22–ch23 ~,62,,단위,S343,,,뒤 fl:fatal_maid,단서 없음,추정,ch48,걸침,
475,154,char:872,호감도,범위,ch22–ch23 ~,62,,단위,S344,,,중 fl:persona_on_frontline,단서 없음,추정,ch48,걸침,
476,154,char:870,호감도,범위,ch22–ch23 ~,62,,단위,S345,,,중 fl:persona_on_frontline,단서 없음,추정,ch48,걸침,
477,155,char:871,호감도,범위,ch22–ch23 ~,62,,단위,S346,,,중 fl:persona_on_frontline,단서 없음,추정,ch48,걸침,
478,156,fl:great_villain_union,이벤트,범위,ch42–ch43 ~,102,,단위,S347,,,뒤 ch42,단서 없음,추정,ch48,걸침,
479,156,char:104,호감도,범위,ch38–ch39 ~,94,,단위,S392,,,뒤 ch38,단서 없음,추정,ch48,걸침,
480,157,char:404,호감도,범위,ch44–ch45 ~,106,,단위 · 좁힘,S393,,,뒤 char:400,뒤 ch44,추정,ch48,걸침,
481,158,char:405,호감도,범위,ch09–ch10 ~,36,,단위,S394,,,뒤 char:401; 뒤 event_romanticvalentine,단서 없음,추정,ch48,걸침,
