seq,slot,entry,unit,kind,type,class,place,lo,hi,tick,order,release_main,drift,drift_gap,via,text
1,0,S284,fl:terminus_ticket,이벤트,회상,범위,~ @랩쳐_침공 전,,0,131,425,,,,,노라의 젊은 시절(랩쳐 침공 전 지상) — 루시안과 함께한 날들과 마지막 여행을 떠난 날
2,0,relic:신에게닿기위한탑,relic:신에게닿기위한탑,유실물,지금,범위,~ @랩쳐_침공 전,,0,143,451,ch45,과거,46,단위,
3,0,relic:통화기록017515,relic:통화기록017515,유실물,지금,판별,@랩쳐_침공 전 ~ @랩쳐_침공–@갓데스_투입,0,2,3,9,ch02,과거,3,단위,
4,0,relic:기후변화보고서,relic:기후변화보고서,유실물,지금,판별,@랩쳐_침공 전 ~ @랩쳐_침공–@갓데스_투입,0,2,15,71,ch14,과거,15,단위,
5,0,relic:장보기목록,relic:장보기목록,유실물,지금,판별,@랩쳐_침공 전 ~ @랩쳐_침공–@갓데스_투입,0,2,17,82,ch16,과거,17,좁힘,
6,0,relic:XX중학교가정통신문,relic:XX중학교가정통신문,유실물,지금,판별,@랩쳐_침공 전 ~ @랩쳐_침공–@갓데스_투입,0,2,20,149,ch18,과거,19,단위,
7,2,relic:채팅로그_얼리어답터,relic:채팅로그_얼리어답터,유실물,지금,판별,@랩쳐_침공–@갓데스_투입 ~ @갓데스_투입,2,3,8,34,ch07,과거,8,단위,
8,2,relic:UFO챈.zip,relic:UFO챈.zip,유실물,지금,판별,@랩쳐_침공–@갓데스_투입 ~ @갓데스_투입,2,3,9,40,ch08,과거,9,단위,
9,2,relic:기업-랩쳐음모론,relic:기업-랩쳐음모론,유실물,지금,판별,@랩쳐_침공–@갓데스_투입 ~ @갓데스_투입,2,3,12,55,ch11,과거,12,단위,
10,2,relic:여자친구의편지,relic:여자친구의편지,유실물,지금,판별,@랩쳐_침공–@갓데스_투입 ~ @갓데스_투입,2,3,14,67,ch13,과거,14,단위,
11,2,relic:인터넷BJ라이브방송녹화분,relic:인터넷BJ라이브방송녹화분,유실물,지금,판별,@랩쳐_침공–@갓데스_투입 ~ @갓데스_투입,2,3,15,72,ch14,과거,15,좁힘,
12,2,relic:모바일_보이스피싱_광고_모음.zip,relic:모바일_보이스피싱_광고_모음.zip,유실물,지금,판별,@랩쳐_침공–@갓데스_투입 ~ @갓데스_투입,2,3,19,141,ch17,과거,18,단위,
13,2,char:810,char:810,호감도,지금,판별,@랩쳐_침공–@갓데스_투입 ~ @갓데스_투입–@궤도_엘리베이터_강습,2,4,48,231,ch24,과거,25,회상,
14,2,S93,char:810,호감도,회상,판별,@랩쳐_침공–@갓데스_투입 ~ @갓데스_투입–@궤도_엘리베이터_강습,2,4,48,231,,,,,"공장 은신처 일지 · 녹음 — 1차 랩쳐 침공 뒤, 갓데스의 첫 대반격 무렵(반세기도 더 전)"
15,2,S106,erelic:red_ash_lost,유실물,구간,판별,@랩쳐_침공–@갓데스_투입 ~ @갓데스_투입–@궤도_엘리베이터_강습,2,4,55,252,,,,,갓데스 결성기 — 지휘관 · 릴리바이스 둘에 페어리 테일 모델 2–5번과 홍련이 차례로 합류
16,2,char:224,char:224,호감도,지금,판별,@랩쳐_침공–@갓데스_투입 ~ @갓데스_투입–@궤도_엘리베이터_강습,2,4,55,255,ch26,과거,27,회상,
17,2,S110,char:224,호감도,회상,판별,@랩쳐_침공–@갓데스_투입 ~ @갓데스_투입–@궤도_엘리베이터_강습,2,4,55,255,,,,,1차 침공기 — 스노우 화이트가 릴리바이스를 처음 만나 무기를 만들던 때(갓데스 합류 전후). 틀은 합류 뒤 갓데스의 지휘관에게 들려주는 자리
18,2,S244,fl:boom_the_ghost,이벤트,회상,판별,@랩쳐_침공–@갓데스_투입 ~ @갓데스_투입–@궤도_엘리베이터_강습,2,4,116,393,,,,,"랩쳐 침공 2년 뒤 — 유토피아 호가 바다로 나가 한 달 남짓 탑승객의 최후를 맞고, 마오와 알프레드만 남았다"
19,2,erelic:red_ash_lost,erelic:red_ash_lost,유실물,지금,판별,@랩쳐_침공–@갓데스_투입 ~ @갓데스_투입–@궤도_엘리베이터_강습 / @궤도_엘리베이터_강습–@아크_가디언_작전 ~ @아크_가디언_작전–@방주_밀봉,2,8,55,252,ch26,과거,27,조각,
20,2,relic:어느남자의수기,relic:어느남자의수기,유실물,지금,범위,@랩쳐_침공–@갓데스_투입 ~ @아크_가디언_작전–@방주_밀봉,2,8,2,3,ch01,과거,2,단위,
21,2,relic:방주추첨권,relic:방주추첨권,유실물,지금,범위,@랩쳐_침공–@갓데스_투입 ~ @아크_가디언_작전–@방주_밀봉,2,8,4,14,ch03,과거,4,단위,
22,2,relic:광고팜플렛,relic:광고팜플렛,유실물,지금,범위,@랩쳐_침공–@갓데스_투입 ~ @아크_가디언_작전–@방주_밀봉,2,8,9,39,ch08,과거,9,단위,
23,2,relic:지휘관모집공고,relic:지휘관모집공고,유실물,지금,범위,@랩쳐_침공–@갓데스_투입 ~ @아크_가디언_작전–@방주_밀봉,2,8,10,45,ch09,과거,10,단위,
24,2,relic:어느소녀의수기,relic:어느소녀의수기,유실물,지금,범위,@랩쳐_침공–@갓데스_투입 ~ @아크_가디언_작전–@방주_밀봉,2,8,11,50,ch10,과거,11,단위,
25,2,relic:어느의사의수기,relic:어느의사의수기,유실물,지금,범위,@랩쳐_침공–@갓데스_투입 ~ @아크_가디언_작전–@방주_밀봉,2,8,13,60,ch12,과거,13,단위,
26,2,S39,char:221,호감도,회상,범위,@랩쳐_침공–@갓데스_투입 ~ @아크_가디언_작전–@방주_밀봉,2,8,17,94,,,,,1차 랩쳐 침공부터 갓데스 스쿼드 시절까지 — 라푼젤의 이야기
27,2,S235,event_ce006,이벤트,회상,범위,@랩쳐_침공–@갓데스_투입 ~ @2차_지상_탈환전–ch00,2,16,113,387,,,,,헤르민의 벙커 시절 — 랩쳐 침공 직후부터 약 40년 전 녹화가 멈출 때까지(아이의 탄생 · 탈주 니케 · 용접 · 30년의 기다림)
28,2,relic:생존가이드1,relic:생존가이드1,유실물,지금,범위,@랩쳐_침공–@갓데스_투입 ~,2,,3,8,ch02,걸침,,좁힘,
29,2,relic:니케실험대상자모집,relic:니케실험대상자모집,유실물,지금,범위,@랩쳐_침공–@갓데스_투입 ~,2,,6,24,ch05,걸침,,좁힘,
30,2,relic:구시대의플레이리스트,relic:구시대의플레이리스트,유실물,지금,범위,@랩쳐_침공–@갓데스_투입 ~,2,,12,56,ch11,걸침,,좁힘,
31,2,relic:종말의서,relic:종말의서,유실물,지금,범위,@랩쳐_침공–@갓데스_투입 ~,2,,16,76,ch15,걸침,,좁힘,
32,2,relic:니케제작보고서요약본,relic:니케제작보고서요약본,유실물,지금,범위,@랩쳐_침공–@갓데스_투입 ~,2,,19,142,ch17,걸침,,좁힘,
33,2,S212,fl:for_rest,이벤트,회상,범위,@랩쳐_침공–@갓데스_투입 ~,2,,104,365,,,,,"트리나와 린네 — 1차 침공 뒤 방주로 내려온 트리나가 린네를 만나 5년, 첫 화목제, 보타닉 가든 입단 · 니케화, 영원의 벚꽃 만개와 린네의 죽음"
34,2,S236,event_ce006,이벤트,회상,범위,@랩쳐_침공–@갓데스_투입 ~,2,,113,387,,,,,롬의 가족 시절 — 추첨권 없이 방주에 못 들어간 가족과 제2의 방주의 시작
35,3,S102,event_redash,이벤트,구간,판별,@갓데스_투입 ~ @갓데스_투입–@궤도_엘리베이터_강습,3,4,55,251,,,,,"랩쳐 침공 4년째 · 갓데스 투입 2년째 — 궤도 엘리베이터 강습(퀸 제거 작전) 직전, 방주 이주 결정 전"
36,3,event_redash,event_redash,이벤트,지금,판별,@갓데스_투입 ~ @갓데스_투입–@궤도_엘리베이터_강습 / @궤도_엘리베이터_강습–@아크_가디언_작전 ~ @아크_가디언_작전–@방주_밀봉 / @2차_지상_탈환전–ch00,3,16,55,251,ch26,과거,27,조각,
37,4,S179,event_oldtales1,이벤트,회상,판별,@갓데스_투입–@궤도_엘리베이터_강습 ~ @궤도_엘리베이터_강습,4,5,91,338,,,,,1차 침공 중 갓데스의 첫 공식 임무 — 사람이던 신데렐라가 구해진 날
38,4,S105,event_redash,이벤트,회상,판별,@갓데스_투입–@궤도_엘리베이터_강습 ~ @궤도_엘리베이터_강습–@아크_가디언_작전,4,6,55,251,,,,,레드 후드의 회상 — 갓데스에 합류한 첫날과 동료들과의 옛일
39,4,erelic:red_ash_mini,erelic:red_ash_mini,유실물,지금,판별,@갓데스_투입–@궤도_엘리베이터_강습 ~ @궤도_엘리베이터_강습–@아크_가디언_작전,4,6,55,253,ch26,과거,27,회상,
40,4,S108,erelic:red_ash_mini,유실물,회상,판별,@갓데스_투입–@궤도_엘리베이터_강습 ~ @궤도_엘리베이터_강습–@아크_가디언_작전,4,6,55,253,,,,,1차 침공기 갓데스 시절 — 스노우 화이트 합류 뒤 · 레드 후드가 떠나기 전의 일상 기록
41,4,event_nonsensered,event_nonsensered,이벤트,지금,판별,@갓데스_투입–@궤도_엘리베이터_강습 ~ @궤도_엘리베이터_강습–@아크_가디언_작전,4,6,86,326,ch32,과거,33,회상,
42,4,S171,event_nonsensered,이벤트,회상,판별,@갓데스_투입–@궤도_엘리베이터_강습 ~ @궤도_엘리베이터_강습–@아크_가디언_작전,4,6,86,326,,,,,1차 침공 중 — 갓데스가 처음으로 연승한 무렵의 승전 파티(갓데스 6명과 지휘관이 모두 있을 때)
43,4,S178,ch34,메인,회상,판별,@갓데스_투입–@궤도_엘리베이터_강습 ~ @궤도_엘리베이터_강습–@아크_가디언_작전,4,6,91,336,,,,,레드 후드가 스노우 화이트에게 드릴 무기를 부탁한 때 — 갓데스 시절
44,4,S180,event_oldtales1,이벤트,구간,판별,@갓데스_투입–@궤도_엘리베이터_강습 ~ @궤도_엘리베이터_강습–@아크_가디언_작전,4,6,91,338,,,,,궤도 엘리베이터 강습(퀸 제거 작전) 직전 — event_redash의 강습 전날 · 당일
45,4,char:226,char:226,호감도,지금,판별,@갓데스_투입–@궤도_엘리베이터_강습 ~ @궤도_엘리베이터_강습–@아크_가디언_작전,4,6,91,342,ch34,과거,35,회상,
46,4,S187,char:226,호감도,회상,판별,@갓데스_투입–@궤도_엘리베이터_강습 ~ @궤도_엘리베이터_강습–@아크_가디언_작전,4,6,91,342,,,,,1차 침공 중 갓데스 시절 — 레드 슈즈가 이미 니케가 되어 엘리시온 제3 연구소에 있고 2세대가 실전에 나가기 전(신데렐라 침식 S180 앞)
47,4,char:513,char:513,호감도,지금,판별,@갓데스_투입–@궤도_엘리베이터_강습 ~ @궤도_엘리베이터_강습–@아크_가디언_작전,4,6,109,380,ch38,과거,39,회상,
48,4,S225,char:513,호감도,회상,판별,@갓데스_투입–@궤도_엘리베이터_강습 ~ @궤도_엘리베이터_강습–@아크_가디언_작전,4,6,109,380,,,,,"2세대 페어리 테일이 다 모인 지 며칠 뒤, 실전에 나가기 전의 테스트 기간 — event_oldtales1의 신데렐라 침식 앞"
49,4,relic:통화기록028594,relic:통화기록028594,유실물,지금,범위,@갓데스_투입–@궤도_엘리베이터_강습 ~ @아크_가디언_작전–@방주_밀봉,4,8,6,25,ch05,과거,6,단위,
50,4,S118,event_newyearnewsword,이벤트,회상,범위,@갓데스_투입–@궤도_엘리베이터_강습 ~ @아크_가디언_작전–@방주_밀봉,4,8,59,261,,,,,약 100년 전 1차 침공기 — 갓데스 투입 뒤 근접 전투 스쿼드 결성부터 새해 이틀 전 밤의 궤멸까지
51,4,char:225,char:225,호감도,지금,범위,@갓데스_투입–@궤도_엘리베이터_강습 ~ @아크_가디언_작전–@방주_밀봉,4,8,60,262,ch26,과거,27,회상,
52,4,S119,char:225,호감도,회상,범위,@갓데스_투입–@궤도_엘리베이터_강습 ~ @아크_가디언_작전–@방주_밀봉,4,8,60,262,,,,,1차 침공기 — 홍련이 갓데스에 합류한 직후부터 첫 실전까지(근접 전투 스쿼드 궤멸 뒤)
53,4,relic:잘지내라친구,relic:잘지내라친구,유실물,지금,범위,@갓데스_투입–@궤도_엘리베이터_강습 ~ @아크_가디언_작전–@방주_밀봉,4,8,65,274,ch27,과거,28,회상,
54,4,S129,relic:잘지내라친구,유실물,회상,범위,@갓데스_투입–@궤도_엘리베이터_강습 ~ @아크_가디언_작전–@방주_밀봉,4,8,65,274,,,,,1차 침공기 · 방주 이주 무렵 — 레드 후드가 갓데스로 알려진 뒤 고향 친구의 녹음
55,4,relic:궤도엘리베이터음모론,relic:궤도엘리베이터음모론,유실물,지금,범위,@갓데스_투입–@궤도_엘리베이터_강습 ~ @아크_가디언_작전–@방주_밀봉,4,8,144,453,ch46,과거,47,단위,
56,4,relic:승리를_부르는_그림자,relic:승리를_부르는_그림자,유실물,지금,범위,@갓데스_투입–@궤도_엘리베이터_강습 ~ @아크_가디언_작전–@방주_밀봉,4,8,153,471,ch47,과거,48,좁힘,
57,4,erelic:old_tales_lost,erelic:old_tales_lost,유실물,지금,범위,@갓데스_투입–@궤도_엘리베이터_강습 ~ @방주_밀봉–@1차_지상_탈환전,4,10,91,340,ch34,과거,35,회상,
58,4,S185,erelic:old_tales_lost,유실물,회상,범위,@갓데스_투입–@궤도_엘리베이터_강습 ~ @방주_밀봉–@1차_지상_탈환전,4,10,91,340,,,,,2세대 실전 배치 전 — 침식 연구 중단부터 레드 슈즈의 비공식 실험 · 랩쳐에게 돌려보낸 침식이 강해진 시기
59,4,event_oldtales1,event_oldtales1,이벤트,지금,판별,@갓데스_투입–@궤도_엘리베이터_강습 ~ @궤도_엘리베이터_강습–@아크_가디언_작전 / @궤도_엘리베이터_강습–@아크_가디언_작전 / @아크_가디언_작전–@방주_밀봉 ~ @방주_밀봉–@1차_지상_탈환전 / @방주_밀봉–@1차_지상_탈환전 ~ @1차_지상_탈환전–@갓데스_폴,4,12,91,338,ch34,과거,35,조각,
60,4,relic:니케실험반대피켓,relic:니케실험반대피켓,유실물,지금,범위,@갓데스_투입–@궤도_엘리베이터_강습 ~,4,,7,29,ch06,걸침,,좁힘,
61,6,S181,event_oldtales1,이벤트,구간,판별,@궤도_엘리베이터_강습–@아크_가디언_작전,6,6,91,338,,,,,"강습 실패 두 달 뒤 — 2세대 수리 완료, 인류는 여전히 패퇴 중"
62,6,S103,event_redash,이벤트,구간,판별,@궤도_엘리베이터_강습–@아크_가디언_작전 ~ @아크_가디언_작전–@방주_밀봉,6,8,55,251,,,,,방주 이주 결정 두 달 뒤 — 방주 입구 방어전(방주 밀봉 전)
63,6,S107,erelic:red_ash_lost,유실물,구간,판별,@궤도_엘리베이터_강습–@아크_가디언_작전 ~ @아크_가디언_작전–@방주_밀봉,6,8,55,252,,,,,event_redash2_04_s 상부 긴급 호출 뒤 — 방주 입구 방어전 중
64,6,erelic:old_tales_mini_memory,erelic:old_tales_mini_memory,유실물,지금,범위,@궤도_엘리베이터_강습–@아크_가디언_작전 ~,6,,91,341,ch34,걸침,,단위,
65,8,S288,fl:ark_guardian,이벤트,회상,판별,@아크_가디언_작전–@방주_밀봉,8,8,133,428,,,,,"아크 가디언 작전 — 레드 후드가 떠나고 아나키오르 전이 끝난 직후부터 3차 밀봉 석 달 뒤까지(1차 침공 끝 무렵, 약 100년 전)"
66,8,S367,fl:blank_ticket,이벤트,회상,범위,~ @아크_가디언_작전–@방주_밀봉,,8,130,423,,,,,노라의 지상 여행 일기 — 랩쳐('외계인') 침공으로 방주에 내려가던 날까지(몇십 년 전)
67,8,relic:갓데스스쿼드리포트,relic:갓데스스쿼드리포트,유실물,지금,판별,@아크_가디언_작전–@방주_밀봉 ~ @방주_밀봉,8,9,5,19,ch04,과거,5,좁힘,
68,8,S71,event_overzone,이벤트,회상,판별,@아크_가디언_작전–@방주_밀봉 ~ @방주_밀봉–@1차_지상_탈환전,8,10,36,200,,,,,"1차 침공 끝 — 아크 가디언 작전 직후 갓데스가 방주 입구를 지킨 두 달 남짓과 밀봉(연장 3주)까지, 랩쳐와 싸운 지 5년쯤"
69,8,S73,erelic:white_memory,유실물,구간,판별,@아크_가디언_작전–@방주_밀봉 ~ @방주_밀봉–@1차_지상_탈환전,8,10,36,201,,,,,"event_overzone 1부 무렵 — 릴리스가 죽고 도로시가 리더 대행으로 버티던 방주 밀봉 전 두 달 사이, 스노우 화이트의 초소 밖 탐색"
70,8,S182,event_oldtales1,이벤트,구간,판별,@아크_가디언_작전–@방주_밀봉 ~ @방주_밀봉–@1차_지상_탈환전,8,10,91,338,,,,,"아크 가디언 막바지 · 방주 밀봉 시작 — 2세대의 퀸 공략, 릴리바이스 사후"
71,8,S296,ch43,메인,구간,범위,@아크_가디언_작전–@방주_밀봉 ~ @2차_지상_탈환전–ch00,8,16,137,434,,,,,"엔더슨의 V.T.C. 괴멸 — 아크 가디언(갓데스 지휘관 혼수) 뒤, 네온이 니케가 되기 약 3년 전, 엔더슨의 부사령관 취임 무렵"
72,8,erelic:white_memory,erelic:white_memory,유실물,지금,범위,@아크_가디언_작전–@방주_밀봉 ~ @방주_밀봉–@1차_지상_탈환전 / @방주_밀봉–@1차_지상_탈환전 ~ ch05–ch06,8,28,36,201,ch22,앞,17,조각,
73,10,S183,event_oldtales1,이벤트,구간,판별,@방주_밀봉–@1차_지상_탈환전 ~ @1차_지상_탈환전–@갓데스_폴,10,12,91,338,,,,,방주 밀봉 · 엘리베이터 추락 5년 뒤부터 약 17년 뒤까지 — 에이브의 기다림(5년 → 1년 → 3년 → 5년 → 1년 → 1년 → 1년)
74,10,erelic:old_tales_dialog,erelic:old_tales_dialog,유실물,지금,판별,@방주_밀봉–@1차_지상_탈환전 ~ @1차_지상_탈환전–@갓데스_폴,10,12,91,339,ch34,과거,35,단위,
75,10,S196,event_footstepwalkrun1,이벤트,회상,범위,@방주_밀봉–@1차_지상_탈환전 ~ @2차_지상_탈환전–ch00,10,16,96,350,,,,,라피의 과거 — 1차 지상 탈환전 무렵의 어린 시절부터 2차 지상 탈환전 · 앱솔루트 시절까지
76,10,S348,erelic:white_memory,유실물,구간,범위,@방주_밀봉–@1차_지상_탈환전 ~ ch05–ch06,10,28,36,201,,,,,event_overzone 2부 뒤 — 갓데스가 흩어진 뒤 홀로 떠돌던 스노우 화이트가 다시 찾은 릴리스의 관에서 머리가 사라진 것을 본 때
77,12,erelic:unbreakable_sphere_lost,erelic:unbreakable_sphere_lost,유실물,지금,판별,@1차_지상_탈환전–@갓데스_폴 ~ @갓데스_폴–@2차_지상_탈환전,12,14,109,379,ch38,과거,39,좁힘,
78,12,S224,event_unbreakablesphere1,이벤트,회상,범위,@1차_지상_탈환전–@갓데스_폴 ~,12,,109,377,,,,,세이렌의 회상 — 글러트니의 목구멍에서 처음 눈뜬 때(약 70년 전)부터 미하라 일행이 오기까지
79,13,d_ex_elevator_01,d_ex_elevator_01,그 밖,지금,범위,@갓데스_폴 ~,13,,8,35,ch07,걸침,,단위,
80,14,S310,side:pretty_star,사이드,구간,판별,@갓데스_폴–@2차_지상_탈환전,14,14,142,447,,,,,"PRETTY STAR 본편(_00–_13)은 방주 밀봉 뒤 아직 '방주로 내려온 지 얼마 안 된' 때 — 지상 탈환전 실패 · 갓데스 폴 사건 뒤, 피난 때 레드 후드를 본 소녀 프리시아가 어른이 된 무렵. 머스탱이 지금 떠올리는 회상이다"
81,14,S322,event_staranis1,이벤트,회상,판별,@갓데스_폴–@2차_지상_탈환전,14,14,144,454,,,,,"프리티의 복귀 콘서트(아니스 · 민트가 죽은 날, F2556) 뒤, 데뷔 1년 무렵부터의 T.T.STAR와 한슨의 사무실 시절"
82,14,S323,event_staranis1,이벤트,회상,판별,@갓데스_폴–@2차_지상_탈환전,14,14,144,454,,,,,STAR ANIS 2부 회상(01_s 뒷부분–05_e 앞부분 · 06_s) — 한슨의 사무실 시절 말 스마일 박스부터 한슨이 머스탱이 되고 아니스가 지상 부대로 간 뒤 '긴 시간'까지; 거래상 2차 지상 탈환전 전
83,14,relic:데일리아크기사스크랩,relic:데일리아크기사스크랩,유실물,지금,판별,@갓데스_폴–@2차_지상_탈환전 ~ @2차_지상_탈환전–ch00,14,16,25,160,ch19,과거,20,회상,
84,14,S55,relic:데일리아크기사스크랩,유실물,회상,판별,@갓데스_폴–@2차_지상_탈환전 ~ @2차_지상_탈환전–ch00,14,16,25,160,,,,,"2차 지상 탈환전 무렵 — 1차 랩쳐 침공 뒤, 사관학교 설립 전(작중 과거, 연도 미상)"
85,14,side:pretty_star,side:pretty_star,사이드,지금,판별,@갓데스_폴–@2차_지상_탈환전 / @갓데스_폴–@2차_지상_탈환전 ~ @2차_지상_탈환전–ch00,14,16,142,447,ch44,과거,45,조각,
86,14,S311,side:pretty_star,사이드,구간,판별,@갓데스_폴–@2차_지상_탈환전 ~ @2차_지상_탈환전–ch00,14,16,142,447,,,,,"_14 앞부분은 프리티가 죽고 '많은 시간'이 흐른 뒤 아니스가 민트 · 프리카와 무대에 서던 때, 뒷부분은 그 뒤 '더욱 많은 시간'이 흘러 오스왈드가 백발로 갓데스 기록을 끝내고 버닝엄이 아이이던 때다"
87,16,S4,ch02,메인,구간,판별,@2차_지상_탈환전–ch00,16,16,3,4,,,,,발전소가 있는 바닷가 도시는 CH.02보다 5년 전에 봉쇄되었다
88,16,event_overzone,event_overzone,이벤트,지금,판별,@2차_지상_탈환전–ch00,16,16,36,200,ch22,과거,23,조각,
89,16,S72,event_overzone,이벤트,구간,판별,@2차_지상_탈환전–ch00,16,16,36,200,,,,,"에필로그 — 방주 밀봉 50년쯤 뒤, 도로시가 필그림으로 방주 정보를 모을 때"
90,16,S104,event_redash,이벤트,구간,판별,@2차_지상_탈환전–ch00,16,16,55,251,,,,,레드 후드가 민가에 쓰러진 지 30년 뒤
91,16,S133,sub:핸섬_커맨더_01,서브퀘스트,회상,판별,@2차_지상_탈환전–ch00,16,16,66,277,,,,,오래전 방주의 바깥 탐색 붐 — 3개 스쿼드 연합 AREA F-031 탐색(이안이 지휘관이던 23~12년 전 사이)
92,16,S197,event_footstepwalkrun1,이벤트,구간,판별,@2차_지상_탈환전–ch00,16,16,96,350,,,,,"레드 후드와 라피의 일주일 = 2차 지상 탈환전 개시 2년여 뒤, 방주 이주 30년여 뒤 — event_redash 에필로그와 같은 때"
93,16,S198,event_footstepwalkrun1,이벤트,구간,판별,@2차_지상_탈환전–ch00,16,16,96,350,,,,,라피의 방주 귀환 = 2차 지상 탈환전 실패 공표 4년 뒤(참전 6년 뒤)
94,16,S213,fl:for_rest,이벤트,회상,판별,@2차_지상_탈환전–ch00,16,16,104,365,,,,,"리타와 조쉬 허밋 — 15년 전, 조쉬 허밋 스쿼드 전입부터 화목제 · 첫 지상 출격에서의 그의 죽음까지"
95,16,S253,fl:absolute,이벤트,회상,판별,@2차_지상_탈환전–ch00,16,16,119,400,,,,,"앱솔루트 결성일 — 잉그리드가 놀이터에서 은화를 영입하고 엠마가 합류한 날, 이어 라피 · 베스티 합류와 라피의 탈퇴"
96,16,S10,ch05,메인,회상,범위,~ @2차_지상_탈환전–ch00,,16,6,20,,,,,눈사태로 의식이 멀어질 때 떠오르는 지휘관의 과거 장면(병원의 소녀)
97,16,S134,event_boomsday,이벤트,회상,범위,~ @2차_지상_탈환전–ch00,,16,66,280,,,,,"트로니가 니케가 된 해 — 이터널 스카이 광고 사건, 방주 사망자가 가장 많던 해"
98,16,S135,event_boomsday,이벤트,회상,범위,~ @2차_지상_탈환전–ch00,,16,66,280,,,,,"컨버터 개발 — 전초기지가 생기기 전, 트로니가 니케가 된 뒤"
99,16,S202,event_wisdomspring,이벤트,회상,범위,~ @2차_지상_탈환전–ch00,,16,98,353,,,,,지휘관의 꿈 — 막 니케가 된 마나 · 에테르가 M.M.R. 심층부 수조 속의 지휘관([그 프로젝트] 대상자)을 지켜보던 때
100,16,S295,ch43,메인,회상,범위,~ @2차_지상_탈환전–ch00,,16,137,434,,,,,"네온이 니케가 되기 전 — 아우터 림 배드 드림의 프린세스와 스톨 3세(약 3년), E.H. 생전"
101,16,S277,erelic:goddess_fall_mini,유실물,회상,범위,@2차_지상_탈환전–ch00 ~,16,,128,419,,,,,"에덴 블랙박스 영상 기록 — 에덴 설립(메인 연구실 완성)부터 에덴 스쿼드 결성 · 에덴의 창 완성과 출격까지, 2차 지상 탈환전 몇 년 뒤"
102,16,S340,fl:project_matis,이벤트,회상,범위,@2차_지상_탈환전–ch00 ~,16,,151,467,,,,,"2차 지상 탈환전 실패 직후 어린 슈엔의 시절부터, 3대 CEO 취임 수년 뒤 PROJECT MATIS로 메티스 스쿼드가 완성되기까지"
103,17,ch00,ch00,메인,지금,판별,ch00,17,17,1,1,ch00,,,메인,
104,17,S3,ch01,메인,구간,판별,ch00 ~ ch00–ch01,17,18,2,2,,,,,선발대의 통신 두절은 CH.01 작전 브리핑보다 46시간 전이다
105,19,ch01,ch01,메인,지금,판별,ch01,19,19,2,2,ch01,,,메인,
106,20,char:10,char:10,호감도,지금,판별,ch01–ch02 ~ ch02–ch03,20,22,17,95,ch16,앞,14,단위,
107,20,char:12,char:12,호감도,지금,판별,ch01–ch02 ~ ch02–ch03,20,22,17,115,ch16,앞,14,단위,
108,20,sub:칠리페퍼_00,sub:칠리페퍼_00,서브퀘스트,지금,범위,ch01–ch02 ~,20,,3,5,ch02,걸침,,단위,
109,20,sub:테트라_커넥트_00,sub:테트라_커넥트_00,서브퀘스트,지금,범위,ch01–ch02 ~,20,,3,6,ch02,걸침,,단위,
110,20,sub:칠리페퍼_01,sub:칠리페퍼_01,서브퀘스트,지금,범위,ch01–ch02 ~,20,,9,38,ch08,걸침,,좁힘,
111,20,sub:칠리페퍼_02,sub:칠리페퍼_02,서브퀘스트,지금,범위,ch01–ch02 ~,20,,15,70,ch14,걸침,,좁힘,
112,20,sub:테트라_커넥트_01,sub:테트라_커넥트_01,서브퀘스트,지금,범위,ch01–ch02 ~,20,,20,147,ch18,걸침,,좁힘,
113,21,ch02,ch02,메인,지금,판별,ch02,21,21,3,4,ch02,,,메인,
114,21,S5,ch02,메인,구간,판별,ch02,21,21,3,4,,,,,슈엔이 전초 기지에 찾아온 것은 카운터스가 전초 기지에 온 다음 날이다
115,22,S8,ch03,메인,구간,범위,~ ch02–ch03,,22,4,10,,,,,워드리스는 CH.03보다 몇 달 전부터 토커티브를 쫓아 왔다
116,22,char:161,char:161,호감도,지금,범위,ch02–ch03 ~ ch23–ch24,22,64,17,104,ch16,걸침,,좁힘,
117,22,sub:랩칠리언_05,sub:랩칠리언_05,서브퀘스트,지금,범위,ch02–ch03 ~ ch26–ch27,22,70,17,84,ch16,걸침,,좁힘,
118,22,sub:랩칠리언_06,sub:랩칠리언_06,서브퀘스트,지금,범위,ch02–ch03 ~ ch26–ch27,22,70,19,143,ch17,걸침,,좁힘,
119,22,relic:정갈하게쓴기록,relic:정갈하게쓴기록,유실물,지금,범위,ch02–ch03 ~ ch38–ch39,22,94,118,397,ch39,앞,1,단위 · 좁힘,
120,22,relic:어떤소녀의그림일기,relic:어떤소녀의그림일기,유실물,지금,범위,ch02–ch03 ~ ch38–ch39,22,94,119,399,ch40,앞,2,좁힘,
121,22,char:291,char:291,호감도,지금,범위,ch02–ch03 ~,22,,17,120,ch16,걸침,,좁힘,
122,22,event_cherryblossom,event_cherryblossom,이벤트,지금,범위,ch02–ch03 ~,22,,32,183,ch20,걸침,,좁힘,
123,22,relic:마더웨일아종목격보고.wav,relic:마더웨일아종목격보고.wav,유실물,지금,범위,ch02–ch03 ~,22,,54,242,ch25,걸침,,좁힘,
124,23,ch03,ch03,메인,지금,판별,ch03,23,23,4,10,ch03,,,메인,
125,25,ch04,ch04,메인,지금,판별,ch04,25,25,5,15,ch04,,,메인,
126,25,S9,ch04,메인,구간,판별,ch04,25,25,5,15,,,,,기억 소거를 받은 라피가 돌아와 기억이 남았다고 털어놓는 것은 판결 이틀 뒤다
127,26,char:91,char:91,호감도,지금,범위,ch04–ch05 ~ ch31–ch32,26,80,17,106,ch16,걸침,,단위,
128,26,char:22,char:22,호감도,지금,범위,ch04–ch05 ~,26,,17,114,ch16,걸침,,좁힘,
129,26,char:92,char:92,호감도,지금,범위,ch04–ch05 ~,26,,17,127,ch16,걸침,,단위,
130,26,event_newflavor,event_newflavor,이벤트,지금,범위,ch04–ch05 ~,26,,105,367,ch36,걸침,,좁힘,
131,26,char:520,char:520,호감도,지금,범위,ch04–ch05 ~,26,,105,368,ch36,걸침,,단위,
132,26,event_trueflavor,event_trueflavor,이벤트,지금,범위,ch04–ch05 ~,26,,107,371,ch36,걸침,,단위,
133,26,char:521,char:521,호감도,지금,범위,ch04–ch05 ~,26,,107,372,ch36,걸침,,단위,
134,26,char:93,char:93,호감도,지금,범위,ch04–ch05 ~,26,,119,401,ch40,걸침,,좁힘,
135,26,char:95,char:95,호감도,지금,범위,ch04–ch05 ~,26,,120,402,ch40,걸침,,좁힘,
136,27,ch05,ch05,메인,지금,판별,ch05,27,27,6,20,ch05,,,메인,
137,28,char:191,char:191,호감도,지금,범위,ch05–ch06 ~,28,,17,118,ch16,걸침,,단위,
138,28,char:193,char:193,호감도,지금,범위,ch05–ch06 ~,28,,21,154,ch18,걸침,,단위,
139,28,event_alonesurvivor,event_alonesurvivor,이벤트,지금,범위,ch05–ch06 ~,28,,56,256,ch26,걸침,,좁힘,
140,28,char:192,char:192,호감도,지금,범위,ch05–ch06 ~,28,,56,257,ch26,걸침,,단위,
141,28,event_lifeagain,event_lifeagain,이벤트,지금,범위,ch05–ch06 ~,28,,89,332,ch32,걸침,,단위,
142,29,ch06,ch06,메인,지금,판별,ch06,29,29,7,26,ch06,,,메인,
143,30,char:221,char:221,호감도,지금,범위,ch06–ch07 ~ ch16–ch17,30,50,17,94,ch16,걸침,,단위,
144,30,char:220,char:220,호감도,지금,범위,ch06–ch07 ~ ch41,30,99,17,113,ch16,걸침,,단위 · 좁힘,
145,30,char:190,char:190,호감도,지금,범위,ch06–ch07 ~,30,,17,96,ch16,걸침,,단위,
146,31,ch07,ch07,메인,지금,판별,ch07,31,31,8,31,ch07,,,메인,
147,32,event_boomsday,event_boomsday,이벤트,지금,범위,ch07–ch08 ~ ch26–ch27,32,70,66,280,ch28,앞,2,좁힘,
148,32,sub:든_셀_00,sub:든_셀_00,서브퀘스트,지금,범위,ch07–ch08 ~,32,,13,62,ch12,걸침,,좁힘,
149,32,char:212,char:212,호감도,지금,범위,ch07–ch08 ~,32,,17,87,ch16,걸침,,좁힘,
150,32,char:120,char:120,호감도,지금,범위,ch07–ch08 ~,32,,17,137,ch16,걸침,,단위 · 좁힘,
151,32,char:311,char:311,호감도,지금,범위,ch07–ch08 ~,32,,28,176,ch20,걸침,,좁힘,
152,33,ch08,ch08,메인,지금,판별,ch08,33,33,9,37,ch08,,,메인,
153,35,ch09,ch09,메인,지금,판별,ch09,35,35,10,43,ch09,,,메인,
154,36,char:171,char:171,호감도,지금,범위,ch09–ch10 ~ ch20–ch21,36,58,17,126,ch16,걸침,,단위 · 좁힘,
155,36,char:160,char:160,호감도,지금,범위,ch09–ch10 ~ ch23–ch24,36,64,17,124,ch16,걸침,,좁힘,
156,36,char:172,char:172,호감도,지금,범위,ch09–ch10 ~,36,,17,117,ch16,걸침,,좁힘,
157,36,char:210,char:210,호감도,지금,범위,ch09–ch10 ~,36,,17,122,ch16,걸침,,단위,
158,36,char:170,char:170,호감도,지금,범위,ch09–ch10 ~,36,,17,133,ch16,걸침,,단위,
159,36,event_maidinvalentine,event_maidinvalentine,이벤트,지금,범위,ch09–ch10 ~,36,,28,175,ch20,걸침,,좁힘,
160,36,char:800,char:800,호감도,지금,범위,ch09–ch10 ~,36,,30,178,ch20,걸침,,좁힘,
161,36,event_nyanyaparadise,event_nyanyaparadise,이벤트,지금,범위,ch09–ch10 ~,36,,42,212,ch22,걸침,,좁힘,
162,36,event_romanticvalentine,event_romanticvalentine,이벤트,지금,범위,ch09–ch10 ~,36,,99,355,ch34,걸침,,단위,
163,36,char:354,char:354,호감도,지금,범위,ch09–ch10 ~,36,,99,356,ch34,걸침,,단위,
164,36,char:405,char:405,호감도,지금,범위,ch09–ch10 ~,36,,158,481,ch48,걸침,,단위,
165,37,ch10,ch10,메인,지금,판별,ch10,37,37,11,48,ch10,,,메인,
166,39,ch11,ch11,메인,지금,판별,ch11,39,39,12,53,ch11,,,메인,
167,40,char:90,char:90,호감도,지금,범위,ch11–ch12 ~,40,,17,123,ch16,걸침,,단위,
168,40,char:30,char:30,호감도,지금,범위,ch11–ch12 ~,40,,17,131,ch16,걸침,,좁힘,
169,41,ch12,ch12,메인,지금,판별,ch12,41,41,13,59,ch12,,,메인,
170,42,char:180,char:180,호감도,지금,범위,ch12–ch13 ~,42,,17,85,ch16,걸침,,단위,
171,42,char:181,char:181,호감도,지금,범위,ch12–ch13 ~,42,,17,101,ch16,걸침,,단위,
172,42,sub:숲속요정_00,sub:숲속요정_00,서브퀘스트,지금,범위,ch12–ch13 ~,42,,19,144,ch17,걸침,,단위,
173,42,event_lionheart,event_lionheart,이벤트,지금,범위,ch12–ch13 ~,42,,61,263,ch26,걸침,,좁힘,
174,43,ch13,ch13,메인,지금,판별,ch13,43,43,14,64,ch13,,,메인,
175,44,char:260,char:260,호감도,지금,판별,ch13–ch14,44,44,24,158,ch18,앞,5,단위,
176,44,S91,event_firstaffection,이벤트,회상,판별,ch13–ch14 ~ ch14–ch15,44,46,47,230,,,,,"마리안이 헬레틱에서 돌아와 카운터스 · 전초기지에서 지내던 때 — CH.14 무렵, 필그림에게 떠나보내기 전"
177,44,sub:철도로GO_00,sub:철도로GO_00,서브퀘스트,지금,범위,ch13–ch14 ~,44,,14,66,ch13,걸침,,좁힘,
178,44,char:72,char:72,호감도,지금,범위,ch13–ch14 ~,44,,17,93,ch16,걸침,,단위,
179,44,char:130,char:130,호감도,지금,범위,ch13–ch14 ~,44,,17,100,ch16,걸침,,단위 · 좁힘,
180,44,char:70,char:70,호감도,지금,범위,ch13–ch14 ~,44,,17,109,ch16,걸침,,좁힘,
181,44,char:71,char:71,호감도,지금,범위,ch13–ch14 ~,44,,17,111,ch16,걸침,,좁힘,
182,44,char:241,char:241,호감도,지금,범위,ch13–ch14 ~,44,,17,121,ch16,걸침,,좁힘,
183,44,char:131,char:131,호감도,지금,범위,ch13–ch14 ~,44,,17,130,ch16,걸침,,좁힘,
184,44,char:242,char:242,호감도,지금,범위,ch13–ch14 ~,44,,17,132,ch16,걸침,,좁힘,
185,44,char:142,char:142,호감도,지금,범위,ch13–ch14 ~,44,,17,134,ch16,걸침,,좁힘,
186,44,event_brandnewyear,event_brandnewyear,이벤트,지금,범위,ch13–ch14 ~,44,,23,157,ch18,걸침,,좁힘,
187,44,char:400,char:400,호감도,지금,범위,ch13–ch14 ~,44,,26,170,ch20,걸침,,좁힘,
188,44,event_queensorder,event_queensorder,이벤트,지금,범위,ch13–ch14 ~,44,,39,207,ch22,걸침,,좁힘,
189,44,char:33,char:33,호감도,지금,범위,ch13–ch14 ~,44,,53,240,ch24,걸침,,단위 · 좁힘,
190,44,char:240,char:240,호감도,지금,범위,ch13–ch14 ~,44,,89,333,ch32,걸침,,좁힘,
191,44,fl:blank_ticket,fl:blank_ticket,이벤트,지금,범위,ch13–ch14 ~,44,,130,423,ch42,걸침,,단위 · 좁힘,
192,44,char:74,char:74,호감도,지금,범위,ch13–ch14 ~,44,,130,424,ch42,걸침,,단위,
193,44,fl:terminus_ticket,fl:terminus_ticket,이벤트,지금,범위,ch13–ch14 ~,44,,131,425,ch42,걸침,,단위,
194,44,char:75,char:75,호감도,지금,범위,ch13–ch14 ~,44,,131,426,ch42,걸침,,단위,
195,44,char:73,char:73,호감도,지금,범위,ch13–ch14 ~,44,,132,427,ch42,걸침,,단위,
196,45,ch14,ch14,메인,지금,판별,ch14,45,45,15,69,ch14,,,메인,
197,46,side:second_affection,side:second_affection,사이드,지금,판별,ch14–ch15 ~ ch15,46,47,71,288,ch28,앞,13,단위,
198,46,sub:알콜러버_00,sub:알콜러버_00,서브퀘스트,지금,범위,ch14–ch15 ~,46,,19,145,ch17,걸침,,단위,
199,46,event_newyearnewsword,event_newyearnewsword,이벤트,지금,범위,ch14–ch15 ~,46,,59,261,ch26,걸침,,좁힘,
200,47,ch15,ch15,메인,지금,판별,ch15,47,47,16,75,ch15,,,메인,
201,47,char:203,char:203,호감도,지금,범위,ch15 ~,47,,21,155,ch18,걸침,,단위,
202,47,event_colorless,event_colorless,이벤트,지금,범위,ch15 ~,47,,82,319,ch32,걸침,,단위 · 좁힘,
203,47,char:390,char:390,호감도,지금,범위,ch15 ~,47,,82,320,ch32,걸침,,단위,
204,47,event_outofuniform,event_outofuniform,이벤트,지금,범위,ch15 ~,47,,97,351,ch34,걸침,,단위 · 좁힘,
205,47,fl:2x2_love_1ch,fl:2x2_love_1ch,이벤트,지금,범위,ch15 ~,47,,141,444,ch44,걸침,,단위,
206,48,char:202,char:202,호감도,지금,범위,ch15–ch16 ~ ch38–ch39,48,94,17,91,ch16,걸침,,단위 · 좁힘,
207,48,char:101,char:101,호감도,지금,범위,ch15–ch16 ~ ch38–ch39,48,94,17,92,ch16,걸침,,단위 · 좁힘,
208,48,char:11,char:11,호감도,지금,범위,ch15–ch16 ~,48,,17,86,ch16,걸침,,좁힘,
209,48,char:200,char:200,호감도,지금,범위,ch15–ch16 ~,48,,17,97,ch16,걸침,,단위,
210,48,char:102,char:102,호감도,지금,범위,ch15–ch16 ~,48,,17,99,ch16,걸침,,단위 · 좁힘,
211,48,char:80,char:80,호감도,지금,범위,ch15–ch16 ~,48,,17,110,ch16,걸침,,좁힘,
212,48,char:140,char:140,호감도,지금,범위,ch15–ch16 ~,48,,17,112,ch16,걸침,,단위 · 좁힘,
213,48,char:201,char:201,호감도,지금,범위,ch15–ch16 ~,48,,17,119,ch16,걸침,,단위,
214,48,event_hightechtoy,event_hightechtoy,이벤트,지금,범위,ch15–ch16 ~,48,,20,151,ch18,걸침,,단위 · 좁힘,
215,48,char:100,char:100,호감도,지금,범위,ch15–ch16 ~,48,,20,152,ch18,걸침,,단위,
216,48,event_miraclesnow1,event_miraclesnow1,이벤트,지금,범위,ch15–ch16 ~,48,,21,153,ch18,걸침,,좁힘,
217,48,char:121,char:121,호감도,지금,범위,ch15–ch16 ~,48,,22,156,ch18,걸침,,단위,
218,48,char:801,char:801,호감도,지금,범위,ch15–ch16 ~,48,,30,179,ch20,걸침,,좁힘,
219,48,char:802,char:802,호감도,지금,범위,ch15–ch16 ~,48,,30,180,ch20,걸침,,좁힘,
220,48,event_fullfoolday,event_fullfoolday,이벤트,지금,범위,ch15–ch16 ~,48,,33,186,ch20,걸침,,좁힘,
221,48,event_freezeacpu,event_freezeacpu,이벤트,지금,범위,ch15–ch16 ~,48,,53,239,ch24,걸침,,좁힘,
222,48,event_perfectmaid,event_perfectmaid,이벤트,지금,범위,ch15–ch16 ~,48,,63,267,ch26,걸침,,단위 · 좁힘,
223,48,char:313,char:313,호감도,지금,범위,ch15–ch16 ~,48,,63,268,ch26,걸침,,단위,
224,48,char:501,char:501,호감도,지금,범위,ch15–ch16 ~,48,,74,299,ch30,걸침,,단위 · 좁힘,
225,48,event_juveniledays,event_juveniledays,이벤트,지금,범위,ch15–ch16 ~,48,,81,317,ch32,걸침,,단위 · 좁힘,
226,48,char:391,char:391,호감도,지금,범위,ch15–ch16 ~,48,,81,318,ch32,걸침,,단위,
227,48,event_phantomthiefvsdetective,event_phantomthiefvsdetective,이벤트,지금,범위,ch15–ch16 ~,48,,87,328,ch32,걸침,,단위,
228,48,char:403,char:403,호감도,지금,범위,ch15–ch16 ~,48,,87,329,ch32,걸침,,단위,
229,48,char:355,char:355,호감도,지금,범위,ch15–ch16 ~,48,,100,357,ch34,걸침,,단위 · 좁힘,
230,48,char:94,char:94,호감도,지금,범위,ch15–ch16 ~,48,,121,403,ch40,걸침,,좁힘,
231,49,ch16,ch16,메인,지금,판별,ch16,49,49,17,80,ch16,,,메인,
232,50,char:20,char:20,호감도,지금,범위,ch16–ch17 ~ ch23–ch24,50,64,17,90,ch16,걸침,,단위 · 좁힘,
233,50,char:110,char:110,호감도,지금,범위,ch16–ch17 ~ ch23–ch24,50,64,17,129,ch16,걸침,,단위 · 좁힘,
234,50,char:111,char:111,호감도,지금,범위,ch16–ch17 ~ ch23–ch24,50,64,26,172,ch20,걸침,,단위 · 좁힘,
235,50,char:112,char:112,호감도,지금,범위,ch16–ch17 ~ ch23–ch24,50,64,27,174,ch20,걸침,,단위 · 좁힘,
236,50,fl:2x2_love_2ch,fl:2x2_love_2ch,이벤트,지금,범위,ch16–ch17 ~,50,,141,445,ch44,걸침,,단위 · 좁힘,
237,50,char:583,char:583,호감도,지금,범위,ch16–ch17 ~,50,,141,446,ch44,걸침,,단위,
238,51,ch17,ch17,메인,지금,판별,ch17,51,51,19,140,ch17,,,메인,
239,52,char:222,char:222,호감도,지금,범위,ch17–ch18 ~ ch40–ch41,52,98,17,136,ch16,뒤,1,단위,
240,52,event_firstaffection,event_firstaffection,이벤트,지금,범위,ch17–ch18 ~,52,,47,230,ch24,걸침,,단위,
241,53,ch18,ch18,메인,지금,판별,ch18,53,53,20,146,ch18,,,메인,
242,55,ch19,ch19,메인,지금,판별,ch19,55,55,25,159,ch19,,,메인,
243,56,S61,ch21,메인,회상,판별,ch19–ch20 ~ ch20–ch21,56,58,35,189,,,,,이틀 전 에덴 — 지휘관이 세실에게 자기 피로 언체인드 탄환을 만들 방법을 묻는다
244,56,char:232,char:232,호감도,지금,범위,ch19–ch20 ~ ch40–ch41,56,98,17,88,ch16,뒤,3,단위,
245,56,char:230,char:230,호감도,지금,범위,ch19–ch20 ~ ch40–ch41,56,98,17,135,ch16,뒤,3,단위,
246,57,ch20,ch20,메인,지금,판별,ch20,57,57,26,164,ch20,,,메인,
247,58,char:261,char:261,호감도,지금,판별,ch20–ch21 ~ ch21,58,59,32,184,ch20,걸침,,단위,
248,58,sub:에덴_Notice_00,sub:에덴_Notice_00,서브퀘스트,지금,판별,ch20–ch21 ~ ch21–ch22,58,60,35,190,ch21,걸침,,단위,
249,58,sub:에덴_Notice_01,sub:에덴_Notice_01,서브퀘스트,지금,판별,ch20–ch21 ~ ch21–ch22,58,60,35,191,ch21,걸침,,좁힘,
250,58,sub:에덴_Notice_02,sub:에덴_Notice_02,서브퀘스트,지금,판별,ch20–ch21 ~ ch21–ch22,58,60,35,192,ch21,걸침,,좁힘,
251,58,char:233,char:233,호감도,지금,판별,ch20–ch21 ~ ch21–ch22,58,60,36,202,ch22,앞,1,단위,
252,59,ch21,ch21,메인,지금,판별,ch21,59,59,35,189,ch21,,,메인,
253,59,S66,ch22,메인,회상,판별,ch21 ~ ch21–ch22,59,60,36,195,,,,,침공 3일 전부터 발생 5분 전까지 — 에닉이 기록으로 보여 주는 코인 러시 · 엔터 헤븐 · 엘리베이터 허브 J-910의 일(상황 발생 12시간 뒤 현재로 돌아옴)
254,60,S38,char:72,호감도,회상,범위,~ ch21–ch22,,60,17,93,,,,,"AFX 열차 테러 직전, 로열 로드로 가는 열차 안의 디젤과 동생"
255,60,S305,fl:enter_heaven,이벤트,회상,범위,~ ch21–ch22,,60,140,442,,,,,"엘리시온 하퍼의 과거 — 아우터 림 방벽 공사 막바지 점검부터 후계자 포기 · 엔터 헤븐 결성 · 크로우의 강경파 · AFX 열차 테러 · 함정 회담까지 (방주 테러 여러 해 전, 하퍼가 아우터 림에서 몇 년을 산 뒤가 AFX 테러)"
256,60,S331,fl:ark_ranger,이벤트,구간,범위,~ ch21–ch22,,60,148,462,,,,,CH.22 방주 테러 이전 — 극장판 촬영 · 화재 구출(00–04)
257,60,S262,side:eden_spear,사이드,구간,판별,ch21–ch22 ~ ch22–ch23,60,62,126,411,,,,,CH.22 방주 습격 무렵 — 도로시가 에덴을 떠나 방주로 감
258,60,side:eden_spear,side:eden_spear,사이드,지금,범위,ch21–ch22 ~ ch22–ch23 / ch24–ch25 ~ ch25 / ch25–ch26 ~ ch39 / ch39,60,95,126,411,ch40,앞,1,조각,
259,60,char:231,char:231,호감도,지금,범위,ch21–ch22 ~ ch40–ch41,60,98,17,128,ch16,뒤,5,단위,
260,60,fl:ark_ranger,fl:ark_ranger,이벤트,지금,범위,~ ch21–ch22 / ch22 / ch42 / ch45 / ch46–ch47 ~ ch47,,111,148,462,ch46,걸침,,조각,
261,61,ch22,ch22,메인,지금,판별,ch22,61,61,36,195,ch22,,,메인,
262,61,sub:문구점_00,sub:문구점_00,서브퀘스트,지금,판별,ch22,61,61,36,196,ch22,맞음,,단위,
263,61,sub:2호_쉘터_관리계정_00,sub:2호_쉘터_관리계정_00,서브퀘스트,지금,판별,ch22,61,61,36,197,ch22,맞음,,단위,
264,61,sub:할아범_01,sub:할아범_01,서브퀘스트,지금,판별,ch22,61,61,36,198,ch22,맞음,,단위,
265,61,sub:중앙정부_트라이앵글_00,sub:중앙정부_트라이앵글_00,서브퀘스트,지금,판별,ch22,61,61,43,218,ch23,앞,1,단위,
266,61,S332,fl:ark_ranger,이벤트,구간,판별,ch22,61,61,148,462,,,,,CH.22 방주 테러 당일 — 메티스 승전 기념행사 중(05–07)
267,61,sub:할아범_00,sub:할아범_00,서브퀘스트,지금,범위,~ ch22,,61,9,42,ch08,걸침,,단위,
268,62,sub:해결사_카페_스위티_00,sub:해결사_카페_스위티_00,서브퀘스트,지금,범위,ch22–ch23 ~ ch24–ch25,62,66,44,220,ch24,걸침,,단위,
269,62,sub:중앙정부_프로토콜_00,sub:중앙정부_프로토콜_00,서브퀘스트,지금,범위,ch22–ch23 ~ ch24–ch25,62,66,44,222,ch24,걸침,,단위,
270,62,event_BunnyX777,event_BunnyX777,이벤트,지금,범위,ch22–ch23 ~,62,,37,204,ch22,걸침,,좁힘,
271,62,char:270,char:270,호감도,지금,범위,ch22–ch23 ~,62,,37,205,ch22,걸침,,좁힘,
272,62,char:271,char:271,호감도,지금,범위,ch22–ch23 ~,62,,38,206,ch22,걸침,,단위,
273,62,char:280,char:280,호감도,지금,범위,ch22–ch23 ~,62,,39,208,ch22,걸침,,단위,
274,62,event_bluewaterisland,event_bluewaterisland,이벤트,지금,범위,ch22–ch23 ~,62,,40,209,ch22,걸침,,단위,
275,62,char:132,char:132,호감도,지금,범위,ch22–ch23 ~,62,,40,210,ch22,걸침,,단위,
276,62,char:14,char:14,호감도,지금,범위,ch22–ch23 ~,62,,41,211,ch22,걸침,,단위,
277,62,event_seayouagain1,event_seayouagain1,이벤트,지금,범위,ch22–ch23 ~,62,,45,226,ch24,걸침,,단위,
278,62,char:15,char:15,호감도,지금,범위,ch22–ch23 ~,62,,45,227,ch24,걸침,,단위,
279,62,char:353,char:353,호감도,지금,범위,ch22–ch23 ~,62,,46,229,ch24,걸침,,단위,
280,62,event_dazzlingcupid,event_dazzlingcupid,이벤트,지금,범위,ch22–ch23 ~,62,,51,236,ch24,걸침,,단위 · 좁힘,
281,62,event_neverland1,event_neverland1,이벤트,지금,범위,ch22–ch23 ~,62,,57,258,ch26,걸침,,좁힘,
282,62,char:194,char:194,호감도,지금,범위,ch22–ch23 ~,62,,57,259,ch26,걸침,,단위,
283,62,char:62,char:62,호감도,지금,범위,ch22–ch23 ~,62,,58,260,ch26,걸침,,단위,
284,62,event_dirtybackyard,event_dirtybackyard,이벤트,지금,범위,ch22–ch23 ~,62,,62,265,ch26,걸침,,좁힘,
285,62,char:281,char:281,호감도,지금,범위,ch22–ch23 ~,62,,62,266,ch26,걸침,,좁힘,
286,62,event_killthelord,event_killthelord,이벤트,지금,범위,ch22–ch23 ~,62,,67,282,ch28,걸침,,단위,
287,62,char:43,char:43,호감도,지금,범위,ch22–ch23 ~,62,,67,283,ch28,걸침,,단위,
288,62,event_liarsend,event_liarsend,이벤트,지금,범위,ch22–ch23 ~,62,,70,287,ch28,걸침,,단위 · 좁힘,
289,62,event_onemoretime,event_onemoretime,이벤트,지금,범위,ch22–ch23 ~,62,,71,289,ch28,걸침,,단위 · 좁힘,
290,62,event_goldencoinrush1,event_goldencoinrush1,이벤트,지금,범위,ch22–ch23 ~,62,,75,300,ch30,걸침,,단위,
291,62,char:314,char:314,호감도,지금,범위,ch22–ch23 ~,62,,75,301,ch30,걸침,,단위,
292,62,char:195,char:195,호감도,지금,범위,ch22–ch23 ~,62,,76,302,ch30,걸침,,단위,
293,62,S153,char:195,호감도,회상,범위,ch22–ch23 ~,62,,76,302,,,,,앨리스가 들려주는 테트라 황금칩 쟁탈전 — 방주 도착부터 바구니 게임 승리 · 사진 찍은 날까지
294,62,event_claymore,event_claymore,이벤트,지금,범위,ch22–ch23 ~,62,,77,303,ch30,걸침,,단위,
295,62,event_beautyfullshot1,event_beautyfullshot1,이벤트,지금,범위,ch22–ch23 ~,62,,78,305,ch30,걸침,,단위,
296,62,char:284,char:284,호감도,지금,범위,ch22–ch23 ~,62,,78,306,ch30,걸침,,단위,
297,62,char:283,char:283,호감도,지금,범위,ch22–ch23 ~,62,,79,307,ch30,걸침,,단위,
298,62,event_jinxplayer,event_jinxplayer,이벤트,지금,범위,ch22–ch23 ~,62,,86,325,ch32,걸침,,좁힘,
299,62,char:272,char:272,호감도,지금,범위,ch22–ch23 ~,62,,86,327,ch32,걸침,,단위 · 좁힘,
300,62,fl:coins_in_rush,fl:coins_in_rush,이벤트,지금,범위,ch22–ch23 ~,62,,122,404,ch40,걸침,,단위,
301,62,char:315,char:315,호감도,지금,범위,ch22–ch23 ~,62,,122,405,ch40,걸침,,단위,
302,62,char:143,char:143,호감도,지금,범위,ch22–ch23 ~,62,,123,406,ch40,걸침,,단위,
303,62,fl:fatal_maid,fl:fatal_maid,이벤트,지금,범위,ch22–ch23 ~,62,,136,432,ch42,걸침,,단위,
304,62,char:316,char:316,호감도,지금,범위,ch22–ch23 ~,62,,136,433,ch42,걸침,,단위,
305,62,fl:persona_on_frontline,fl:persona_on_frontline,이벤트,지금,범위,ch22–ch23 ~,62,,154,474,ch48,걸침,,단위,
306,62,char:872,char:872,호감도,지금,범위,ch22–ch23 ~,62,,154,475,ch48,걸침,,단위,
307,62,char:870,char:870,호감도,지금,범위,ch22–ch23 ~,62,,154,476,ch48,걸침,,단위,
308,62,char:871,char:871,호감도,지금,범위,ch22–ch23 ~,62,,155,477,ch48,걸침,,단위,
309,63,ch23,ch23,메인,지금,판별,ch23,63,63,43,214,ch23,,,메인,
310,63,sub:콜렉터_02,sub:콜렉터_02,서브퀘스트,지금,판별,ch23,63,63,43,216,ch23,맞음,,단위,
311,64,event_doutsiders,event_doutsiders,이벤트,지금,범위,~ ch23–ch24,,64,26,169,ch20,걸침,,좁힘,
312,64,sub:상인연합_달란트_00,sub:상인연합_달란트_00,서브퀘스트,지금,판별,ch23–ch24 ~ ch24,64,65,43,215,ch23,걸침,,단위,
313,64,sub:코인_러시_00,sub:코인_러시_00,서브퀘스트,지금,판별,ch23–ch24 ~ ch24–ch25,64,66,44,223,ch24,걸침,,단위,
314,65,ch24,ch24,메인,지금,판별,ch24,65,65,44,219,ch24,,,메인,
315,65,S85,ch24,메인,구간,판별,ch24,65,65,44,219,,,,,방주 테러 · 쉘터 사태 수습 직후 — 쉘터 개방 전(랩쳐 소탕까지 이틀 정도)
316,65,relic:긴급뉴스대본_FB_3_final_2.pdf,relic:긴급뉴스대본_FB_3_final_2.pdf,유실물,지금,판별,ch24,65,65,44,221,ch24,맞음,,좁힘,
317,66,S263,side:eden_spear,사이드,구간,판별,ch24–ch25 ~ ch25,66,67,126,411,,,,,CH.24 끝 직후 — 헬레틱 셋이 지상으로 밀려난 지 10시간쯤
318,66,sub:택틱컬틱택_00,sub:택틱컬틱택_00,서브퀘스트,지금,범위,ch24–ch25 ~,66,,54,244,ch25,걸침,,단위,
319,66,sub:택틱컬틱택_01,sub:택틱컬틱택_01,서브퀘스트,지금,범위,ch24–ch25 ~,66,,54,245,ch25,걸침,,좁힘,
320,66,side:wordless,side:wordless,사이드,지금,범위,ch24–ch25 ~,66,,89,331,ch32,걸침,,단위,
321,66,side:mudfish,side:mudfish,사이드,지금,범위,ch24–ch25 ~,66,,107,370,ch36,걸침,,단위,
322,67,ch25,ch25,메인,지금,판별,ch25,67,67,54,241,ch25,,,메인,
323,68,S240,event_overthehorizon,이벤트,구간,범위,~ ch25–ch26,,68,115,391,,,,,"카운터스의 지상 일부 탈환(주둔지 01) 전 — 비행 교육과 그 뒤 3일, 소라를 쫓아 아지트까지"
324,68,char:532,char:532,호감도,지금,범위,~ ch25–ch26,,68,115,392,ch38,앞,13,회상,
325,68,S242,char:532,호감도,회상,범위,~ ch25–ch26,,68,115,392,,,,,"소라와의 첫 만남(01–04) — event_overthehorizon 비행 교육 전, 지휘관이 이미 유명해진 뒤"
326,68,char:330,char:330,호감도,지금,판별,ch25–ch26 ~ ch26–ch27,68,70,73,296,ch30,앞,4,회상,
327,68,S145,char:330,호감도,회상,판별,ch25–ch26 ~ ch26–ch27,68,70,73,296,,,,,"지휘관이 증표를 보며 떠올린, 크라운 · 차임 · 레드 후드가 카운터스 곁에 있던 때(CH.26 무렵)"
328,68,S264,side:eden_spear,사이드,구간,범위,ch25–ch26 ~ ch39,68,95,126,411,,,,,CH.25 뒤 — 도로시가 두고 간 니힐리스타를 인헤르트가 거둠
329,68,event_overthehorizon,event_overthehorizon,이벤트,지금,범위,~ ch25–ch26 / ch26–ch27 ~,,,115,391,ch38,걸침,,조각,
330,69,ch26,ch26,메인,지금,판별,ch26,69,69,55,246,ch26,,,메인,
331,69,char:470,char:470,호감도,지금,판별,ch26,69,69,55,254,ch26,맞음,,단위,
332,69,char:331,char:331,호감도,지금,판별,ch26,69,69,128,421,ch42,앞,16,단위,
333,69,S127,ch27,메인,회상,판별,ch26 ~ ch26–ch27,69,70,65,270,,,,,"3주 전 레드 후드의 고향 — CH.26 끝, 마더 웨일이 내려앉은 직후"
334,69,event_darkhero,event_darkhero,이벤트,지금,판별,ch26 ~ ch26–ch27,69,70,74,298,ch30,앞,4,단위,
335,69,char:361,char:361,호감도,지금,범위,ch26 ~,69,,73,297,ch30,걸침,,단위,
336,69,char:551,char:551,호감도,지금,범위,ch26 ~,69,,77,304,ch30,걸침,,단위,
337,69,event_icedragonsaga1,event_icedragonsaga1,이벤트,지금,범위,ch26 ~,69,,94,347,ch34,걸침,,단위,
338,69,char:183,char:183,호감도,지금,범위,ch26 ~,69,,94,348,ch34,걸침,,단위,
339,69,char:182,char:182,호감도,지금,범위,ch26 ~,69,,95,349,ch34,걸침,,단위,
340,70,sub:랩칠리언_00,sub:랩칠리언_00,서브퀘스트,지금,범위,~ ch26–ch27,,70,4,13,ch03,걸침,,단위,
341,70,sub:랩칠리언_01,sub:랩칠리언_01,서브퀘스트,지금,범위,~ ch26–ch27,,70,5,18,ch04,걸침,,좁힘,
342,70,sub:랩칠리언_02,sub:랩칠리언_02,서브퀘스트,지금,범위,~ ch26–ch27,,70,6,23,ch05,걸침,,좁힘,
343,70,sub:랩칠리언_03,sub:랩칠리언_03,서브퀘스트,지금,범위,~ ch26–ch27,,70,7,27,ch06,걸침,,좁힘,
344,70,sub:랩칠리언_04,sub:랩칠리언_04,서브퀘스트,지금,범위,~ ch26–ch27,,70,8,36,ch07,걸침,,좁힘,
345,70,sub:피라_00,sub:피라_00,서브퀘스트,지금,범위,ch26–ch27 ~,70,,55,250,ch26,걸침,,단위,
346,70,sub:피라_01,sub:피라_01,서브퀘스트,지금,범위,ch26–ch27 ~,70,,65,271,ch27,걸침,,좁힘,
347,70,sub:피라_02,sub:피라_02,서브퀘스트,지금,범위,ch26–ch27 ~,70,,65,272,ch27,걸침,,좁힘,
348,70,sub:트윙클_00,sub:트윙클_00,서브퀘스트,지금,범위,ch26–ch27 ~,70,,65,273,ch27,걸침,,좁힘,
349,70,event_lastkingdom1,event_lastkingdom1,이벤트,지금,범위,ch26–ch27 ~,70,,73,295,ch30,걸침,,단위,
350,70,event_arcanearchive,event_arcanearchive,이벤트,지금,범위,ch26–ch27 ~,70,,111,383,ch38,걸침,,단위,
351,70,char:581,char:581,호감도,지금,범위,ch26–ch27 ~,70,,111,384,ch38,걸침,,단위,
352,70,event_lordforjustice,event_lordforjustice,이벤트,지금,범위,ch26–ch27 ~,70,,112,385,ch38,걸침,,단위,
353,70,char:41,char:41,호감도,지금,범위,ch26–ch27 ~,70,,112,386,ch38,걸침,,단위,
354,70,event_ce006,event_ce006,이벤트,지금,범위,ch26–ch27 ~,70,,113,387,ch38,걸침,,단위,
355,70,char:852,char:852,호감도,지금,범위,ch26–ch27 ~,70,,113,388,ch38,걸침,,단위,
356,70,char:850,char:850,호감도,지금,범위,ch26–ch27 ~,70,,113,389,ch38,걸침,,단위,
357,70,char:851,char:851,호감도,지금,범위,ch26–ch27 ~,70,,114,390,ch38,걸침,,단위,
358,70,S241,event_overthehorizon,이벤트,구간,범위,ch26–ch27 ~,70,,115,391,,,,,"에필로그 — 카운터스가 지상 일부를 되찾아 '주둔지 01'로 발표된 직후, 지휘관은 지상 임무 중"
359,70,fl:reborn_evil,fl:reborn_evil,이벤트,지금,범위,ch26–ch27 ~,70,,124,407,ch40,걸침,,단위,
360,70,char:840,char:840,호감도,지금,범위,ch26–ch27 ~,70,,124,408,ch40,걸침,,단위,
361,70,char:842,char:842,호감도,지금,범위,ch26–ch27 ~,70,,124,409,ch40,걸침,,단위,
362,70,char:841,char:841,호감도,지금,범위,ch26–ch27 ~,70,,125,410,ch40,걸침,,단위,
363,70,fl:go_ninja_thief,fl:go_ninja_thief,이벤트,지금,범위,ch26–ch27 ~,70,,126,412,ch40,걸침,,단위,
364,70,char:23,char:23,호감도,지금,범위,ch26–ch27 ~,70,,126,413,ch40,걸침,,단위,
365,70,fl:lie_cause_recoil,fl:lie_cause_recoil,이벤트,지금,범위,ch26–ch27 ~,70,,138,438,ch44,걸침,,단위,
366,70,char:860,char:860,호감도,지금,범위,ch26–ch27 ~,70,,138,439,ch44,걸침,,단위,
367,70,char:862,char:862,호감도,지금,범위,ch26–ch27 ~,70,,138,440,ch44,걸침,,단위,
368,70,char:861,char:861,호감도,지금,범위,ch26–ch27 ~,70,,139,441,ch44,걸침,,단위,
369,70,fl:good_world,fl:good_world,이벤트,지금,범위,ch26–ch27 ~,70,,142,448,ch44,걸침,,단위,
370,70,char:620,char:620,호감도,지금,범위,ch26–ch27 ~,70,,142,449,ch44,걸침,,단위,
371,71,ch27,ch27,메인,지금,판별,ch27,71,71,65,270,ch27,,,메인,
372,72,sub:핸섬_커맨더_00,sub:핸섬_커맨더_00,서브퀘스트,지금,판별,ch27–ch28 ~ ch28–ch29,72,74,66,276,ch28,걸침,,단위,
373,72,sub:핸섬_커맨더_01,sub:핸섬_커맨더_01,서브퀘스트,지금,범위,ch27–ch28 ~,72,,66,277,ch28,걸침,,좁힘,
374,72,sub:MMR지킴이_00,sub:MMR지킴이_00,서브퀘스트,지금,범위,ch27–ch28 ~,72,,66,278,ch28,걸침,,좁힘,
375,72,event_secretgarden,event_secretgarden,이벤트,지금,범위,ch27–ch28 ~,72,,93,345,ch34,걸침,,단위,
376,72,char:411,char:411,호감도,지금,범위,ch27–ch28 ~,72,,93,346,ch34,걸침,,단위,
377,72,char:836,char:836,호감도,지금,범위,ch27–ch28 ~,72,,102,362,ch36,걸침,,좁힘,
378,72,char:835,char:835,호감도,지금,범위,ch27–ch28 ~,72,,102,363,ch36,걸침,,단위 · 좁힘,
379,72,char:834,char:834,호감도,지금,범위,ch27–ch28 ~,72,,103,364,ch36,걸침,,단위 · 좁힘,
380,72,fl:for_rest,fl:for_rest,이벤트,지금,범위,ch27–ch28 ~,72,,104,365,ch36,걸침,,단위,
381,72,char:412,char:412,호감도,지금,범위,ch27–ch28 ~,72,,104,366,ch36,걸침,,좁힘,
382,72,event_foolburstday,event_foolburstday,이벤트,지금,범위,ch27–ch28 ~,72,,106,369,ch36,걸침,,좁힘,
383,73,ch28,ch28,메인,지금,판별,ch28,73,73,66,275,ch28,,,메인,
384,75,ch29,ch29,메인,지금,판별,ch29,75,75,72,291,ch29,,,메인,
385,76,relic:하모니큐브관찰일지,relic:하모니큐브관찰일지,유실물,지금,범위,~ ch29–ch30,,76,73,294,ch30,앞,1,좁힘,
386,77,ch30,ch30,메인,지금,판별,ch30,77,77,73,293,ch30,,,메인,
387,78,relic:말뚝프로젝트보고서,relic:말뚝프로젝트보고서,유실물,지금,범위,~ ch30–ch31,,78,80,309,ch31,앞,1,좁힘,
388,78,char:500,char:500,호감도,지금,범위,ch30–ch31 ~,78,,66,281,ch28,뒤,2,단위,
389,79,ch31,ch31,메인,지금,판별,ch31,79,79,80,308,ch31,,,메인,
390,80,relic:수정지역깊은곳어딘가,relic:수정지역깊은곳어딘가,유실물,지금,범위,~ ch31–ch32,,80,81,316,ch32,앞,1,좁힘,
391,80,char:511,char:511,호감도,지금,범위,ch31–ch32 ~ ch34–ch35,80,86,91,343,ch34,걸침,,단위,
392,81,ch32,ch32,메인,지금,판별,ch32,81,81,81,310,ch32,,,메인,
393,82,sub:관짝이_00,sub:관짝이_00,서브퀘스트,지금,판별,ch32–ch33,82,82,81,311,ch32,맞음,,단위,
394,82,sub:관짝이_01,sub:관짝이_01,서브퀘스트,지금,판별,ch32–ch33,82,82,81,313,ch32,맞음,,좁힘,
395,82,sub:관짝이_02,sub:관짝이_02,서브퀘스트,지금,판별,ch32–ch33,82,82,81,314,ch32,맞음,,좁힘,
396,82,sub:거울_공주_01,sub:거울_공주_01,서브퀘스트,지금,판별,ch32–ch33,82,82,81,315,ch32,맞음,,단위,
397,82,relic:소녀의일기-절망편-,relic:소녀의일기-절망편-,유실물,지금,범위,~ ch32–ch33,,82,90,335,ch33,앞,1,좁힘,
398,82,sub:거울_공주_00,sub:거울_공주_00,서브퀘스트,지금,판별,ch32–ch33 ~ ch33–ch34,82,84,81,312,ch32,걸침,,단위 · 좁힘,
399,83,ch33,ch33,메인,지금,판별,ch33,83,83,90,334,ch33,,,메인,
400,84,S223,event_unbreakablesphere1,이벤트,회상,범위,~ ch33–ch34,,84,109,377,,,,,모리의 회상 — 미실리스에서 깨어난 날부터 양산형 스쿼드 · 갱생관 · 인큐베이터 스쿼드를 거쳐 지엔의 손을 잡기까지
401,84,char:590,char:590,호감도,지금,범위,~ ch33–ch34,,84,109,381,ch38,앞,5,단위 · 좁힘,
402,85,ch34,ch34,메인,지금,판별,ch34,85,85,91,336,ch34,,,메인,
403,86,event_footstepwalkrun1,event_footstepwalkrun1,이벤트,지금,판별,ch34–ch35 ~ ch35,86,87,96,350,ch34,걸침,,단위,
404,86,char:514,char:514,호감도,지금,범위,ch34–ch35 ~ ch36–ch37,86,90,92,344,ch34,걸침,,단위 · 좁힘,
405,86,char:16,char:16,호감도,지금,범위,ch34–ch35 ~,86,,97,352,ch34,걸침,,단위,
406,86,event_wisdomspring,event_wisdomspring,이벤트,지금,범위,ch34–ch35 ~,86,,98,353,ch34,걸침,,단위,
407,86,char:290,char:290,호감도,지금,범위,ch34–ch35 ~,86,,98,354,ch34,걸침,,단위,
408,86,fl:absolute,fl:absolute,이벤트,지금,범위,ch34–ch35 ~,86,,119,400,ch40,걸침,,단위,
409,87,ch35,ch35,메인,지금,판별,ch35,87,87,101,358,ch35,,,메인,
410,89,ch36,ch36,메인,지금,판별,ch36,89,89,102,360,ch36,,,메인,
411,90,event_unbreakablesphere1,event_unbreakablesphere1,이벤트,지금,범위,ch36–ch37 ~,90,,109,377,ch38,걸침,,단위,
412,90,erelic:unbreakable_sphere_dialog,erelic:unbreakable_sphere_dialog,유실물,지금,범위,ch36–ch37 ~,90,,109,378,ch38,걸침,,좁힘,
413,90,char:162,char:162,호감도,지금,범위,ch36–ch37 ~,90,,110,382,ch38,걸침,,단위,
414,90,S228,char:162,호감도,회상,범위,ch36–ch37 ~,90,,110,382,,,,,글러트니 목구멍 속 세이렌의 물거품 정원 — 모리와 함께 지내던 때(event_unbreakablesphere1 중)
415,91,ch37,ch37,메인,지금,판별,ch37,91,91,108,373,ch37,,,메인,
416,92,char:103,char:103,호감도,지금,범위,ch37–ch38 ~,92,,151,468,ch46,걸침,,좁힘,
417,92,char:105,char:105,호감도,지금,범위,ch37–ch38 ~,92,,152,469,ch46,걸침,,단위 · 좁힘,
418,93,ch38,ch38,메인,지금,판별,ch38,93,93,109,375,ch38,,,메인,
419,94,fl:boom_the_ghost,fl:boom_the_ghost,이벤트,지금,범위,ch38–ch39 ~,94,,116,393,ch38,걸침,,단위,
420,94,char:234,char:234,호감도,지금,범위,ch38–ch39 ~,94,,116,394,ch38,걸침,,단위,
421,94,char:502,char:502,호감도,지금,범위,ch38–ch39 ~,94,,117,395,ch38,걸침,,단위,
422,94,char:104,char:104,호감도,지금,범위,ch38–ch39 ~,94,,156,479,ch48,걸침,,단위,
423,95,ch39,ch39,메인,지금,판별,ch39,95,95,118,396,ch39,,,메인,
424,95,S248,ch39,메인,구간,판별,ch39,95,95,118,396,,,,,"af — 지휘관 일행의 지상 탐색과 같은 때, 아니스의 은퇴 공연 준비 중(CH.38 af 뒤)"
425,95,S265,side:eden_spear,사이드,구간,판별,ch39,95,95,126,411,,,,,CH.39 에덴의 창 발사 때 — 리버렐리오가 에덴의 창을 하늘로 쏨
426,95,char:223,char:223,호감도,지금,판별,ch39,95,95,128,420,ch42,앞,3,단위,
427,96,S251,ch40,메인,구간,판별,ch39–ch40 ~ ch40,96,97,119,398,,,,,"af — CH.39 af 직후(배드 드림 도착 뒤), 아니스는 리페어 센터에서 나온 다음 날부터 연습"
428,96,fl:enter_heaven,fl:enter_heaven,이벤트,지금,범위,ch39–ch40 ~,96,,140,442,ch44,걸침,,단위,
429,96,char:113,char:113,호감도,지금,범위,ch39–ch40 ~,96,,140,443,ch44,걸침,,단위,
430,97,ch40,ch40,메인,지금,판별,ch40,97,97,119,398,ch40,,,메인,
431,97,S274,event_goddessfall1,이벤트,회상,판별,ch40 ~ ch40–ch41,97,98,128,418,,,,,며칠 전 크라운 왕국 — 마리안이 말없이 사라진 날
432,98,event_goddessfall1,event_goddessfall1,이벤트,지금,판별,ch40–ch41,98,98,128,418,ch42,앞,2,단위,
433,98,erelic:goddess_fall_mini,erelic:goddess_fall_mini,유실물,지금,판별,ch40–ch41,98,98,128,419,ch42,앞,2,단위,
434,98,relic:주의용광로사용법,relic:주의용광로사용법,유실물,지금,범위,~ ch40–ch41,,98,128,417,ch42,앞,2,좁힘,
435,98,fl:ark_guardian,fl:ark_guardian,이벤트,지금,판별,ch40–ch41 ~ ch41,98,99,133,428,ch42,앞,1,단위,
436,98,S269,ch41,메인,구간,판별,ch40–ch41 ~ ch41–ch42,98,100,127,414,,,,,"CH.40 af 며칠 뒤 — T.T.STAR 연습을 미세스 미스가 며칠째 지켜본 때, 같은 날 네온 · E.H.의 추적과 식스오의 테러"
437,98,char:471,char:471,호감도,지금,범위,ch40–ch41 ~,98,,134,429,ch42,걸침,,단위,
438,99,ch41,ch41,메인,지금,판별,ch41,99,99,127,414,ch41,,,메인,
439,99,char:262,char:262,호감도,지금,판별,ch41,99,99,129,422,ch42,앞,1,단위,
440,99,S298,ch44,메인,회상,판별,ch41 ~ ch42,99,101,138,436,,,,,"네오-네온 완성 — 방주 시내 E2 크리스탈 테러 1시간 전, M.M.R. P층"
441,100,S271,ch42,메인,구간,판별,ch41–ch42 ~ ch42,100,101,128,416,,,,,"CH.41 af_06 직후 — 펑크 스트리트 E2 크리스탈 테러와 피신, 같은 날 퀸 요격(af_06 프리티의 방 장면은 요격 2시간 전)"
442,101,ch42,ch42,메인,지금,판별,ch42,101,101,128,416,ch42,,,메인,
443,101,S272,ch42,메인,구간,판별,ch42,101,101,128,416,,,,,퀸 사건 뒤 — 지휘관이 주둔지 01에서 정비 · 마무리(길면 2주)를 마치고 방주로 내려와 아니스를 다시 만난 날
444,101,S275,event_goddessfall1,이벤트,구간,판별,ch42,101,101,128,418,,,,,"에필로그 — 요한이 지휘관에게 연락하기로 한 때, CH.42 끝(지휘관이 방주로 내려간 뒤 요한의 연락) 직전"
445,101,S333,fl:ark_ranger,이벤트,구간,판별,ch42,101,101,148,462,,,,,CH.42 펑크 스트리트 E2 크리스탈 사건 — 블랙이 아니스를 지켜봄(10–11)
446,102,fl:wave_to_you,fl:wave_to_you,이벤트,지금,범위,ch42–ch43 ~,102,,149,464,ch46,걸침,,단위,
447,102,char:515,char:515,호감도,지금,범위,ch42–ch43 ~,102,,149,465,ch46,걸침,,단위,
448,102,char:322,char:322,호감도,지금,범위,ch42–ch43 ~,102,,150,466,ch46,걸침,,단위,
449,102,fl:great_villain_union,fl:great_villain_union,이벤트,지금,범위,ch42–ch43 ~,102,,156,478,ch48,걸침,,단위,
450,103,ch43,ch43,메인,지금,판별,ch43,103,103,137,434,ch43,,,메인,
451,105,ch44,ch44,메인,지금,판별,ch44,105,105,138,436,ch44,,,메인,
452,106,S315,ch45,메인,회상,판별,ch44–ch45 ~ ch45,106,107,143,450,,,,,45_03은 45_01 엘리시온 장면보다 수 시간 전의 중앙 회의실
453,106,S316,ch45,메인,회상,판별,ch44–ch45 ~ ch45,106,107,143,450,,,,,45_06은 방주가 꺼지기 10분 전부터의 금서고
454,106,char:441,char:441,호감도,지금,범위,ch44–ch45 ~,106,,144,456,ch46,걸침,,단위,
455,106,char:18,char:18,호감도,지금,범위,ch44–ch45 ~,106,,145,457,ch46,걸침,,단위 · 좁힘,
456,106,char:404,char:404,호감도,지금,범위,ch44–ch45 ~,106,,157,480,ch48,걸침,,단위 · 좁힘,
457,107,ch45,ch45,메인,지금,판별,ch45,107,107,143,450,ch45,,,메인,
458,107,S334,fl:ark_ranger,이벤트,구간,판별,ch45,107,107,148,462,,,,,CH.45 정전의 밤 — 광장에 수정이 솟음(12–13 앞)
459,108,S319,ch46,메인,구간,판별,ch45–ch46 ~ ch46,108,109,144,452,,,,,"방주 쪽(af_02–10)은 CH.45 도로시의 방송(F2608) 직후 도반과의 교전부터 — 면회는 그 다음 날, 회의 · 공연 결정은 그 뒤"
460,108,relic:불길한_소리.wav,relic:불길한_소리.wav,유실물,지금,판별,ch45–ch46 ~ ch46–ch47,108,110,154,473,ch48,앞,2,좁힘,
461,109,ch46,ch46,메인,지금,판별,ch46,109,109,144,452,ch46,,,메인,
462,110,event_staranis1,event_staranis1,이벤트,지금,판별,ch46–ch47 ~ ch47,110,111,144,454,ch46,걸침,,단위,
463,110,S335,fl:ark_ranger,이벤트,구간,판별,ch46–ch47 ~ ch47,110,111,148,462,,,,,CH.46 뒤 — 3차 지상 탈환전을 앞두고 카운터스가 에덴으로 가는 길(13 끝–27)
464,110,S324,event_staranis1,이벤트,구간,판별,ch46–ch47 ~ ch47–ch48,110,112,144,454,,,,,STAR ANIS 액자 끝 — 아크리온 홀 기념 공연(S321) 직후 아니스가 T.T.STAR를 탈퇴하고 카운터스가 지상으로 올라감
465,110,char:17,char:17,호감도,지금,범위,ch46–ch47 ~,110,,144,455,ch46,걸침,,단위,
466,110,fl:b-side_idol,fl:b-side_idol,이벤트,지금,범위,ch46–ch47 ~,110,,146,458,ch46,걸침,,단위,
467,110,char:600,char:600,호감도,지금,범위,ch46–ch47 ~,110,,146,459,ch46,걸침,,단위,
468,110,fl:bitter_spice,fl:bitter_spice,이벤트,지금,범위,ch46–ch47 ~,110,,147,460,ch46,걸침,,단위,
469,110,char:601,char:601,호감도,지금,범위,ch46–ch47 ~,110,,147,461,ch46,걸침,,단위,
470,110,fl:project_matis,fl:project_matis,이벤트,지금,범위,ch46–ch47 ~,110,,151,467,ch46,걸침,,단위,
471,111,ch47,ch47,메인,지금,판별,ch47,111,111,153,470,ch47,,,메인,
472,113,ch48,ch48,메인,지금,판별,ch48,113,113,154,472,ch48,,,메인,
,,sub:콜렉터_00,sub:콜렉터_00,서브퀘스트,지금,상대,,,,3,7,ch02,,,단위,
,,sub:세르반_00,sub:세르반_00,서브퀘스트,지금,상대,,,,4,11,ch03,,,단위,
,,sub:트레저_헌터_00,sub:트레저_헌터_00,서브퀘스트,지금,상대,,,,4,12,ch03,,,단위,
,,sub:트레저_헌터_01,sub:트레저_헌터_01,서브퀘스트,지금,상대,,,,5,16,ch04,,,좁힘,
,,sub:중앙_정부_공식__00,sub:중앙_정부_공식__00,서브퀘스트,지금,상대,,,,6,21,ch05,,,단위,
,,sub:세르반_01,sub:세르반_01,서브퀘스트,지금,상대,,,,7,28,ch06,,,좁힘,
,,sub:중앙_정부_공식__01,sub:중앙_정부_공식__01,서브퀘스트,지금,상대,,,,8,32,ch07,,,좁힘,
,,sub:세르반_02,sub:세르반_02,서브퀘스트,지금,상대,,,,8,33,ch07,,,좁힘,
,,sub:콜렉터_01,sub:콜렉터_01,서브퀘스트,지금,상대,,,,9,41,ch08,,,좁힘,
,,sub:미실리스_연구팀_00,sub:미실리스_연구팀_00,서브퀘스트,지금,상대,,,,10,44,ch09,,,단위,
,,sub:트레저_헌터_02,sub:트레저_헌터_02,서브퀘스트,지금,상대,,,,10,46,ch09,,,좁힘,
,,sub:롬_00,sub:롬_00,서브퀘스트,지금,상대,,,,11,49,ch10,,,단위,
,,sub:시리얼_00,sub:시리얼_00,서브퀘스트,지금,상대,,,,11,51,ch10,,,단위,
,,sub:음악_애호가_00,sub:음악_애호가_00,서브퀘스트,지금,상대,,,,12,54,ch11,,,단위,
,,sub:산해진미_00,sub:산해진미_00,서브퀘스트,지금,상대,,,,12,57,ch11,,,단위,
,,sub:러블리_드림_00,sub:러블리_드림_00,서브퀘스트,지금,상대,,,,13,61,ch12,,,단위,
,,sub:세르반_03,sub:세르반_03,서브퀘스트,지금,상대,,,,14,65,ch13,,,좁힘,
,,sub:미실리스_연구팀_01,sub:미실리스_연구팀_01,서브퀘스트,지금,상대,,,,14,68,ch13,,,좁힘,
,,sub:롬_01,sub:롬_01,서브퀘스트,지금,상대,,,,15,73,ch14,,,좁힘,
,,sub:방주_난민_00,sub:방주_난민_00,서브퀘스트,지금,상대,,,,15,74,ch14,,,단위,
,,sub:방주_난민_01,sub:방주_난민_01,서브퀘스트,지금,상대,,,,16,77,ch15,,,좁힘,
,,sub:방주_난민_02,sub:방주_난민_02,서브퀘스트,지금,상대,,,,16,78,ch15,,,좁힘,
,,sub:방주_난민_03,sub:방주_난민_03,서브퀘스트,지금,상대,,,,17,81,ch16,,,좁힘,
,,sub:트레저_헌터_03,sub:트레저_헌터_03,서브퀘스트,지금,상대,,,,17,83,ch16,,,좁힘,
,,char:430,char:430,호감도,지금,상대,,,,17,89,ch16,,,좁힘,
,,char:431,char:431,호감도,지금,상대,,,,17,108,ch16,,,단위,
,,char:432,char:432,호감도,지금,상대,,,,17,116,ch16,,,단위,
,,S44,char:30,호감도,회상,상대,,,,17,131,,,,,1년 전 엘리시온 동물 폭탄 테러 날 — 죽어 가는 인간 폴리에게 잉그리드가 니케가 될지 묻는 장면
,,char:352,char:352,호감도,지금,상대,,,,18,139,ch16,,,단위,
,,sub:중앙_정부_공식__02,sub:중앙_정부_공식__02,서브퀘스트,지금,상대,,,,20,148,ch18,,,좁힘,
,,sub:시리얼_01,sub:시리얼_01,서브퀘스트,지금,상대,,,,20,150,ch18,,,좁힘,
,,sub:러블리_드림_01,sub:러블리_드림_01,서브퀘스트,지금,상대,,,,25,161,ch19,,,좁힘,
,,sub:미실리스_연구팀_02,sub:미실리스_연구팀_02,서브퀘스트,지금,상대,,,,25,162,ch19,,,좁힘,
,,sub:롬_02,sub:롬_02,서브퀘스트,지금,상대,,,,25,163,ch19,,,좁힘,
,,sub:로망티스트_00,sub:로망티스트_00,서브퀘스트,지금,상대,,,,26,165,ch20,,,단위,
,,sub:미실리스_연구팀_03,sub:미실리스_연구팀_03,서브퀘스트,지금,상대,,,,26,167,ch20,,,좁힘,
,,char:401,char:401,호감도,지금,상대,,,,26,171,ch20,,,단위,
,,char:402,char:402,호감도,지금,상대,,,,26,173,ch20,,,단위,
,,S58,event_cherryblossom,이벤트,회상,상대,,,,32,183,,,,,꽃의 맹약 — 사쿠라 · 목단 · 로산나가 니케가 되기로 한 때(로산나가 아직 보스가 아니던 때)
,,event_ltk,event_ltk,이벤트,지금,상대,,,,34,187,ch20,,,단위,
,,char:392,char:392,호감도,지금,상대,,,,36,203,ch22,,,단위,
,,S80,char:380,호감도,회상,상대,,,,42,213,,,,,네로가 골목에서 만난 고양이와 지내다 비 오는 날 떠나보낸 과거(때는 밝혀지지 않음 — 말투로 보아 니케가 되기 전으로 추정)
,,char:351,char:351,호감도,지금,상대,,,,45,228,ch24,,,좁힘,
,,event_schooloflock,event_schooloflock,이벤트,지금,상대,,,,50,234,ch24,,,단위,
,,S95,char:450,호감도,회상,상대,,,,51,237,,,,,몇 년 전 나가 · 티아의 신입생 시절 — 첫 시험(지상 실전)과 두 번째 시험
,,sub:산해진미_01,sub:산해진미_01,서브퀘스트,지금,상대,,,,54,243,ch25,,,좁힘,
,,sub:로망티스트_01,sub:로망티스트_01,서브퀘스트,지금,상대,,,,55,247,ch26,,,좁힘,
,,sub:음악_애호가_01,sub:음악_애호가_01,서브퀘스트,지금,상대,,,,55,249,ch26,,,좁힘,
,,S114,event_neverland1,이벤트,회상,상대,,,,57,258,,,,,인간 시절 천사 고아원의 크리스마스 — 로열 후원 방문과 그날 밤 벨로타의 죽음
,,char:550,char:550,호감도,지금,상대,,,,71,290,ch28,,,단위,
,,S144,event_lastkingdom1,이벤트,회상,상대,,,,73,295,,,,,크라운과 차임의 첫 만남 — 크라운이 홀로 하이퍼 푸드 창고를 지키던 때
,,S150,event_goldencoinrush1,이벤트,회상,상대,,,,75,300,,,,,"본편 1년 전 — 작년 테트라 황금칩 쟁탈전(777 우승), 메이드 포 유는 구경만 했다"
,,S155,event_claymore,이벤트,회상,상대,,,,77,303,,,,,"클레이의 언더 아레나 시절 — 오팔 · 가넷 폐기 뒤의 경기와, 버려지기로 한 마지막 경기에서 베이의 응원"
,,char:833,char:833,호감도,지금,상대,,,,83,321,ch32,,,단위,
,,char:830,char:830,호감도,지금,상대,,,,83,322,ch32,,,단위,
,,char:831,char:831,호감도,지금,상대,,,,84,323,ch32,,,단위,
,,char:832,char:832,호감도,지금,상대,,,,85,324,ch32,,,단위,
,,char:580,char:580,호감도,지금,상대,,,,88,330,ch32,,,단위,
,,S175,side:wordless,사이드,회상,상대,,,,89,331,,,,,프로젝트 워드리스 홍보 사진을 찍던 날 — 슈엔 · 미하라 · 유니
,,S192,event_icedragonsaga1,이벤트,회상,상대,,,,94,347,,,,,"길로틴과 클로이의 만남 · 이세계 놀이(만난 지 1년 뒤 훈련), 이레귤러 총기 난사와 클로이의 혼수상태, 신병 메이든의 입대 — 클로이가 아이에서 성인이 될 만큼 오래전"
,,S216,side:mudfish,사이드,회상,상대,,,,107,370,,,,,"레비아탄의 회상 — 레비(니케 시절의 레비아탄)와 세이렌의 한 달, 세이렌이 우주에서 떨어진 지 수년 뒤"
,,S232,event_lordforjustice,이벤트,회상,상대,,,,112,385,,,,,K가 VII에게서 VII-1 병행 임무를 받던 때(기억 소거 전)
,,S258,fl:reborn_evil,이벤트,회상,상대,,,,124,407,,,,,교주 엘세리아 나인의 일기 — 남편의 혼수부터 [구원의 성화] 창시까지
,,fl:sin_editor,fl:sin_editor,이벤트,지금,상대,,,,135,430,ch42,,,단위,
,,S290,fl:sin_editor,이벤트,회상,상대,,,,135,430,,,,,레이블 · 아르카나 · 팬텀의 첫 만남과 에닉의 판결 — 레이블이 정보 조작 업무를 받은 무렵(시기 불명)
,,char:582,char:582,호감도,지금,상대,,,,135,431,ch42,,,단위,
,,S300,fl:lie_cause_recoil,이벤트,회상,상대,,,,138,438,,,,,카페 스위티의 옛 의뢰 — 아이를 팔아 니케로 만들던 고아원 조사(첫 임무 실패)
,,sub:이례의_기록자_00,sub:이례의_기록자_00,서브퀘스트,지금,불명,,,,5,17,ch04,,,,
,,sub:고스트_00,sub:고스트_00,서브퀘스트,지금,불명,,,,6,22,ch05,,,,
,,sub:코리_00,sub:코리_00,서브퀘스트,지금,불명,,,,7,30,ch06,,,,
,,sub:김작가_00,sub:김작가_00,서브퀘스트,지금,불명,,,,10,47,ch09,,,,
,,sub:스페이드_00,sub:스페이드_00,서브퀘스트,지금,불명,,,,11,52,ch10,,,,
,,sub:저스틴_00,sub:저스틴_00,서브퀘스트,지금,불명,,,,12,58,ch11,,,,
,,sub:테디_00,sub:테디_00,서브퀘스트,지금,불명,,,,13,63,ch12,,,,
,,sub:제니퍼f_00,sub:제니퍼f_00,서브퀘스트,지금,불명,,,,16,79,ch15,,,,
,,char:82,char:82,호감도,지금,불명,,,,17,98,ch16,,,,
,,char:32,char:32,호감도,지금,불명,,,,17,102,ch16,,,,
,,char:61,char:61,호감도,지금,불명,,,,17,103,ch16,,,,
,,char:141,char:141,호감도,지금,불명,,,,17,105,ch16,,,,
,,char:60,char:60,호감도,지금,불명,,,,17,107,ch16,,,,
,,char:150,char:150,호감도,지금,불명,,,,17,125,ch16,,,,
,,event_nocallerid,event_nocallerid,이벤트,지금,불명,,,,18,138,ch16,,,,
,,relic:jonathan_report,relic:jonathan_report,유실물,지금,불명,,,,26,166,ch20,,,,
,,sub:데이파라_00,sub:데이파라_00,서브퀘스트,지금,불명,,,,26,168,ch20,,,,
,,char:312,char:312,호감도,지금,불명,,,,29,177,ch20,,,,
,,event_bowwowparadise,event_bowwowparadise,이벤트,지금,불명,,,,31,181,ch20,,,,
,,char:381,char:381,호감도,지금,불명,,,,31,182,ch20,,,,
,,char:282,char:282,호감도,지금,불명,,,,32,185,ch20,,,,
,,char:40,char:40,호감도,지금,불명,,,,34,188,ch20,,,,
,,relic:특이랩쳐보고서-전,relic:특이랩쳐보고서-전,유실물,지금,불명,,,,35,193,ch21,,,,
,,relic:특이랩쳐보고서-후,relic:특이랩쳐보고서-후,유실물,지금,불명,,,,35,194,ch21,,,,
,,relic:에닉탄핵포스터,relic:에닉탄핵포스터,유실물,지금,불명,,,,36,199,ch22,,,,
,,char:380,char:380,호감도,지금,불명,,,,42,213,ch22,,,,
,,relic:필그림조우보고서,relic:필그림조우보고서,유실물,지금,불명,,,,43,217,ch23,,,,
,,event_goldenship,event_goldenship,이벤트,지금,불명,,,,44,224,ch24,,,,
,,char:350,char:350,호감도,지금,불명,,,,44,225,ch24,,,,
,,char:812,char:812,호감도,지금,불명,,,,48,232,ch24,,,,
,,char:811,char:811,호감도,지금,불명,,,,49,233,ch24,,,,
,,char:321,char:321,호감도,지금,불명,,,,50,235,ch24,,,,
,,char:450,char:450,호감도,지금,불명,,,,51,237,ch24,,,,
,,char:451,char:451,호감도,지금,불명,,,,52,238,ch24,,,,
,,relic:저주받은보석,relic:저주받은보석,유실물,지금,불명,,,,55,248,ch26,,,,
,,char:382,char:382,호감도,지금,불명,,,,61,264,ch26,,,,
,,char:310,char:310,호감도,지금,불명,,,,64,269,ch26,,,,
,,relic:조난일지,relic:조난일지,유실물,지금,불명,,,,66,279,ch28,,,,
,,char:822,char:822,호감도,지금,불명,,,,68,284,ch28,,,,
,,char:821,char:821,호감도,지금,불명,,,,68,285,ch28,,,,
,,char:820,char:820,호감도,지금,불명,,,,69,286,ch28,,,,
,,relic:반드시사수하라,relic:반드시사수하라,유실물,지금,불명,,,,72,292,ch29,,,,
,,relic:충격다크매터란무엇인가,relic:충격다크매터란무엇인가,유실물,지금,불명,,,,91,337,ch34,,,,
,,relic:알관련전달사항,relic:알관련전달사항,유실물,지금,불명,,,,101,359,ch35,,,,
,,relic:할일목록,relic:할일목록,유실물,지금,불명,,,,102,361,ch36,,,,
,,relic:주워갈것들메모,relic:주워갈것들메모,유실물,지금,불명,,,,108,374,ch37,,,,
,,relic:은색액체,relic:은색액체,유실물,지금,불명,,,,109,376,ch38,,,,
,,relic:거꾸로적힌기록,relic:거꾸로적힌기록,유실물,지금,불명,,,,127,415,ch41,,,,
,,relic:아무한테나말해주는거아니야.wav,relic:아무한테나말해주는거아니야.wav,유실물,지금,불명,,,,137,435,ch43,,,,
,,relic:거인을찾아서,relic:거인을찾아서,유실물,지금,불명,,,,138,437,ch44,,,,
,,char:570,char:570,호감도,지금,불명,,,,148,463,ch46,,,,
