order,tick,unit,source,archive_order,archive_id,event_id,type,name,date,parts,release_parts,scenes,scenes_text,substitute,prefab
146,18,event_nocallerid,아카이브,1,100,40001,스토리 이벤트,No Caller ID,2022-11-10,STORY 13,,13,13,,
157,20,event_hightechtoy,아카이브,15,1500,40002,스토리 이벤트,HIGHTECH TOY,2022-11-24,STORY 15,,15,15,,
159,21,event_miraclesnow1,아카이브,5,500,80100,스토리 이벤트,MIRACLE SNOW,2022-12-08,STORY I 14 · STORY II 14,,28,28,,
163,23,event_brandnewyear,아카이브,14,1400,40005,스토리 이벤트,BRAND NEW YEAR,2022-12-29,STORY 15,,15,15,,
171,26,event_doutsiders,아카이브,9,900,40006,스토리 이벤트,D-OUTSIDERS,2023-01-12,STORY 12,,12,12,,
177,28,event_maidinvalentine,아카이브,10,1000,40007,스토리 이벤트,Maid in Valentine,2023-02-01,STORY 15,,15,15,,
183,31,event_bowwowparadise,아카이브,3,300,40010,스토리 이벤트,BOW-WOW PARADISE,2023-03-15,STORY 15,,15,15,,
185,32,event_cherryblossom,아카이브,8,800,40011,스토리 이벤트,CHERRY BLOSSOM,2023-03-30,STORY 15,,15,15,,
188,33,event_fullfoolday,아카이브,58,1000200,130001,특별 이벤트,FULL FOOL DAY,2023-04-01,(파트 없음) 12,,12,12,,fullfoolday
189,34,event_ltk,아카이브,4,400,40012,스토리 이벤트,License to Kill,2023-04-13,STORY 15,,15,15,,
203,36,event_overzone,아카이브,2,200,1080300,스토리 이벤트,OVER ZONE,2023-04-27,STORY I 14 · STORY II 14,STORY I 2023-04-27; STORY II 2023-05-04,28,28,,
207,37,event_BunnyX777,아카이브,11,1100,40014,스토리 이벤트,Bunny x 777,2023-05-18,STORY 15,,15,15,,
210,39,event_queensorder,아카이브,6,600,40015,스토리 이벤트,Queen's Order,2023-06-01,STORY 15,,15,15,,
212,40,event_bluewaterisland,아카이브,18,1800,80400,스토리 이벤트,BLUEWATER ISLAND,2023-06-15,STORY I 14 · STORY II 14,STORY I 2023-06-15; STORY II 2023-06-22,28,28,,
215,42,event_nyanyaparadise,아카이브,7,700,40022,스토리 이벤트,NYA NYA PARADISE,2023-07-06,STORY 15,,15,15,,
224,44,event_goldenship,아카이브,16,1600,40023,스토리 이벤트,Golden Ship,2023-07-20,STORY 15,,15,15,,
226,45,event_seayouagain1,아카이브,19,1900,80600,스토리 이벤트,"SEA, YOU, AGAIN",2023-08-03,STORY I 14 · STORY II 14,STORY I 2023-08-03; STORY II 2023-08-10,28,28,,
230,47,event_firstaffection,아카이브,57,1000100,130002,특별 이벤트,First Affection,2023-08-24,(파트 없음) 8,,8,8,,firstaffection
234,50,event_schooloflock,아카이브,12,1200,40028,스토리 이벤트,SCHOOL OF LOCK,2023-09-21,STORY 15,,15,15,,
236,51,event_dazzlingcupid,아카이브,17,1700,40029,스토리 이벤트,DAZZLING CUPID,2023-10-05,STORY 15,,15,15,,
239,53,event_freezeacpu,아카이브,20,2000,40030,스토리 이벤트,A.C.P.U.! FREEZE!,2023-10-19,STORY 15,,15,15,,
248,55,event_redash,아카이브,13,1300,80800,스토리 이벤트,RED ASH,2023-11-02,STORY I 14 · STORY II 14,STORY I 2023-11-02; STORY II 2023-11-09,28,28,,
253,56,event_alonesurvivor,아카이브,27,2700,40033,스토리 이벤트,ALONE SURVIVOR,2023-11-23,STORY 15,,15,15,,
255,57,event_neverland1,아카이브,25,2500,80900,스토리 이벤트,NEVERLAND,2023-12-07,STORY I 14 · STORY II 14,STORY I 2023-12-07; STORY II 2023-12-14,28,28,,
258,59,event_newyearnewsword,아카이브,24,2400,40036,스토리 이벤트,"NEW YEAR, NEW SWORD",2023-12-28,STORY 15,,15,15,,
260,61,event_lionheart,아카이브,22,2200,40037,스토리 이벤트,LION HEART,2024-01-11,STORY 15,,15,15,,
262,62,event_dirtybackyard,아카이브,21,2100,40038,스토리 이벤트,DIRTY BACKYARD,2024-01-25,STORY 15,,15,15,,
264,63,event_perfectmaid,아카이브,28,2800,40039,스토리 이벤트,PERFECT MAID,2024-02-05,STORY 15,,15,15,,
280,66,event_boomsday,아카이브,29,2900,40040,스토리 이벤트,BOOMS DAY,2024-02-22,STORY 15,,15,15,,
282,67,event_killthelord,아카이브,32,3200,40043,스토리 이벤트,KILL THE LORD,2024-03-07,STORY 15,,15,15,,
287,70,event_liarsend,아카이브,59,1000300,130004,특별 이벤트,LIAR'S END,2024-04-01,(파트 없음) 12,,12,12,,liarsend
289,71,event_onemoretime,아카이브,30,3000,40044,스토리 이벤트,ONE MORE TIME,2024-04-11,STORY 15,,15,15,,
295,73,event_lastkingdom1,아카이브,23,2300,81200,스토리 이벤트,LAST KINGDOM,2024-04-25,STORY I 19 · STORY II 20,STORY I 2024-04-25; STORY II 2024-05-02,39,39,,
298,74,event_darkhero,아카이브,26,2600,40047,스토리 이벤트,D.ARK HERO,2024-05-16,STORY 15,,15,15,,
300,75,event_goldencoinrush1,아카이브,38,3800,81300,스토리 이벤트,GOLDEN COIN RUSH,2024-05-30,STORY I 18 · STORY II 20,STORY I 2024-05-30; STORY II 2024-06-06,38,38,,
303,77,event_claymore,아카이브,33,3300,40050,스토리 이벤트,"CLAY, MORE!",2024-06-20,STORY 15,,15,15,,
305,78,event_beautyfullshot1,아카이브,36,3600,81400,스토리 이벤트,BEAUTY FULL SHOT,2024-07-04,STORY I 14 · STORY II 14,STORY I 2024-07-04; STORY II 2024-07-11,28,28,,
317,81,event_juveniledays,아카이브,34,3400,40053,스토리 이벤트,JUVENILE DAYS,2024-07-25,STORY 15,,15,15,,
319,82,event_colorless,아카이브,35,3500,40054,스토리 이벤트,COLORLESS,2024-08-08,STORY 15,,15,15,,
325,86,event_jinxplayer,아카이브,37,3700,40058,스토리 이벤트,JINX PLAYER,2024-09-19,STORY 15,,15,15,,
326,86,event_nonsensered,아카이브,60,1000400,130005,특별 이벤트,Nonsense Red,2024-09-19,(파트 없음) 7,,7,7,,nonsensered
328,87,event_phantomthiefvsdetective,아카이브,40,4000,40059,스토리 이벤트,PHANTOM THIEF VS DETECTIVE,2024-10-03,STORY 15,,15,15,,
332,89,event_lifeagain,아카이브,41,4100,40060,스토리 이벤트,LIFE AGAIN,2024-10-17,STORY 15,,15,15,,
338,91,event_oldtales1,아카이브,31,3100,81600,스토리 이벤트,OLD TALES,2024-10-31,STORY I 14 · STORY II 14,STORY I 2024-10-31; STORY II 2024-11-07,28,28,,
345,93,event_secretgarden,아카이브,45,4500,40063,스토리 이벤트,SECRET GARDEN,2024-11-21,STORY 15,,15,15,,
347,94,event_icedragonsaga1,아카이브,42,4200,81700,스토리 이벤트,ICE DRAGON SAGA,2024-12-05,STORY I 14 · STORY II 14,STORY I 2024-12-05; STORY II 2024-12-12,28,28,,
350,96,event_footstepwalkrun1,아카이브,43,4300,40066,스토리 이벤트,"FOOTSTEP, WALK, RUN",2024-12-26,STORY I 28,STORY I 2024-12-26; STORY II 2025-01-02,28,28,,
351,97,event_outofuniform,아카이브,61,1000500,130006,특별 이벤트,OUT OF UNIFORM,2025-01-01,(파트 없음) 6,,6,6,,outofuniform
353,98,event_wisdomspring,아카이브,46,4600,40068,스토리 이벤트,WISDOM SPRING,2025-01-16,STORY 15,,15,15,,
355,99,event_romanticvalentine,아카이브,44,4400,40069,스토리 이벤트,ROMANTIC VALENTINE,2025-01-30,STORY 15,,15,15,,
365,104,fl:for_rest,아카이브,52,5200,40072,스토리 이벤트,FOR REST,2025-03-13,STORY 15,,15,0,event_forrest,
367,105,event_newflavor,아카이브,53,5300,40073,스토리 이벤트,NEW FLAVOR,2025-03-27,STORY 15,,15,15,,
369,106,event_foolburstday,아카이브,62,1000600,130007,특별 이벤트,FOOL BURST DAY,2025-04-01,(파트 없음) 16,,16,16,,foolburstday
371,107,event_trueflavor,아카이브,54,5400,40074,스토리 이벤트,TRUE FLAVOR,2025-04-10,STORY 15,,15,15,,
377,109,event_unbreakablesphere1,아카이브,39,3900,82000,스토리 이벤트,UNBREAKABLE SPHERE,2025-04-24,STORY I 14 · STORY II 14,STORY I 2025-04-24; STORY II 2025-05-01,28,28,,
383,111,event_arcanearchive,아카이브,55,5500,40077,스토리 이벤트,ARCANE ARCHIVE,2025-05-15,STORY 15,,15,15,,
385,112,event_lordforjustice,아카이브,48,4800,40078,스토리 이벤트,"LORD, FOR JUSTICE",2025-05-29,STORY 15,,15,15,,
387,113,event_ce006,아카이브,49,4900,82100,스토리 이벤트,MEMORIES TELLER,2025-06-12,STORY I 14 · STORY II 20,STORY I 2025-06-12; STORY II 2025-06-19,34,34,,
391,115,event_overthehorizon,아카이브,50,5000,40081,스토리 이벤트,OVER THE HORIZON,2025-07-03,STORY 15,,15,15,,
393,116,fl:boom_the_ghost,아카이브,51,5100,82400,스토리 이벤트,BOOM! THE GHOST!,2025-07-17,STORY I 14 · STORY II 14,STORY I 2025-07-17; STORY II 2025-07-24,28,0,event_boomtheghost1,
400,119,fl:absolute,금서고,,,,,ABSOLUTE,2025-08-07,,STORY I 2025-08-07; STORY II 2025-08-14,28,28,,
404,122,fl:coins_in_rush,금서고,,,,,COINS IN RUSH,2025-09-04,,STORY I 2025-09-04; STORY II 2025-09-11,28,28,,
407,124,fl:reborn_evil,금서고,,,,,REBORN EVIL,2025-09-24,,STORY I 2025-09-24; STORY II 2025-10-02,28,28,,
412,126,fl:go_ninja_thief,금서고,,,,,GO! NINJA THIEF!,2025-10-16,,,15,15,,
418,128,event_goddessfall1,아카이브,47,4700,82700,스토리 이벤트,GODDESS FALL,2025-10-30,STORY I 14 · STORY II 14,STORY I 2025-10-30; STORY II 2025-11-06,28,28,,
423,130,fl:blank_ticket,금서고,,,,,BLANK TICKET,2025-11-20,,,15,15,,
425,131,fl:terminus_ticket,금서고,,,,,TERMINUS TICKET,2025-12-04,,STORY I 2025-12-04; STORY II 2025-12-11,28,28,,
428,133,fl:ark_guardian,금서고,,,,,ARK GUARDIAN,2025-12-30,,STORY I 2025-12-30; STORY II 2026-01-06,28,28,,
430,135,fl:sin_editor,금서고,,,,,SIN EDITOR,2026-01-15,,,15,15,,
432,136,fl:fatal_maid,금서고,,,,,FATAL MAID,2026-01-29,,,15,15,,
438,138,fl:lie_cause_recoil,금서고,,,,,LIE CAUSE RECOIL,2026-02-12,,STORY I 2026-02-12; STORY II 2026-02-19,28,28,,
442,140,fl:enter_heaven,금서고,,,,,ENTER HEAVEN,2026-03-05,,,15,15,,
444,141,fl:2x2_love_1ch,금서고,,,,,2X2 LOVE 1부,2026-03-19,,STORY I 2026-03-19; STORY II 2026-03-26,54,54,,
445,141,fl:2x2_love_2ch,금서고,,,,,2X2 LOVE 2부,2026-03-19,,STORY I 2026-03-19; STORY II 2026-03-26,63,63,,
448,142,fl:good_world,금서고,,,,,GOOD WORLD,2026-04-09,,,15,15,,
454,144,event_staranis1,아카이브,56,5600,83000,스토리 이벤트,STAR ANIS,2026-04-23,STORY I 14 · STORY II 14,STORY I 2026-04-23; STORY II 2026-04-30,28,28,,
458,146,fl:b-side_idol,금서고,,,,,B-SIDE IDOL,2026-05-14,,,15,15,,
460,147,fl:bitter_spice,금서고,,,,,BITTER SPICE,2026-05-28,,,15,15,,
462,148,fl:ark_ranger,금서고,,,,,ARK RANGER,2026-06-11,,STORY I 2026-06-11; STORY II 2026-06-18,28,28,,
464,149,fl:wave_to_you,금서고,,,,,WAVE TO YOU,2026-07-02,,STORY I 2026-07-02; STORY II 2026-07-09,28,28,,
467,151,fl:project_matis,금서고,,,,,PROJECT MATIS,2026-07-23,,STORY I 2026-07-23; STORY II 2026-07-30,28,28,,
474,154,fl:persona_on_frontline,금서고,,,,,PERSONA ON FRONTLINE,2026-08-13,,STORY I 2026-08-13; STORY II 2026-08-20,28,28,,
478,156,fl:great_villain_union,금서고,,,,,GREAT VILLAIN UNION,2026-09-03,,,15,15,,
