tick,date,main,count,units
1,2022-11-04,ch00,1,ch00
2,2022-11-04,ch01,1,ch01
3,2022-11-04,ch02,3,ch02 sub:칠리페퍼_00 sub:테트라_커넥트_00
4,2022-11-04,ch03,2,ch03 sub:세르반_00
5,2022-11-04,ch04,1,ch04
6,2022-11-04,ch05,2,ch05 sub:중앙_정부_공식__00
7,2022-11-04,ch06,31,ch06 relic:어느남자의수기 sub:콜렉터_00 sub:콜렉터_01 relic:생존가이드1 relic:통화기록017515 relic:방주추첨권 sub:트레저_헌터_00 sub:트레저_헌터_01 sub:트레저_헌터_02 sub:트레저_헌터_03 sub:이례의_기록자_00 sub:랩칠리언_00 sub:랩칠리언_01 sub:랩칠리언_02 sub:랩칠리언_03 sub:랩칠리언_04 sub:랩칠리언_05 sub:랩칠리언_06 sub:할아범_00 relic:갓데스스쿼드리포트 sub:고스트_00 sub:시리얼_00 sub:시리얼_01 sub:산해진미_00 sub:산해진미_01 relic:니케실험대상자모집 relic:통화기록028594 sub:세르반_01 sub:저스틴_00 relic:니케실험반대피켓
8,2022-11-04,ch07,8,ch07 sub:중앙_정부_공식__01 sub:세르반_02 sub:스페이드_00 sub:러블리_드림_00 sub:러블리_드림_01 relic:채팅로그_얼리어답터 d_ex_elevator_01
9,2022-11-04,ch08,5,ch08 sub:칠리페퍼_01 sub:든_셀_00 relic:광고팜플렛 relic:UFO챈.zip
10,2022-11-04,ch09,7,ch09 sub:테디_00 sub:미실리스_연구팀_00 sub:미실리스_연구팀_01 sub:미실리스_연구팀_02 sub:미실리스_연구팀_03 relic:지휘관모집공고
11,2022-11-04,ch10,6,ch10 sub:코리_00 sub:롬_00 sub:롬_01 sub:롬_02 relic:어느소녀의수기
12,2022-11-04,ch11,5,ch11 sub:음악_애호가_00 sub:음악_애호가_01 relic:기업-랩쳐음모론 relic:구시대의플레이리스트
13,2022-11-04,ch12,3,ch12 sub:숲속요정_00 relic:어느의사의수기
14,2022-11-04,ch13,4,ch13 sub:세르반_03 sub:철도로GO_00 relic:여자친구의편지
15,2022-11-04,ch14,5,ch14 sub:칠리페퍼_02 sub:알콜러버_00 relic:기후변화보고서 relic:인터넷BJ라이브방송녹화분
16,2022-11-04,ch15,2,ch15 relic:종말의서
17,2022-11-04,ch16,59,ch16 sub:방주_난민_00 sub:방주_난민_01 sub:방주_난민_02 sub:방주_난민_03 relic:장보기목록 char:180 char:11 char:212 char:232 char:430 char:20 char:202 char:101 char:72 char:221 char:10 char:190 char:200 char:82 char:102 char:130 char:181 char:32 char:61 char:161 char:141 char:91 char:60 char:431 char:70 char:80 char:71 char:140 char:220 char:22 char:12 char:432 char:172 char:191 char:201 char:291 char:241 char:210 char:90 char:160 char:150 char:171 char:92 char:231 char:110 char:131 char:30 char:242 char:170 char:142 char:230 char:222 char:120
18,2022-11-10,,2,event_nocallerid char:352
19,2022-11-24,ch17,4,ch17 sub:제니퍼f_00 relic:모바일_보이스피싱_광고_모음.zip relic:니케제작보고서요약본
20,2022-11-24,ch18,7,ch18 sub:테트라_커넥트_01 sub:중앙_정부_공식__02 sub:김작가_00 relic:XX중학교가정통신문 event_hightechtoy char:100
21,2022-12-08,,3,event_miraclesnow1 char:193 char:203
22,2022-12-15,,1,char:121
23,2022-12-29,,1,event_brandnewyear
24,2023-01-01,,1,char:260
25,2023-01-12,ch19,3,ch19 sub:데이파라_00 relic:데일리아크기사스크랩
26,2023-01-12,ch20,8,ch20 sub:로망티스트_00 relic:jonathan_report event_doutsiders char:400 char:401 char:111 char:402
27,2023-01-19,,1,char:112
28,2023-02-01,,2,event_maidinvalentine char:311
29,2023-02-08,,1,char:312
30,2023-02-22,,3,char:800 char:801 char:802
31,2023-03-15,,2,event_bowwowparadise char:381
32,2023-03-30,,3,event_cherryblossom char:261 char:282
33,2023-04-01,,1,event_fullfoolday
34,2023-04-13,,2,event_ltk char:40
35,2023-04-27,ch21,6,ch21 sub:에덴_Notice_00 sub:에덴_Notice_01 sub:에덴_Notice_02 relic:특이랩쳐보고서-전 relic:특이랩쳐보고서-후
36,2023-04-27,ch22,10,ch22 sub:문구점_00 sub:중앙정부_트라이앵글_00 sub:2호_쉘터_관리계정_00 sub:할아범_01 relic:에닉탄핵포스터 event_overzone erelic:white_memory char:233 char:392
37,2023-05-18,,2,event_BunnyX777 char:270
38,2023-05-25,,1,char:271
39,2023-06-01,,2,event_queensorder char:280
40,2023-06-15,,2,event_bluewaterisland char:132
41,2023-06-22,,1,char:14
42,2023-07-06,,2,event_nyanyaparadise char:380
43,2023-07-20,ch23,4,ch23 sub:상인연합_달란트_00 sub:콜렉터_02 relic:필그림조우보고서
44,2023-07-20,ch24,5,ch24 sub:해결사_카페_스위티_00 relic:긴급뉴스대본_FB_3_final_2.pdf event_goldenship char:350
45,2023-08-03,,3,event_seayouagain1 char:15 char:351
46,2023-08-10,,1,char:353
47,2023-08-24,,1,event_firstaffection
48,2023-09-01,,2,char:810 char:812
49,2023-09-08,,1,char:811
50,2023-09-21,,2,event_schooloflock char:321
51,2023-10-05,,2,event_dazzlingcupid char:450
52,2023-10-12,,1,char:451
53,2023-10-19,,2,event_freezeacpu char:33
54,2023-11-02,ch25,3,ch25 sub:중앙정부_프로토콜_00 relic:마더웨일아종목격보고.wav
55,2023-11-02,ch26,9,ch26 sub:로망티스트_01 sub:코인_러시_00 relic:저주받은보석 event_redash erelic:red_ash_lost erelic:red_ash_mini char:470 char:224
56,2023-11-23,,2,event_alonesurvivor char:192
57,2023-12-07,,2,event_neverland1 char:194
58,2023-12-14,,1,char:62
59,2023-12-28,,1,event_newyearnewsword
60,2024-01-01,,1,char:225
61,2024-01-11,,2,event_lionheart char:382
62,2024-01-25,,2,event_dirtybackyard char:281
63,2024-02-05,,2,event_perfectmaid char:313
64,2024-02-15,,1,char:310
65,2024-02-22,ch27,6,ch27 sub:피라_00 sub:피라_01 sub:피라_02 sub:트윙클_00 relic:잘지내라친구
66,2024-02-22,ch28,9,ch28 sub:택틱컬틱택_00 sub:택틱컬틱택_01 sub:핸섬_커맨더_00 sub:핸섬_커맨더_01 sub:MMR지킴이_00 relic:조난일지 event_boomsday char:500
67,2024-03-07,,2,event_killthelord char:43
68,2024-03-21,,2,char:822 char:821
69,2024-03-28,,1,char:820
70,2024-04-01,,1,event_liarsend
71,2024-04-11,,3,side:second_affection event_onemoretime char:550
72,2024-04-25,ch29,2,ch29 relic:반드시사수하라
73,2024-04-25,ch30,5,ch30 relic:하모니큐브관찰일지 event_lastkingdom1 char:330 char:361
74,2024-05-16,,2,event_darkhero char:501
75,2024-05-30,,2,event_goldencoinrush1 char:314
76,2024-06-06,,1,char:195
77,2024-06-20,,2,event_claymore char:551
78,2024-07-04,,2,event_beautyfullshot1 char:284
79,2024-07-11,,1,char:283
80,2024-07-25,ch31,2,ch31 relic:말뚝프로젝트보고서
81,2024-07-25,ch32,9,ch32 sub:관짝이_00 sub:거울_공주_00 sub:관짝이_01 sub:관짝이_02 sub:거울_공주_01 relic:수정지역깊은곳어딘가 event_juveniledays char:391
82,2024-08-08,,2,event_colorless char:390
83,2024-08-22,,2,char:833 char:830
84,2024-08-29,,1,char:831
85,2024-09-05,,1,char:832
86,2024-09-19,,3,event_jinxplayer event_nonsensered char:272
87,2024-10-03,,2,event_phantomthiefvsdetective char:403
88,2024-10-10,,1,char:580
89,2024-10-17,,3,side:wordless event_lifeagain char:240
90,2024-10-31,ch33,2,ch33 relic:소녀의일기-절망편-
91,2024-10-31,ch34,8,ch34 relic:충격다크매터란무엇인가 event_oldtales1 erelic:old_tales_dialog erelic:old_tales_lost erelic:old_tales_mini_memory char:226 char:511
92,2024-11-07,,1,char:514
93,2024-11-21,,2,event_secretgarden char:411
94,2024-12-05,,2,event_icedragonsaga1 char:183
95,2024-12-12,,1,char:182
96,2024-12-26,,1,event_footstepwalkrun1
97,2025-01-01,,2,event_outofuniform char:16
98,2025-01-16,,2,event_wisdomspring char:290
99,2025-01-30,,2,event_romanticvalentine char:354
100,2025-02-06,,1,char:355
101,2025-02-20,ch35,2,ch35 relic:알관련전달사항
102,2025-02-20,ch36,4,ch36 relic:할일목록 char:836 char:835
103,2025-02-27,,1,char:834
104,2025-03-13,,2,fl:for_rest char:412
105,2025-03-27,,2,event_newflavor char:520
106,2025-04-01,,1,event_foolburstday
107,2025-04-10,,3,side:mudfish event_trueflavor char:521
108,2025-04-24,ch37,2,ch37 relic:주워갈것들메모
109,2025-04-24,ch38,7,ch38 relic:은색액체 event_unbreakablesphere1 erelic:unbreakable_sphere_dialog erelic:unbreakable_sphere_lost char:513 char:590
110,2025-05-01,,1,char:162
111,2025-05-15,,2,event_arcanearchive char:581
112,2025-05-29,,2,event_lordforjustice char:41
113,2025-06-12,,3,event_ce006 char:852 char:850
114,2025-06-19,,1,char:851
115,2025-07-03,,2,event_overthehorizon char:532
116,2025-07-17,,2,fl:boom_the_ghost char:234
117,2025-07-24,,1,char:502
118,2025-08-07,ch39,2,ch39 relic:정갈하게쓴기록
119,2025-08-07,ch40,4,ch40 relic:어떤소녀의그림일기 fl:absolute char:93
120,2025-08-14,,1,char:95
121,2025-08-21,,1,char:94
122,2025-09-04,,2,fl:coins_in_rush char:315
123,2025-09-11,,1,char:143
124,2025-09-24,,3,fl:reborn_evil char:840 char:842
125,2025-10-02,,1,char:841
126,2025-10-16,,3,side:eden_spear fl:go_ninja_thief char:23
127,2025-10-30,ch41,2,ch41 relic:거꾸로적힌기록
128,2025-10-30,ch42,6,ch42 relic:주의용광로사용법 event_goddessfall1 erelic:goddess_fall_mini char:223 char:331
129,2025-11-06,,1,char:262
130,2025-11-20,,2,fl:blank_ticket char:74
131,2025-12-04,,2,fl:terminus_ticket char:75
132,2025-12-11,,1,char:73
133,2025-12-30,,1,fl:ark_guardian
134,2026-01-01,,1,char:471
135,2026-01-15,,2,fl:sin_editor char:582
136,2026-01-29,,2,fl:fatal_maid char:316
137,2026-02-12,ch43,2,ch43 relic:아무한테나말해주는거아니야.wav
138,2026-02-12,ch44,5,ch44 relic:거인을찾아서 fl:lie_cause_recoil char:860 char:862
139,2026-02-19,,1,char:861
140,2026-03-05,,2,fl:enter_heaven char:113
141,2026-03-19,,3,fl:2x2_love_1ch fl:2x2_love_2ch char:583
142,2026-04-09,,3,side:pretty_star fl:good_world char:620
143,2026-04-23,ch45,2,ch45 relic:신에게닿기위한탑
144,2026-04-23,ch46,5,ch46 relic:궤도엘리베이터음모론 event_staranis1 char:17 char:441
145,2026-04-30,,1,char:18
146,2026-05-14,,2,fl:b-side_idol char:600
147,2026-05-28,,2,fl:bitter_spice char:601
148,2026-06-11,,2,fl:ark_ranger char:570
149,2026-07-02,,2,fl:wave_to_you char:515
150,2026-07-09,,1,char:322
151,2026-07-23,,2,fl:project_matis char:103
152,2026-07-30,,1,char:105
153,2026-08-13,ch47,2,ch47 relic:승리를_부르는_그림자
154,2026-08-13,ch48,5,ch48 relic:불길한_소리.wav fl:persona_on_frontline char:872 char:870
155,2026-08-20,,1,char:871
156,2026-09-03,,2,fl:great_villain_union char:104
157,2026-09-17,,1,char:404
158,2026-09-24,,1,char:405
