order,tick,unit,kind,date,rank,via,from,basis,confidence
1,1,ch00,메인,2022-11-04,1,공개일,,출시일,확실
2,2,ch01,메인,2022-11-04,1,공개일,,출시일,확실
3,3,ch02,메인,2022-11-04,1,공개일,,출시일,확실
4,3,sub:칠리페퍼_00,서브퀘스트,2022-11-04,1,딸림,ch02,딸림,확실
5,3,sub:테트라_커넥트_00,서브퀘스트,2022-11-04,1,딸림,ch02,딸림,확실
6,4,ch03,메인,2022-11-04,1,공개일,,출시일,확실
7,4,sub:세르반_00,서브퀘스트,2022-11-04,1,딸림,ch03,딸림,확실
8,5,ch04,메인,2022-11-04,1,공개일,,출시일,확실
9,6,ch05,메인,2022-11-04,1,공개일,,출시일,확실
10,6,sub:중앙_정부_공식__00,서브퀘스트,2022-11-04,1,딸림,ch05,딸림,확실
11,7,ch06,메인,2022-11-04,1,공개일,,출시일,확실
12,7,relic:어느남자의수기,유실물,2022-11-04,1,딸림,ch06,딸림,확실
13,7,sub:콜렉터_00,서브퀘스트,2022-11-04,1,딸림,ch06,딸림,확실
14,7,sub:콜렉터_01,서브퀘스트,2022-11-04,1,딸림,ch06,딸림,확실
15,7,relic:생존가이드1,유실물,2022-11-04,1,딸림,ch06,딸림,확실
16,7,relic:통화기록017515,유실물,2022-11-04,1,딸림,ch06,딸림,확실
17,7,relic:방주추첨권,유실물,2022-11-04,1,딸림,ch06,딸림,확실
18,7,sub:트레저_헌터_00,서브퀘스트,2022-11-04,1,딸림,ch06,딸림,확실
19,7,sub:트레저_헌터_01,서브퀘스트,2022-11-04,1,딸림,ch06,딸림,확실
20,7,sub:트레저_헌터_02,서브퀘스트,2022-11-04,1,딸림,ch06,딸림,확실
21,7,sub:트레저_헌터_03,서브퀘스트,2022-11-04,1,딸림,ch06,딸림,확실
22,7,sub:이례의_기록자_00,서브퀘스트,2022-11-04,1,딸림,ch06,딸림,확실
23,7,sub:랩칠리언_00,서브퀘스트,2022-11-04,1,딸림,ch06,딸림,확실
24,7,sub:랩칠리언_01,서브퀘스트,2022-11-04,1,딸림,ch06,딸림,확실
25,7,sub:랩칠리언_02,서브퀘스트,2022-11-04,1,딸림,ch06,딸림,확실
26,7,sub:랩칠리언_03,서브퀘스트,2022-11-04,1,딸림,ch06,딸림,확실
27,7,sub:랩칠리언_04,서브퀘스트,2022-11-04,1,딸림,ch06,딸림,확실
28,7,sub:랩칠리언_05,서브퀘스트,2022-11-04,1,딸림,ch06,딸림,확실
29,7,sub:랩칠리언_06,서브퀘스트,2022-11-04,1,딸림,ch06,딸림,확실
30,7,sub:할아범_00,서브퀘스트,2022-11-04,1,딸림,ch06,딸림,확실
31,7,relic:갓데스스쿼드리포트,유실물,2022-11-04,1,딸림,ch06,딸림,확실
32,7,sub:고스트_00,서브퀘스트,2022-11-04,1,딸림,ch06,딸림,확실
33,7,sub:시리얼_00,서브퀘스트,2022-11-04,1,딸림,ch06,딸림,확실
34,7,sub:시리얼_01,서브퀘스트,2022-11-04,1,딸림,ch06,딸림,확실
35,7,sub:산해진미_00,서브퀘스트,2022-11-04,1,딸림,ch06,딸림,확실
36,7,sub:산해진미_01,서브퀘스트,2022-11-04,1,딸림,ch06,딸림,확실
37,7,relic:니케실험대상자모집,유실물,2022-11-04,1,딸림,ch06,딸림,확실
38,7,relic:통화기록028594,유실물,2022-11-04,1,딸림,ch06,딸림,확실
39,7,sub:세르반_01,서브퀘스트,2022-11-04,1,딸림,ch06,딸림,확실
40,7,sub:저스틴_00,서브퀘스트,2022-11-04,1,딸림,ch06,딸림,확실
41,7,relic:니케실험반대피켓,유실물,2022-11-04,1,딸림,ch06,딸림,확실
42,8,ch07,메인,2022-11-04,1,공개일,,출시일,확실
43,8,sub:중앙_정부_공식__01,서브퀘스트,2022-11-04,1,딸림,ch07,딸림,확실
44,8,sub:세르반_02,서브퀘스트,2022-11-04,1,딸림,ch07,딸림,확실
45,8,sub:스페이드_00,서브퀘스트,2022-11-04,1,딸림,ch07,딸림,확실
46,8,sub:러블리_드림_00,서브퀘스트,2022-11-04,1,딸림,ch07,딸림,확실
47,8,sub:러블리_드림_01,서브퀘스트,2022-11-04,1,딸림,ch07,딸림,확실
48,8,relic:채팅로그_얼리어답터,유실물,2022-11-04,1,딸림,ch07,딸림,확실
49,8,d_ex_elevator_01,그 밖,2022-11-04,1,딸림,ch07,딸림,확실
50,9,ch08,메인,2022-11-04,1,공개일,,출시일,확실
51,9,sub:칠리페퍼_01,서브퀘스트,2022-11-04,1,딸림,ch08,딸림,확실
52,9,sub:든_셀_00,서브퀘스트,2022-11-04,1,딸림,ch08,딸림,확실
53,9,relic:광고팜플렛,유실물,2022-11-04,1,딸림,ch08,딸림,확실
54,9,relic:UFO챈.zip,유실물,2022-11-04,1,딸림,ch08,딸림,확실
55,10,ch09,메인,2022-11-04,1,공개일,,출시일,확실
56,10,sub:테디_00,서브퀘스트,2022-11-04,1,딸림,ch09,딸림,확실
57,10,sub:미실리스_연구팀_00,서브퀘스트,2022-11-04,1,딸림,ch09,딸림,확실
58,10,sub:미실리스_연구팀_01,서브퀘스트,2022-11-04,1,딸림,ch09,딸림,확실
59,10,sub:미실리스_연구팀_02,서브퀘스트,2022-11-04,1,딸림,ch09,딸림,확실
60,10,sub:미실리스_연구팀_03,서브퀘스트,2022-11-04,1,딸림,ch09,딸림,확실
61,10,relic:지휘관모집공고,유실물,2022-11-04,1,딸림,ch09,딸림,확실
62,11,ch10,메인,2022-11-04,1,공개일,,출시일,확실
63,11,sub:코리_00,서브퀘스트,2022-11-04,1,딸림,ch10,딸림,확실
64,11,sub:롬_00,서브퀘스트,2022-11-04,1,딸림,ch10,딸림,확실
65,11,sub:롬_01,서브퀘스트,2022-11-04,1,딸림,ch10,딸림,확실
66,11,sub:롬_02,서브퀘스트,2022-11-04,1,딸림,ch10,딸림,확실
67,11,relic:어느소녀의수기,유실물,2022-11-04,1,딸림,ch10,딸림,확실
68,12,ch11,메인,2022-11-04,1,공개일,,출시일,확실
69,12,sub:음악_애호가_00,서브퀘스트,2022-11-04,1,딸림,ch11,딸림,확실
70,12,sub:음악_애호가_01,서브퀘스트,2022-11-04,1,딸림,ch11,딸림,확실
71,12,relic:기업-랩쳐음모론,유실물,2022-11-04,1,딸림,ch11,딸림,확실
72,12,relic:구시대의플레이리스트,유실물,2022-11-04,1,딸림,ch11,딸림,확실
73,13,ch12,메인,2022-11-04,1,공개일,,출시일,확실
74,13,sub:숲속요정_00,서브퀘스트,2022-11-04,1,딸림,ch12,딸림,확실
75,13,relic:어느의사의수기,유실물,2022-11-04,1,딸림,ch12,딸림,확실
76,14,ch13,메인,2022-11-04,1,공개일,,출시일,확실
77,14,sub:세르반_03,서브퀘스트,2022-11-04,1,딸림,ch13,딸림,확실
78,14,sub:철도로GO_00,서브퀘스트,2022-11-04,1,딸림,ch13,딸림,확실
79,14,relic:여자친구의편지,유실물,2022-11-04,1,딸림,ch13,딸림,확실
80,15,ch14,메인,2022-11-04,1,공개일,,출시일,확실
81,15,sub:칠리페퍼_02,서브퀘스트,2022-11-04,1,딸림,ch14,딸림,확실
82,15,sub:알콜러버_00,서브퀘스트,2022-11-04,1,딸림,ch14,딸림,확실
83,15,relic:기후변화보고서,유실물,2022-11-04,1,딸림,ch14,딸림,확실
84,15,relic:인터넷BJ라이브방송녹화분,유실물,2022-11-04,1,딸림,ch14,딸림,확실
85,16,ch15,메인,2022-11-04,1,공개일,,출시일,확실
86,16,relic:종말의서,유실물,2022-11-04,1,딸림,ch15,딸림,확실
87,17,ch16,메인,2022-11-04,1,공개일,,출시일,확실
88,17,sub:방주_난민_00,서브퀘스트,2022-11-04,1,딸림,ch16,딸림,확실
89,17,sub:방주_난민_01,서브퀘스트,2022-11-04,1,딸림,ch16,딸림,확실
90,17,sub:방주_난민_02,서브퀘스트,2022-11-04,1,딸림,ch16,딸림,확실
91,17,sub:방주_난민_03,서브퀘스트,2022-11-04,1,딸림,ch16,딸림,확실
92,17,relic:장보기목록,유실물,2022-11-04,1,딸림,ch16,딸림,확실
93,17,char:180,호감도,2022-11-04,1,공개일,,출시 로스터,추정
94,17,char:11,호감도,2022-11-04,1,공개일,,출시 로스터,추정
95,17,char:212,호감도,2022-11-04,1,공개일,,출시 로스터,추정
96,17,char:232,호감도,2022-11-04,1,공개일,,손 보정,확실
97,17,char:430,호감도,2022-11-04,1,공개일,,출시 로스터,추정
98,17,char:20,호감도,2022-11-04,1,공개일,,출시 로스터,추정
99,17,char:202,호감도,2022-11-04,1,공개일,,출시 로스터,추정
100,17,char:101,호감도,2022-11-04,1,공개일,,출시 로스터,추정
101,17,char:72,호감도,2022-11-04,1,공개일,,출시 로스터,추정
102,17,char:221,호감도,2022-11-04,1,공개일,,출시 로스터,추정
103,17,char:10,호감도,2022-11-04,1,공개일,,출시 로스터,추정
104,17,char:190,호감도,2022-11-04,1,공개일,,출시 로스터,추정
105,17,char:200,호감도,2022-11-04,1,공개일,,출시 로스터,추정
106,17,char:82,호감도,2022-11-04,1,공개일,,출시 로스터,추정
107,17,char:102,호감도,2022-11-04,1,공개일,,출시 로스터,추정
108,17,char:130,호감도,2022-11-04,1,공개일,,출시 로스터,추정
109,17,char:181,호감도,2022-11-04,1,공개일,,출시 로스터,추정
110,17,char:32,호감도,2022-11-04,1,공개일,,출시 로스터,추정
111,17,char:61,호감도,2022-11-04,1,공개일,,출시 로스터,추정
112,17,char:161,호감도,2022-11-04,1,공개일,,출시 로스터,추정
113,17,char:141,호감도,2022-11-04,1,공개일,,출시 로스터,추정
114,17,char:91,호감도,2022-11-04,1,공개일,,출시 로스터,추정
115,17,char:60,호감도,2022-11-04,1,공개일,,출시 로스터,추정
116,17,char:431,호감도,2022-11-04,1,공개일,,출시 로스터,추정
117,17,char:70,호감도,2022-11-04,1,공개일,,출시 로스터,추정
118,17,char:80,호감도,2022-11-04,1,공개일,,출시 로스터,추정
119,17,char:71,호감도,2022-11-04,1,공개일,,출시 로스터,추정
120,17,char:140,호감도,2022-11-04,1,공개일,,출시 로스터,추정
121,17,char:220,호감도,2022-11-04,1,공개일,,출시 로스터,추정
122,17,char:22,호감도,2022-11-04,1,공개일,,출시 로스터,추정
123,17,char:12,호감도,2022-11-04,1,공개일,,출시 로스터,추정
124,17,char:432,호감도,2022-11-04,1,공개일,,출시 로스터,추정
125,17,char:172,호감도,2022-11-04,1,공개일,,출시 로스터,추정
126,17,char:191,호감도,2022-11-04,1,공개일,,출시 로스터,추정
127,17,char:201,호감도,2022-11-04,1,공개일,,출시 로스터,추정
128,17,char:291,호감도,2022-11-04,1,공개일,,출시 로스터,추정
129,17,char:241,호감도,2022-11-04,1,공개일,,출시 로스터,추정
130,17,char:210,호감도,2022-11-04,1,공개일,,출시 로스터,추정
131,17,char:90,호감도,2022-11-04,1,공개일,,출시 로스터,추정
132,17,char:160,호감도,2022-11-04,1,공개일,,출시 로스터,추정
133,17,char:150,호감도,2022-11-04,1,공개일,,출시 로스터,추정
134,17,char:171,호감도,2022-11-04,1,공개일,,출시 로스터,추정
135,17,char:92,호감도,2022-11-04,1,공개일,,출시 로스터,추정
136,17,char:231,호감도,2022-11-04,1,공개일,,손 보정,확실
137,17,char:110,호감도,2022-11-04,1,공개일,,출시 로스터,추정
138,17,char:131,호감도,2022-11-04,1,공개일,,출시 로스터,추정
139,17,char:30,호감도,2022-11-04,1,공개일,,출시 로스터,추정
140,17,char:242,호감도,2022-11-04,1,공개일,,출시 로스터,추정
141,17,char:170,호감도,2022-11-04,1,공개일,,출시 로스터,추정
142,17,char:142,호감도,2022-11-04,1,공개일,,출시 로스터,추정
143,17,char:230,호감도,2022-11-04,1,공개일,,손 보정,확실
144,17,char:222,호감도,2022-11-04,1,공개일,,손 보정,확실
145,17,char:120,호감도,2022-11-04,1,공개일,,출시 로스터,추정
146,18,event_nocallerid,이벤트,2022-11-10,2,공개일,,기간 줄,확실
147,18,char:352,호감도,2022-11-10,2,공개일,,기간 줄,확실
148,19,ch17,메인,2022-11-24,3,공개일,,업데이트 날짜,확실
149,19,sub:제니퍼f_00,서브퀘스트,2022-11-24,3,딸림,ch17,딸림,확실
150,19,relic:모바일_보이스피싱_광고_모음.zip,유실물,2022-11-24,3,딸림,ch17,딸림,확실
151,19,relic:니케제작보고서요약본,유실물,2022-11-24,3,딸림,ch17,딸림,확실
152,20,ch18,메인,2022-11-24,3,공개일,,업데이트 날짜,확실
153,20,sub:테트라_커넥트_01,서브퀘스트,2022-11-24,3,딸림,ch18,딸림,확실
154,20,sub:중앙_정부_공식__02,서브퀘스트,2022-11-24,3,딸림,ch18,딸림,확실
155,20,sub:김작가_00,서브퀘스트,2022-11-24,3,딸림,ch18,딸림,확실
156,20,relic:XX중학교가정통신문,유실물,2022-11-24,3,딸림,ch18,딸림,확실
157,20,event_hightechtoy,이벤트,2022-11-24,3,공개일,,기간 줄,확실
158,20,char:100,호감도,2022-11-24,3,공개일,,기간 줄,확실
159,21,event_miraclesnow1,이벤트,2022-12-08,4,공개일,,손 보정,추정
160,21,char:193,호감도,2022-12-08,4,공개일,,손 보정,추정
161,21,char:203,호감도,2022-12-08,4,공개일,,손 보정,추정
162,22,char:121,호감도,2022-12-15,5,공개일,,손 보정,추정
163,23,event_brandnewyear,이벤트,2022-12-29,6,공개일,,기간 줄,확실
164,24,char:260,호감도,2023-01-01,7,공개일,,기간 줄,확실
165,25,ch19,메인,2023-01-12,8,공개일,,업데이트 날짜,확실
166,25,sub:데이파라_00,서브퀘스트,2023-01-12,8,딸림,ch19,딸림,확실
167,25,relic:데일리아크기사스크랩,유실물,2023-01-12,8,딸림,ch19,딸림,확실
168,26,ch20,메인,2023-01-12,8,공개일,,업데이트 날짜,확실
169,26,sub:로망티스트_00,서브퀘스트,2023-01-12,8,딸림,ch20,딸림,확실
170,26,relic:jonathan_report,유실물,2023-01-12,8,딸림,ch20,딸림,확실
171,26,event_doutsiders,이벤트,2023-01-12,8,공개일,,기간 줄,확실
172,26,char:400,호감도,2023-01-12,8,공개일,,업데이트 날짜,확실
173,26,char:401,호감도,2023-01-12,8,공개일,,업데이트 날짜,확실
174,26,char:111,호감도,2023-01-12,8,공개일,,기간 줄,확실
175,26,char:402,호감도,2023-01-12,8,공개일,,업데이트 날짜,확실
176,27,char:112,호감도,2023-01-19,9,공개일,,기간 줄,확실
177,28,event_maidinvalentine,이벤트,2023-02-01,10,공개일,,기간 줄,확실
178,28,char:311,호감도,2023-02-01,10,공개일,,기간 줄,확실
179,29,char:312,호감도,2023-02-08,11,공개일,,기간 줄,확실
180,30,char:800,호감도,2023-02-22,12,공개일,,기간 줄,확실
181,30,char:801,호감도,2023-02-22,12,공개일,,기간 줄,확실
182,30,char:802,호감도,2023-02-22,12,공개일,,기간 줄,확실
183,31,event_bowwowparadise,이벤트,2023-03-15,13,공개일,,기간 줄,확실
184,31,char:381,호감도,2023-03-15,13,공개일,,기간 줄,확실
185,32,event_cherryblossom,이벤트,2023-03-30,14,공개일,,기간 줄,확실
186,32,char:261,호감도,2023-03-30,14,공개일,,업데이트 날짜,확실
187,32,char:282,호감도,2023-03-30,14,공개일,,기간 줄,확실
188,33,event_fullfoolday,이벤트,2023-04-01,15,공개일,,손 보정,확실
189,34,event_ltk,이벤트,2023-04-13,16,공개일,,기간 줄,확실
190,34,char:40,호감도,2023-04-13,16,공개일,,기간 줄,확실
191,35,ch21,메인,2023-04-27,17,공개일,,업데이트 날짜,확실
192,35,sub:에덴_Notice_00,서브퀘스트,2023-04-27,17,딸림,ch21,딸림,확실
193,35,sub:에덴_Notice_01,서브퀘스트,2023-04-27,17,딸림,ch21,딸림,확실
194,35,sub:에덴_Notice_02,서브퀘스트,2023-04-27,17,딸림,ch21,딸림,확실
195,35,relic:특이랩쳐보고서-전,유실물,2023-04-27,17,딸림,ch21,딸림,확실
196,35,relic:특이랩쳐보고서-후,유실물,2023-04-27,17,딸림,ch21,딸림,확실
197,36,ch22,메인,2023-04-27,17,공개일,,업데이트 날짜,확실
198,36,sub:문구점_00,서브퀘스트,2023-04-27,17,딸림,ch22,딸림,확실
199,36,sub:중앙정부_트라이앵글_00,서브퀘스트,2023-04-27,17,딸림,ch22,딸림,확실
200,36,sub:2호_쉘터_관리계정_00,서브퀘스트,2023-04-27,17,딸림,ch22,딸림,확실
201,36,sub:할아범_01,서브퀘스트,2023-04-27,17,딸림,ch22,딸림,확실
202,36,relic:에닉탄핵포스터,유실물,2023-04-27,17,딸림,ch22,딸림,확실
203,36,event_overzone,이벤트,2023-04-27,17,공개일,,기간 줄,확실
204,36,erelic:white_memory,유실물,2023-04-27,17,딸림,event_overzone,딸림,확실
205,36,char:233,호감도,2023-04-27,17,공개일,,기간 줄,확실
206,36,char:392,호감도,2023-04-27,17,공개일,,업데이트 날짜,확실
207,37,event_BunnyX777,이벤트,2023-05-18,18,공개일,,기간 줄,확실
208,37,char:270,호감도,2023-05-18,18,공개일,,기간 줄,확실
209,38,char:271,호감도,2023-05-25,19,공개일,,기간 줄,확실
210,39,event_queensorder,이벤트,2023-06-01,20,공개일,,기간 줄,확실
211,39,char:280,호감도,2023-06-01,20,공개일,,기간 줄,확실
212,40,event_bluewaterisland,이벤트,2023-06-15,21,공개일,,기간 줄,확실
213,40,char:132,호감도,2023-06-15,21,공개일,,기간 줄,확실
214,41,char:14,호감도,2023-06-22,22,공개일,,기간 줄,확실
215,42,event_nyanyaparadise,이벤트,2023-07-06,23,공개일,,기간 줄,확실
216,42,char:380,호감도,2023-07-06,23,공개일,,기간 줄,확실
217,43,ch23,메인,2023-07-20,24,공개일,,업데이트 날짜,확실
218,43,sub:상인연합_달란트_00,서브퀘스트,2023-07-20,24,딸림,ch23,딸림,확실
219,43,sub:콜렉터_02,서브퀘스트,2023-07-20,24,딸림,ch23,딸림,확실
220,43,relic:필그림조우보고서,유실물,2023-07-20,24,딸림,ch23,딸림,확실
221,44,ch24,메인,2023-07-20,24,공개일,,업데이트 날짜,확실
222,44,sub:해결사_카페_스위티_00,서브퀘스트,2023-07-20,24,딸림,ch24,딸림,확실
223,44,relic:긴급뉴스대본_FB_3_final_2.pdf,유실물,2023-07-20,24,딸림,ch24,딸림,확실
224,44,event_goldenship,이벤트,2023-07-20,24,공개일,,기간 줄,확실
225,44,char:350,호감도,2023-07-20,24,공개일,,기간 줄,확실
226,45,event_seayouagain1,이벤트,2023-08-03,25,공개일,,기간 줄,확실
227,45,char:15,호감도,2023-08-03,25,공개일,,기간 줄,확실
228,45,char:351,호감도,2023-08-03,25,공개일,,기간 줄,확실
229,46,char:353,호감도,2023-08-10,26,공개일,,기간 줄,확실
230,47,event_firstaffection,이벤트,2023-08-24,27,공개일,,기간 줄,확실
231,48,char:810,호감도,2023-09-01,28,공개일,,기간 줄,확실
232,48,char:812,호감도,2023-09-01,28,공개일,,기간 줄,확실
233,49,char:811,호감도,2023-09-08,29,공개일,,기간 줄,확실
234,50,event_schooloflock,이벤트,2023-09-21,30,공개일,,기간 줄,확실
235,50,char:321,호감도,2023-09-21,30,공개일,,기간 줄,확실
236,51,event_dazzlingcupid,이벤트,2023-10-05,31,공개일,,기간 줄,확실
237,51,char:450,호감도,2023-10-05,31,공개일,,기간 줄,확실
238,52,char:451,호감도,2023-10-12,32,공개일,,기간 줄,확실
239,53,event_freezeacpu,이벤트,2023-10-19,33,공개일,,기간 줄,확실
240,53,char:33,호감도,2023-10-19,33,공개일,,기간 줄,확실
241,54,ch25,메인,2023-11-02,34,공개일,,업데이트 날짜,확실
242,54,sub:중앙정부_프로토콜_00,서브퀘스트,2023-11-02,34,딸림,ch25,딸림,확실
243,54,relic:마더웨일아종목격보고.wav,유실물,2023-11-02,34,딸림,ch25,딸림,확실
244,55,ch26,메인,2023-11-02,34,공개일,,업데이트 날짜,확실
245,55,sub:로망티스트_01,서브퀘스트,2023-11-02,34,딸림,ch26,딸림,확실
246,55,sub:코인_러시_00,서브퀘스트,2023-11-02,34,딸림,ch26,딸림,확실
247,55,relic:저주받은보석,유실물,2023-11-02,34,딸림,ch26,딸림,확실
248,55,event_redash,이벤트,2023-11-02,34,공개일,,기간 줄,확실
249,55,erelic:red_ash_lost,유실물,2023-11-02,34,딸림,event_redash,딸림,확실
250,55,erelic:red_ash_mini,유실물,2023-11-02,34,딸림,event_redash,딸림,확실
251,55,char:470,호감도,2023-11-02,34,공개일,,기간 줄,확실
252,55,char:224,호감도,2023-11-02,34,공개일,,업데이트 날짜,확실
253,56,event_alonesurvivor,이벤트,2023-11-23,35,공개일,,기간 줄,확실
254,56,char:192,호감도,2023-11-23,35,공개일,,기간 줄,확실
255,57,event_neverland1,이벤트,2023-12-07,36,공개일,,기간 줄,확실
256,57,char:194,호감도,2023-12-07,36,공개일,,기간 줄,확실
257,58,char:62,호감도,2023-12-14,37,공개일,,기간 줄,확실
258,59,event_newyearnewsword,이벤트,2023-12-28,38,공개일,,기간 줄,확실
259,60,char:225,호감도,2024-01-01,39,공개일,,기간 줄,확실
260,61,event_lionheart,이벤트,2024-01-11,40,공개일,,기간 줄,확실
261,61,char:382,호감도,2024-01-11,40,공개일,,기간 줄,확실
262,62,event_dirtybackyard,이벤트,2024-01-25,41,공개일,,기간 줄,확실
263,62,char:281,호감도,2024-01-25,41,공개일,,기간 줄,확실
264,63,event_perfectmaid,이벤트,2024-02-05,42,공개일,,기간 줄,확실
265,63,char:313,호감도,2024-02-05,42,공개일,,기간 줄,확실
266,64,char:310,호감도,2024-02-15,43,공개일,,기간 줄,확실
267,65,ch27,메인,2024-02-22,44,공개일,,업데이트 날짜,확실
268,65,sub:피라_00,서브퀘스트,2024-02-22,44,딸림,ch27,딸림,확실
269,65,sub:피라_01,서브퀘스트,2024-02-22,44,딸림,ch27,딸림,확실
270,65,sub:피라_02,서브퀘스트,2024-02-22,44,딸림,ch27,딸림,확실
271,65,sub:트윙클_00,서브퀘스트,2024-02-22,44,딸림,ch27,딸림,확실
272,65,relic:잘지내라친구,유실물,2024-02-22,44,딸림,ch27,딸림,확실
273,66,ch28,메인,2024-02-22,44,공개일,,업데이트 날짜,확실
274,66,sub:택틱컬틱택_00,서브퀘스트,2024-02-22,44,딸림,ch28,딸림,확실
275,66,sub:택틱컬틱택_01,서브퀘스트,2024-02-22,44,딸림,ch28,딸림,확실
276,66,sub:핸섬_커맨더_00,서브퀘스트,2024-02-22,44,딸림,ch28,딸림,확실
277,66,sub:핸섬_커맨더_01,서브퀘스트,2024-02-22,44,딸림,ch28,딸림,확실
278,66,sub:MMR지킴이_00,서브퀘스트,2024-02-22,44,딸림,ch28,딸림,확실
279,66,relic:조난일지,유실물,2024-02-22,44,딸림,ch28,딸림,확실
280,66,event_boomsday,이벤트,2024-02-22,44,공개일,,기간 줄,확실
281,66,char:500,호감도,2024-02-22,44,공개일,,기간 줄,확실
282,67,event_killthelord,이벤트,2024-03-07,45,공개일,,기간 줄,확실
283,67,char:43,호감도,2024-03-07,45,공개일,,기간 줄,확실
284,68,char:822,호감도,2024-03-21,46,공개일,,기간 줄,확실
285,68,char:821,호감도,2024-03-21,46,공개일,,기간 줄,확실
286,69,char:820,호감도,2024-03-28,47,공개일,,기간 줄,확실
287,70,event_liarsend,이벤트,2024-04-01,48,공개일,,손 보정,확실
288,71,side:second_affection,사이드,2024-04-11,49,공개일,,손 보정,확실
289,71,event_onemoretime,이벤트,2024-04-11,49,공개일,,기간 줄,확실
290,71,char:550,호감도,2024-04-11,49,공개일,,기간 줄,확실
291,72,ch29,메인,2024-04-25,50,공개일,,업데이트 날짜,확실
292,72,relic:반드시사수하라,유실물,2024-04-25,50,딸림,ch29,딸림,확실
293,73,ch30,메인,2024-04-25,50,공개일,,업데이트 날짜,확실
294,73,relic:하모니큐브관찰일지,유실물,2024-04-25,50,딸림,ch30,딸림,확실
295,73,event_lastkingdom1,이벤트,2024-04-25,50,공개일,,기간 줄,확실
296,73,char:330,호감도,2024-04-25,50,공개일,,기간 줄,확실
297,73,char:361,호감도,2024-04-25,50,공개일,,업데이트 날짜,확실
298,74,event_darkhero,이벤트,2024-05-16,51,공개일,,기간 줄,확실
299,74,char:501,호감도,2024-05-16,51,공개일,,기간 줄,확실
300,75,event_goldencoinrush1,이벤트,2024-05-30,52,공개일,,기간 줄,확실
301,75,char:314,호감도,2024-05-30,52,공개일,,기간 줄,확실
302,76,char:195,호감도,2024-06-06,53,공개일,,기간 줄,확실
303,77,event_claymore,이벤트,2024-06-20,54,공개일,,기간 줄,확실
304,77,char:551,호감도,2024-06-20,54,공개일,,기간 줄,확실
305,78,event_beautyfullshot1,이벤트,2024-07-04,55,공개일,,기간 줄,확실
306,78,char:284,호감도,2024-07-04,55,공개일,,기간 줄,확실
307,79,char:283,호감도,2024-07-11,56,공개일,,기간 줄,확실
308,80,ch31,메인,2024-07-25,57,공개일,,업데이트 날짜,확실
309,80,relic:말뚝프로젝트보고서,유실물,2024-07-25,57,딸림,ch31,딸림,확실
310,81,ch32,메인,2024-07-25,57,공개일,,업데이트 날짜,확실
311,81,sub:관짝이_00,서브퀘스트,2024-07-25,57,딸림,ch32,딸림,확실
312,81,sub:거울_공주_00,서브퀘스트,2024-07-25,57,딸림,ch32,딸림,확실
313,81,sub:관짝이_01,서브퀘스트,2024-07-25,57,딸림,ch32,딸림,확실
314,81,sub:관짝이_02,서브퀘스트,2024-07-25,57,딸림,ch32,딸림,확실
315,81,sub:거울_공주_01,서브퀘스트,2024-07-25,57,딸림,ch32,딸림,확실
316,81,relic:수정지역깊은곳어딘가,유실물,2024-07-25,57,딸림,ch32,딸림,확실
317,81,event_juveniledays,이벤트,2024-07-25,57,공개일,,기간 줄,확실
318,81,char:391,호감도,2024-07-25,57,공개일,,기간 줄,확실
319,82,event_colorless,이벤트,2024-08-08,58,공개일,,기간 줄,확실
320,82,char:390,호감도,2024-08-08,58,공개일,,기간 줄,확실
321,83,char:833,호감도,2024-08-22,59,공개일,,기간 줄,확실
322,83,char:830,호감도,2024-08-22,59,공개일,,기간 줄,확실
323,84,char:831,호감도,2024-08-29,60,공개일,,기간 줄,확실
324,85,char:832,호감도,2024-09-05,61,공개일,,기간 줄,확실
325,86,event_jinxplayer,이벤트,2024-09-19,62,공개일,,기간 줄,확실
326,86,event_nonsensered,이벤트,2024-09-19,62,공개일,,기간 줄,확실
327,86,char:272,호감도,2024-09-19,62,공개일,,기간 줄,확실
328,87,event_phantomthiefvsdetective,이벤트,2024-10-03,63,공개일,,기간 줄,확실
329,87,char:403,호감도,2024-10-03,63,공개일,,기간 줄,확실
330,88,char:580,호감도,2024-10-10,64,공개일,,기간 줄,확실
331,89,side:wordless,사이드,2024-10-17,65,공개일,,업데이트 날짜,확실
332,89,event_lifeagain,이벤트,2024-10-17,65,공개일,,기간 줄,확실
333,89,char:240,호감도,2024-10-17,65,공개일,,기간 줄,확실
334,90,ch33,메인,2024-10-31,66,공개일,,업데이트 날짜,확실
335,90,relic:소녀의일기-절망편-,유실물,2024-10-31,66,딸림,ch33,딸림,확실
336,91,ch34,메인,2024-10-31,66,공개일,,업데이트 날짜,확실
337,91,relic:충격다크매터란무엇인가,유실물,2024-10-31,66,딸림,ch34,딸림,확실
338,91,event_oldtales1,이벤트,2024-10-31,66,공개일,,기간 줄,확실
339,91,erelic:old_tales_dialog,유실물,2024-10-31,66,딸림,event_oldtales1,딸림,확실
340,91,erelic:old_tales_lost,유실물,2024-10-31,66,딸림,event_oldtales1,딸림,확실
341,91,erelic:old_tales_mini_memory,유실물,2024-10-31,66,딸림,event_oldtales1,딸림,확실
342,91,char:226,호감도,2024-10-31,66,공개일,,기간 줄,확실
343,91,char:511,호감도,2024-10-31,66,공개일,,기간 줄,확실
344,92,char:514,호감도,2024-11-07,67,공개일,,기간 줄,확실
345,93,event_secretgarden,이벤트,2024-11-21,68,공개일,,기간 줄,확실
346,93,char:411,호감도,2024-11-21,68,공개일,,기간 줄,확실
347,94,event_icedragonsaga1,이벤트,2024-12-05,69,공개일,,기간 줄,확실
348,94,char:183,호감도,2024-12-05,69,공개일,,기간 줄,확실
349,95,char:182,호감도,2024-12-12,70,공개일,,기간 줄,확실
350,96,event_footstepwalkrun1,이벤트,2024-12-26,71,공개일,,기간 줄,확실
351,97,event_outofuniform,이벤트,2025-01-01,72,공개일,,기간 줄,확실
352,97,char:16,호감도,2025-01-01,72,공개일,,기간 줄,확실
353,98,event_wisdomspring,이벤트,2025-01-16,73,공개일,,기간 줄,확실
354,98,char:290,호감도,2025-01-16,73,공개일,,기간 줄,확실
355,99,event_romanticvalentine,이벤트,2025-01-30,74,공개일,,기간 줄,확실
356,99,char:354,호감도,2025-01-30,74,공개일,,기간 줄,확실
357,100,char:355,호감도,2025-02-06,75,공개일,,기간 줄,확실
358,101,ch35,메인,2025-02-20,76,공개일,,업데이트 날짜,확실
359,101,relic:알관련전달사항,유실물,2025-02-20,76,딸림,ch35,딸림,확실
360,102,ch36,메인,2025-02-20,76,공개일,,업데이트 날짜,확실
361,102,relic:할일목록,유실물,2025-02-20,76,딸림,ch36,딸림,확실
362,102,char:836,호감도,2025-02-20,76,공개일,,기간 줄,확실
363,102,char:835,호감도,2025-02-20,76,공개일,,기간 줄,확실
364,103,char:834,호감도,2025-02-27,77,공개일,,기간 줄,확실
365,104,fl:for_rest,이벤트,2025-03-13,78,공개일,,기간 줄,확실
366,104,char:412,호감도,2025-03-13,78,공개일,,기간 줄,확실
367,105,event_newflavor,이벤트,2025-03-27,79,공개일,,기간 줄,확실
368,105,char:520,호감도,2025-03-27,79,공개일,,기간 줄,확실
369,106,event_foolburstday,이벤트,2025-04-01,80,공개일,,기간 줄,확실
370,107,side:mudfish,사이드,2025-04-10,81,공개일,,업데이트 날짜,확실
371,107,event_trueflavor,이벤트,2025-04-10,81,공개일,,기간 줄,확실
372,107,char:521,호감도,2025-04-10,81,공개일,,기간 줄,확실
373,108,ch37,메인,2025-04-24,82,공개일,,업데이트 날짜,확실
374,108,relic:주워갈것들메모,유실물,2025-04-24,82,딸림,ch37,딸림,확실
375,109,ch38,메인,2025-04-24,82,공개일,,업데이트 날짜,확실
376,109,relic:은색액체,유실물,2025-04-24,82,딸림,ch38,딸림,확실
377,109,event_unbreakablesphere1,이벤트,2025-04-24,82,공개일,,기간 줄,확실
378,109,erelic:unbreakable_sphere_dialog,유실물,2025-04-24,82,딸림,event_unbreakablesphere1,딸림,확실
379,109,erelic:unbreakable_sphere_lost,유실물,2025-04-24,82,딸림,event_unbreakablesphere1,딸림,확실
380,109,char:513,호감도,2025-04-24,82,공개일,,기간 줄,확실
381,109,char:590,호감도,2025-04-24,82,공개일,,기간 줄,확실
382,110,char:162,호감도,2025-05-01,83,공개일,,기간 줄,확실
383,111,event_arcanearchive,이벤트,2025-05-15,84,공개일,,기간 줄,확실
384,111,char:581,호감도,2025-05-15,84,공개일,,기간 줄,확실
385,112,event_lordforjustice,이벤트,2025-05-29,85,공개일,,기간 줄,확실
386,112,char:41,호감도,2025-05-29,85,공개일,,기간 줄,확실
387,113,event_ce006,이벤트,2025-06-12,86,공개일,,기간 줄,확실
388,113,char:852,호감도,2025-06-12,86,공개일,,기간 줄,확실
389,113,char:850,호감도,2025-06-12,86,공개일,,기간 줄,확실
390,114,char:851,호감도,2025-06-19,87,공개일,,기간 줄,확실
391,115,event_overthehorizon,이벤트,2025-07-03,88,공개일,,기간 줄,확실
392,115,char:532,호감도,2025-07-03,88,공개일,,기간 줄,확실
393,116,fl:boom_the_ghost,이벤트,2025-07-17,89,공개일,,기간 줄,확실
394,116,char:234,호감도,2025-07-17,89,공개일,,기간 줄,확실
395,117,char:502,호감도,2025-07-24,90,공개일,,기간 줄,확실
396,118,ch39,메인,2025-08-07,91,공개일,,업데이트 날짜,확실
397,118,relic:정갈하게쓴기록,유실물,2025-08-07,91,딸림,ch39,딸림,확실
398,119,ch40,메인,2025-08-07,91,공개일,,업데이트 날짜,확실
399,119,relic:어떤소녀의그림일기,유실물,2025-08-07,91,딸림,ch40,딸림,확실
400,119,fl:absolute,이벤트,2025-08-07,91,공개일,,기간 줄,확실
401,119,char:93,호감도,2025-08-07,91,공개일,,기간 줄,확실
402,120,char:95,호감도,2025-08-14,92,공개일,,기간 줄,확실
403,121,char:94,호감도,2025-08-21,93,공개일,,기간 줄,확실
404,122,fl:coins_in_rush,이벤트,2025-09-04,94,공개일,,기간 줄,확실
405,122,char:315,호감도,2025-09-04,94,공개일,,기간 줄,확실
406,123,char:143,호감도,2025-09-11,95,공개일,,기간 줄,확실
407,124,fl:reborn_evil,이벤트,2025-09-24,96,공개일,,기간 줄,확실
408,124,char:840,호감도,2025-09-24,96,공개일,,기간 줄,확실
409,124,char:842,호감도,2025-09-24,96,공개일,,기간 줄,확실
410,125,char:841,호감도,2025-10-02,97,공개일,,기간 줄,확실
411,126,side:eden_spear,사이드,2025-10-16,98,공개일,,업데이트 날짜,확실
412,126,fl:go_ninja_thief,이벤트,2025-10-16,98,공개일,,기간 줄,확실
413,126,char:23,호감도,2025-10-16,98,공개일,,기간 줄,확실
414,127,ch41,메인,2025-10-30,99,공개일,,업데이트 날짜,확실
415,127,relic:거꾸로적힌기록,유실물,2025-10-30,99,딸림,ch41,딸림,확실
416,128,ch42,메인,2025-10-30,99,공개일,,업데이트 날짜,확실
417,128,relic:주의용광로사용법,유실물,2025-10-30,99,딸림,ch42,딸림,확실
418,128,event_goddessfall1,이벤트,2025-10-30,99,공개일,,기간 줄,확실
419,128,erelic:goddess_fall_mini,유실물,2025-10-30,99,딸림,event_goddessfall1,딸림,확실
420,128,char:223,호감도,2025-10-30,99,공개일,,기간 줄,확실
421,128,char:331,호감도,2025-10-30,99,공개일,,기간 줄,확실
422,129,char:262,호감도,2025-11-06,100,공개일,,기간 줄,확실
423,130,fl:blank_ticket,이벤트,2025-11-20,101,공개일,,기간 줄,확실
424,130,char:74,호감도,2025-11-20,101,공개일,,기간 줄,확실
425,131,fl:terminus_ticket,이벤트,2025-12-04,102,공개일,,기간 줄,확실
426,131,char:75,호감도,2025-12-04,102,공개일,,기간 줄,확실
427,132,char:73,호감도,2025-12-11,103,공개일,,기간 줄,확실
428,133,fl:ark_guardian,이벤트,2025-12-30,104,공개일,,기간 줄,확실
429,134,char:471,호감도,2026-01-01,105,공개일,,기간 줄,확실
430,135,fl:sin_editor,이벤트,2026-01-15,106,공개일,,기간 줄,확실
431,135,char:582,호감도,2026-01-15,106,공개일,,기간 줄,확실
432,136,fl:fatal_maid,이벤트,2026-01-29,107,공개일,,기간 줄,확실
433,136,char:316,호감도,2026-01-29,107,공개일,,기간 줄,확실
434,137,ch43,메인,2026-02-12,108,공개일,,업데이트 날짜,확실
435,137,relic:아무한테나말해주는거아니야.wav,유실물,2026-02-12,108,딸림,ch43,딸림,확실
436,138,ch44,메인,2026-02-12,108,공개일,,업데이트 날짜,확실
437,138,relic:거인을찾아서,유실물,2026-02-12,108,딸림,ch44,딸림,확실
438,138,fl:lie_cause_recoil,이벤트,2026-02-12,108,공개일,,기간 줄,확실
439,138,char:860,호감도,2026-02-12,108,공개일,,기간 줄,확실
440,138,char:862,호감도,2026-02-12,108,공개일,,기간 줄,확실
441,139,char:861,호감도,2026-02-19,109,공개일,,기간 줄,확실
442,140,fl:enter_heaven,이벤트,2026-03-05,110,공개일,,기간 줄,확실
443,140,char:113,호감도,2026-03-05,110,공개일,,기간 줄,확실
444,141,fl:2x2_love_1ch,이벤트,2026-03-19,111,공개일,,기간 줄,확실
445,141,fl:2x2_love_2ch,이벤트,2026-03-19,111,공개일,,기간 줄,확실
446,141,char:583,호감도,2026-03-19,111,공개일,,기간 줄,확실
447,142,side:pretty_star,사이드,2026-04-09,112,공개일,,업데이트 날짜,확실
448,142,fl:good_world,이벤트,2026-04-09,112,공개일,,기간 줄,확실
449,142,char:620,호감도,2026-04-09,112,공개일,,기간 줄,확실
450,143,ch45,메인,2026-04-23,113,공개일,,업데이트 날짜,확실
451,143,relic:신에게닿기위한탑,유실물,2026-04-23,113,딸림,ch45,딸림,확실
452,144,ch46,메인,2026-04-23,113,공개일,,업데이트 날짜,확실
453,144,relic:궤도엘리베이터음모론,유실물,2026-04-23,113,딸림,ch46,딸림,확실
454,144,event_staranis1,이벤트,2026-04-23,113,공개일,,기간 줄,확실
455,144,char:17,호감도,2026-04-23,113,공개일,,기간 줄,확실
456,144,char:441,호감도,2026-04-23,113,공개일,,기간 줄,확실
457,145,char:18,호감도,2026-04-30,114,공개일,,기간 줄,확실
458,146,fl:b-side_idol,이벤트,2026-05-14,115,공개일,,기간 줄,확실
459,146,char:600,호감도,2026-05-14,115,공개일,,기간 줄,확실
460,147,fl:bitter_spice,이벤트,2026-05-28,116,공개일,,기간 줄,확실
461,147,char:601,호감도,2026-05-28,116,공개일,,기간 줄,확실
462,148,fl:ark_ranger,이벤트,2026-06-11,117,공개일,,기간 줄,확실
463,148,char:570,호감도,2026-06-11,117,공개일,,기간 줄,확실
464,149,fl:wave_to_you,이벤트,2026-07-02,118,공개일,,기간 줄,확실
465,149,char:515,호감도,2026-07-02,118,공개일,,기간 줄,확실
466,150,char:322,호감도,2026-07-09,119,공개일,,기간 줄,확실
467,151,fl:project_matis,이벤트,2026-07-23,120,공개일,,기간 줄,확실
468,151,char:103,호감도,2026-07-23,120,공개일,,기간 줄,확실
469,152,char:105,호감도,2026-07-30,121,공개일,,기간 줄,확실
470,153,ch47,메인,2026-08-13,122,공개일,,업데이트 날짜,확실
471,153,relic:승리를_부르는_그림자,유실물,2026-08-13,122,딸림,ch47,딸림,확실
472,154,ch48,메인,2026-08-13,122,공개일,,업데이트 날짜,확실
473,154,relic:불길한_소리.wav,유실물,2026-08-13,122,딸림,ch48,딸림,확실
474,154,fl:persona_on_frontline,이벤트,2026-08-13,122,공개일,,기간 줄,확실
475,154,char:872,호감도,2026-08-13,122,공개일,,기간 줄,확실
476,154,char:870,호감도,2026-08-13,122,공개일,,기간 줄,확실
477,155,char:871,호감도,2026-08-20,123,공개일,,기간 줄,확실
478,156,fl:great_villain_union,이벤트,2026-09-03,124,공개일,,기간 줄,확실
479,156,char:104,호감도,2026-09-03,124,공개일,,기간 줄,확실
480,157,char:404,호감도,2026-09-17,125,공개일,,기간 줄,확실
481,158,char:405,호감도,2026-09-24,126,공개일,,기간 줄,확실
