rank,date,kind,key,category_id,name,basis,confidence,parts,notice_id,notice_title,evidence
1,2022-11-04,main,ch00,main:1,CHAPTER.00 추락,출시일,확실,,9cc74b21a0195a42b0a91ebac931133619c8,【개발자 노트】 런칭 기념 개발자 노트,메인 시나리오 및 유실물과 서브 퀘스트를 경험하실 수 있는 캠페인은 16챕터까지 준비되어 있습니다.
1,2022-11-04,main,ch01,main:2,CHAPTER.01 침식,출시일,확실,,9cc74b21a0195a42b0a91ebac931133619c8,【개발자 노트】 런칭 기념 개발자 노트,메인 시나리오 및 유실물과 서브 퀘스트를 경험하실 수 있는 캠페인은 16챕터까지 준비되어 있습니다.
1,2022-11-04,main,ch02,main:3,CHAPTER.02 인식,출시일,확실,,9cc74b21a0195a42b0a91ebac931133619c8,【개발자 노트】 런칭 기념 개발자 노트,메인 시나리오 및 유실물과 서브 퀘스트를 경험하실 수 있는 캠페인은 16챕터까지 준비되어 있습니다.
1,2022-11-04,main,ch03,main:4,CHAPTER.03 감각,출시일,확실,,9cc74b21a0195a42b0a91ebac931133619c8,【개발자 노트】 런칭 기념 개발자 노트,메인 시나리오 및 유실물과 서브 퀘스트를 경험하실 수 있는 캠페인은 16챕터까지 준비되어 있습니다.
1,2022-11-04,main,ch04,main:5,CHAPTER.04 헌화,출시일,확실,,9cc74b21a0195a42b0a91ebac931133619c8,【개발자 노트】 런칭 기념 개발자 노트,메인 시나리오 및 유실물과 서브 퀘스트를 경험하실 수 있는 캠페인은 16챕터까지 준비되어 있습니다.
1,2022-11-04,main,ch05,main:6,CHAPTER.05 환상,출시일,확실,,9cc74b21a0195a42b0a91ebac931133619c8,【개발자 노트】 런칭 기념 개발자 노트,메인 시나리오 및 유실물과 서브 퀘스트를 경험하실 수 있는 캠페인은 16챕터까지 준비되어 있습니다.
1,2022-11-04,main,ch06,main:7,CHAPTER.06 순례,출시일,확실,,9cc74b21a0195a42b0a91ebac931133619c8,【개발자 노트】 런칭 기념 개발자 노트,메인 시나리오 및 유실물과 서브 퀘스트를 경험하실 수 있는 캠페인은 16챕터까지 준비되어 있습니다.
1,2022-11-04,main,ch07,main:8,CHAPTER.07 재회,출시일,확실,,9cc74b21a0195a42b0a91ebac931133619c8,【개발자 노트】 런칭 기념 개발자 노트,메인 시나리오 및 유실물과 서브 퀘스트를 경험하실 수 있는 캠페인은 16챕터까지 준비되어 있습니다.
1,2022-11-04,main,ch08,main:9,CHAPTER.08 갈등,출시일,확실,,9cc74b21a0195a42b0a91ebac931133619c8,【개발자 노트】 런칭 기념 개발자 노트,메인 시나리오 및 유실물과 서브 퀘스트를 경험하실 수 있는 캠페인은 16챕터까지 준비되어 있습니다.
1,2022-11-04,main,ch09,main:10,CHAPTER.09 비밀,출시일,확실,,9cc74b21a0195a42b0a91ebac931133619c8,【개발자 노트】 런칭 기념 개발자 노트,메인 시나리오 및 유실물과 서브 퀘스트를 경험하실 수 있는 캠페인은 16챕터까지 준비되어 있습니다.
1,2022-11-04,main,ch10,main:11,CHAPTER.10 동료,출시일,확실,,9cc74b21a0195a42b0a91ebac931133619c8,【개발자 노트】 런칭 기념 개발자 노트,메인 시나리오 및 유실물과 서브 퀘스트를 경험하실 수 있는 캠페인은 16챕터까지 준비되어 있습니다.
1,2022-11-04,main,ch11,main:12,CHAPTER.11 최강,출시일,확실,,9cc74b21a0195a42b0a91ebac931133619c8,【개발자 노트】 런칭 기념 개발자 노트,메인 시나리오 및 유실물과 서브 퀘스트를 경험하실 수 있는 캠페인은 16챕터까지 준비되어 있습니다.
1,2022-11-04,main,ch12,main:13,CHAPTER.12 고향,출시일,확실,,9cc74b21a0195a42b0a91ebac931133619c8,【개발자 노트】 런칭 기념 개발자 노트,메인 시나리오 및 유실물과 서브 퀘스트를 경험하실 수 있는 캠페인은 16챕터까지 준비되어 있습니다.
1,2022-11-04,main,ch13,main:14,CHAPTER.13 회귀,출시일,확실,,9cc74b21a0195a42b0a91ebac931133619c8,【개발자 노트】 런칭 기념 개발자 노트,메인 시나리오 및 유실물과 서브 퀘스트를 경험하실 수 있는 캠페인은 16챕터까지 준비되어 있습니다.
1,2022-11-04,main,ch14,main:15,CHAPTER.14 여행,출시일,확실,,9cc74b21a0195a42b0a91ebac931133619c8,【개발자 노트】 런칭 기념 개발자 노트,메인 시나리오 및 유실물과 서브 퀘스트를 경험하실 수 있는 캠페인은 16챕터까지 준비되어 있습니다.
1,2022-11-04,main,ch15,main:16,CHAPTER.15 행운,출시일,확실,,9cc74b21a0195a42b0a91ebac931133619c8,【개발자 노트】 런칭 기념 개발자 노트,메인 시나리오 및 유실물과 서브 퀘스트를 경험하실 수 있는 캠페인은 16챕터까지 준비되어 있습니다.
1,2022-11-04,main,ch16,main:17,CHAPTER.16 낙인,출시일,확실,,9cc74b21a0195a42b0a91ebac931133619c8,【개발자 노트】 런칭 기념 개발자 노트,메인 시나리오 및 유실물과 서브 퀘스트를 경험하실 수 있는 캠페인은 16챕터까지 준비되어 있습니다.
1,2022-11-04,episode,char:180,char:180,길로틴,출시 로스터,추정,,fa6089f2ac130a4445a8ec9a55aaa23c37c4,<승리의 여신: 니케> 정식 서비스 오픈 안내,공지에 도입 기록이 없다 — 출시 때부터 있던 니케로 본다
1,2022-11-04,episode,char:11,char:11,네온,출시 로스터,추정,,fa6089f2ac130a4445a8ec9a55aaa23c37c4,<승리의 여신: 니케> 정식 서비스 오픈 안내,공지에 도입 기록이 없다 — 출시 때부터 있던 니케로 본다
1,2022-11-04,episode,char:212,char:212,노벨,출시 로스터,추정,,fa6089f2ac130a4445a8ec9a55aaa23c37c4,<승리의 여신: 니케> 정식 서비스 오픈 안내,공지에 도입 기록이 없다 — 출시 때부터 있던 니케로 본다
1,2022-11-04,episode,char:232,char:232,노아,손 보정,확실,,,,"사용자 확인(2026-10-08): 노아은(는) 출시 캐릭터가 맞다 — 호감도 스토리는 출시 때부터 있었고, 메인이 CH.17–21까지 풀린 뒤에야 그 상황을 알게 된 경우. 공지에 도입 기록이 없어 출시 로스터(추정)로 두었던 것을 확실로 올린다(X1d '뒤' 확인)."
1,2022-11-04,episode,char:430,char:430,노이즈,출시 로스터,추정,,fa6089f2ac130a4445a8ec9a55aaa23c37c4,<승리의 여신: 니케> 정식 서비스 오픈 안내,공지에 도입 기록이 없다 — 출시 때부터 있던 니케로 본다
1,2022-11-04,episode,char:20,char:20,델타,출시 로스터,추정,,fa6089f2ac130a4445a8ec9a55aaa23c37c4,<승리의 여신: 니케> 정식 서비스 오픈 안내,공지에 도입 기록이 없다 — 출시 때부터 있던 니케로 본다
1,2022-11-04,episode,char:202,char:202,도라,출시 로스터,추정,,fa6089f2ac130a4445a8ec9a55aaa23c37c4,<승리의 여신: 니케> 정식 서비스 오픈 안내,공지에 도입 기록이 없다 — 출시 때부터 있던 니케로 본다
1,2022-11-04,episode,char:101,char:101,드레이크,출시 로스터,추정,,fa6089f2ac130a4445a8ec9a55aaa23c37c4,<승리의 여신: 니케> 정식 서비스 오픈 안내,공지에 도입 기록이 없다 — 출시 때부터 있던 니케로 본다
1,2022-11-04,episode,char:72,char:72,디젤,출시 로스터,추정,,fa6089f2ac130a4445a8ec9a55aaa23c37c4,<승리의 여신: 니케> 정식 서비스 오픈 안내,공지에 도입 기록이 없다 — 출시 때부터 있던 니케로 본다
1,2022-11-04,episode,char:221,char:221,라푼젤,출시 로스터,추정,,fa6089f2ac130a4445a8ec9a55aaa23c37c4,<승리의 여신: 니케> 정식 서비스 오픈 안내,공지에 도입 기록이 없다 — 출시 때부터 있던 니케로 본다
1,2022-11-04,episode,char:10,char:10,라피,출시 로스터,추정,,fa6089f2ac130a4445a8ec9a55aaa23c37c4,<승리의 여신: 니케> 정식 서비스 오픈 안내,공지에 도입 기록이 없다 — 출시 때부터 있던 니케로 본다
1,2022-11-04,episode,char:190,char:190,루드밀라,출시 로스터,추정,,fa6089f2ac130a4445a8ec9a55aaa23c37c4,<승리의 여신: 니케> 정식 서비스 오픈 안내,공지에 도입 기록이 없다 — 출시 때부터 있던 니케로 본다
1,2022-11-04,episode,char:200,char:200,루피,출시 로스터,추정,,fa6089f2ac130a4445a8ec9a55aaa23c37c4,<승리의 여신: 니케> 정식 서비스 오픈 안내,공지에 도입 기록이 없다 — 출시 때부터 있던 니케로 본다
1,2022-11-04,episode,char:82,char:82,리타,출시 로스터,추정,,fa6089f2ac130a4445a8ec9a55aaa23c37c4,<승리의 여신: 니케> 정식 서비스 오픈 안내,공지에 도입 기록이 없다 — 출시 때부터 있던 니케로 본다
1,2022-11-04,episode,char:102,char:102,맥스웰,출시 로스터,추정,,fa6089f2ac130a4445a8ec9a55aaa23c37c4,<승리의 여신: 니케> 정식 서비스 오픈 안내,공지에 도입 기록이 없다 — 출시 때부터 있던 니케로 본다
1,2022-11-04,episode,char:130,char:130,메어리,출시 로스터,추정,,fa6089f2ac130a4445a8ec9a55aaa23c37c4,<승리의 여신: 니케> 정식 서비스 오픈 안내,공지에 도입 기록이 없다 — 출시 때부터 있던 니케로 본다
1,2022-11-04,episode,char:181,char:181,메이든,출시 로스터,추정,,fa6089f2ac130a4445a8ec9a55aaa23c37c4,<승리의 여신: 니케> 정식 서비스 오픈 안내,공지에 도입 기록이 없다 — 출시 때부터 있던 니케로 본다
1,2022-11-04,episode,char:32,char:32,미란다,출시 로스터,추정,,fa6089f2ac130a4445a8ec9a55aaa23c37c4,<승리의 여신: 니케> 정식 서비스 오픈 안내,공지에 도입 기록이 없다 — 출시 때부터 있던 니케로 본다
1,2022-11-04,episode,char:61,char:61,미카,출시 로스터,추정,,fa6089f2ac130a4445a8ec9a55aaa23c37c4,<승리의 여신: 니케> 정식 서비스 오픈 안내,공지에 도입 기록이 없다 — 출시 때부터 있던 니케로 본다
1,2022-11-04,episode,char:161,char:161,미하라,출시 로스터,추정,,fa6089f2ac130a4445a8ec9a55aaa23c37c4,<승리의 여신: 니케> 정식 서비스 오픈 안내,공지에 도입 기록이 없다 — 출시 때부터 있던 니케로 본다
1,2022-11-04,episode,char:141,char:141,밀크,출시 로스터,추정,,fa6089f2ac130a4445a8ec9a55aaa23c37c4,<승리의 여신: 니케> 정식 서비스 오픈 안내,공지에 도입 기록이 없다 — 출시 때부터 있던 니케로 본다
1,2022-11-04,episode,char:91,char:91,베스티,출시 로스터,추정,,fa6089f2ac130a4445a8ec9a55aaa23c37c4,<승리의 여신: 니케> 정식 서비스 오픈 안내,공지에 도입 기록이 없다 — 출시 때부터 있던 니케로 본다
1,2022-11-04,episode,char:60,char:60,벨로타,출시 로스터,추정,,fa6089f2ac130a4445a8ec9a55aaa23c37c4,<승리의 여신: 니케> 정식 서비스 오픈 안내,공지에 도입 기록이 없다 — 출시 때부터 있던 니케로 본다
1,2022-11-04,episode,char:431,char:431,볼륨,출시 로스터,추정,,fa6089f2ac130a4445a8ec9a55aaa23c37c4,<승리의 여신: 니케> 정식 서비스 오픈 안내,공지에 도입 기록이 없다 — 출시 때부터 있던 니케로 본다
1,2022-11-04,episode,char:70,char:70,브리드,출시 로스터,추정,,fa6089f2ac130a4445a8ec9a55aaa23c37c4,<승리의 여신: 니케> 정식 서비스 오픈 안내,공지에 도입 기록이 없다 — 출시 때부터 있던 니케로 본다
1,2022-11-04,episode,char:80,char:80,센티,출시 로스터,추정,,fa6089f2ac130a4445a8ec9a55aaa23c37c4,<승리의 여신: 니케> 정식 서비스 오픈 안내,공지에 도입 기록이 없다 — 출시 때부터 있던 니케로 본다
1,2022-11-04,episode,char:71,char:71,솔린,출시 로스터,추정,,fa6089f2ac130a4445a8ec9a55aaa23c37c4,<승리의 여신: 니케> 정식 서비스 오픈 안내,공지에 도입 기록이 없다 — 출시 때부터 있던 니케로 본다
1,2022-11-04,episode,char:140,char:140,슈가,출시 로스터,추정,,fa6089f2ac130a4445a8ec9a55aaa23c37c4,<승리의 여신: 니케> 정식 서비스 오픈 안내,공지에 도입 기록이 없다 — 출시 때부터 있던 니케로 본다
1,2022-11-04,episode,char:220,char:220,스노우 화이트,출시 로스터,추정,,fa6089f2ac130a4445a8ec9a55aaa23c37c4,<승리의 여신: 니케> 정식 서비스 오픈 안내,공지에 도입 기록이 없다 — 출시 때부터 있던 니케로 본다
1,2022-11-04,episode,char:22,char:22,시그널,출시 로스터,추정,,fa6089f2ac130a4445a8ec9a55aaa23c37c4,<승리의 여신: 니케> 정식 서비스 오픈 안내,공지에 도입 기록이 없다 — 출시 때부터 있던 니케로 본다
1,2022-11-04,episode,char:12,char:12,아니스,출시 로스터,추정,,fa6089f2ac130a4445a8ec9a55aaa23c37c4,<승리의 여신: 니케> 정식 서비스 오픈 안내,공지에 도입 기록이 없다 — 출시 때부터 있던 니케로 본다
1,2022-11-04,episode,char:432,char:432,아리아,출시 로스터,추정,,fa6089f2ac130a4445a8ec9a55aaa23c37c4,<승리의 여신: 니케> 정식 서비스 오픈 안내,공지에 도입 기록이 없다 — 출시 때부터 있던 니케로 본다
1,2022-11-04,episode,char:172,char:172,애드미,출시 로스터,추정,,fa6089f2ac130a4445a8ec9a55aaa23c37c4,<승리의 여신: 니케> 정식 서비스 오픈 안내,공지에 도입 기록이 없다 — 출시 때부터 있던 니케로 본다
1,2022-11-04,episode,char:191,char:191,앨리스,출시 로스터,추정,,fa6089f2ac130a4445a8ec9a55aaa23c37c4,<승리의 여신: 니케> 정식 서비스 오픈 안내,공지에 도입 기록이 없다 — 출시 때부터 있던 니케로 본다
1,2022-11-04,episode,char:201,char:201,얀,출시 로스터,추정,,fa6089f2ac130a4445a8ec9a55aaa23c37c4,<승리의 여신: 니케> 정식 서비스 오픈 안내,공지에 도입 기록이 없다 — 출시 때부터 있던 니케로 본다
1,2022-11-04,episode,char:291,char:291,에테르,출시 로스터,추정,,fa6089f2ac130a4445a8ec9a55aaa23c37c4,<승리의 여신: 니케> 정식 서비스 오픈 안내,공지에 도입 기록이 없다 — 출시 때부터 있던 니케로 본다
1,2022-11-04,episode,char:241,char:241,에피넬,출시 로스터,추정,,fa6089f2ac130a4445a8ec9a55aaa23c37c4,<승리의 여신: 니케> 정식 서비스 오픈 안내,공지에 도입 기록이 없다 — 출시 때부터 있던 니케로 본다
1,2022-11-04,episode,char:210,char:210,엑시아,출시 로스터,추정,,fa6089f2ac130a4445a8ec9a55aaa23c37c4,<승리의 여신: 니케> 정식 서비스 오픈 안내,공지에 도입 기록이 없다 — 출시 때부터 있던 니케로 본다
1,2022-11-04,episode,char:90,char:90,엠마,출시 로스터,추정,,fa6089f2ac130a4445a8ec9a55aaa23c37c4,<승리의 여신: 니케> 정식 서비스 오픈 안내,공지에 도입 기록이 없다 — 출시 때부터 있던 니케로 본다
1,2022-11-04,episode,char:160,char:160,유니,출시 로스터,추정,,fa6089f2ac130a4445a8ec9a55aaa23c37c4,<승리의 여신: 니케> 정식 서비스 오픈 안내,공지에 도입 기록이 없다 — 출시 때부터 있던 니케로 본다
1,2022-11-04,episode,char:150,char:150,율리아,출시 로스터,추정,,fa6089f2ac130a4445a8ec9a55aaa23c37c4,<승리의 여신: 니케> 정식 서비스 오픈 안내,공지에 도입 기록이 없다 — 출시 때부터 있던 니케로 본다
1,2022-11-04,episode,char:171,char:171,율하,출시 로스터,추정,,fa6089f2ac130a4445a8ec9a55aaa23c37c4,<승리의 여신: 니케> 정식 서비스 오픈 안내,공지에 도입 기록이 없다 — 출시 때부터 있던 니케로 본다
1,2022-11-04,episode,char:92,char:92,은화,출시 로스터,추정,,fa6089f2ac130a4445a8ec9a55aaa23c37c4,<승리의 여신: 니케> 정식 서비스 오픈 안내,공지에 도입 기록이 없다 — 출시 때부터 있던 니케로 본다
1,2022-11-04,episode,char:231,char:231,이사벨,손 보정,확실,,,,"사용자 확인(2026-10-08): 이사벨은(는) 출시 캐릭터가 맞다 — 호감도 스토리는 출시 때부터 있었고, 메인이 CH.17–21까지 풀린 뒤에야 그 상황을 알게 된 경우. 공지에 도입 기록이 없어 출시 로스터(추정)로 두었던 것을 확실로 올린다(X1d '뒤' 확인)."
1,2022-11-04,episode,char:110,char:110,크로우,출시 로스터,추정,,fa6089f2ac130a4445a8ec9a55aaa23c37c4,<승리의 여신: 니케> 정식 서비스 오픈 안내,공지에 도입 기록이 없다 — 출시 때부터 있던 니케로 본다
1,2022-11-04,episode,char:131,char:131,페퍼,출시 로스터,추정,,fa6089f2ac130a4445a8ec9a55aaa23c37c4,<승리의 여신: 니케> 정식 서비스 오픈 안내,공지에 도입 기록이 없다 — 출시 때부터 있던 니케로 본다
1,2022-11-04,episode,char:30,char:30,폴리,출시 로스터,추정,,fa6089f2ac130a4445a8ec9a55aaa23c37c4,<승리의 여신: 니케> 정식 서비스 오픈 안내,공지에 도입 기록이 없다 — 출시 때부터 있던 니케로 본다
1,2022-11-04,episode,char:242,char:242,폴크방,출시 로스터,추정,,fa6089f2ac130a4445a8ec9a55aaa23c37c4,<승리의 여신: 니케> 정식 서비스 오픈 안내,공지에 도입 기록이 없다 — 출시 때부터 있던 니케로 본다
1,2022-11-04,episode,char:170,char:170,프리바티,출시 로스터,추정,,fa6089f2ac130a4445a8ec9a55aaa23c37c4,<승리의 여신: 니케> 정식 서비스 오픈 안내,공지에 도입 기록이 없다 — 출시 때부터 있던 니케로 본다
1,2022-11-04,episode,char:142,char:142,프림,출시 로스터,추정,,fa6089f2ac130a4445a8ec9a55aaa23c37c4,<승리의 여신: 니케> 정식 서비스 오픈 안내,공지에 도입 기록이 없다 — 출시 때부터 있던 니케로 본다
1,2022-11-04,episode,char:230,char:230,하란,손 보정,확실,,,,"사용자 확인(2026-10-08): 하란은(는) 출시 캐릭터가 맞다 — 호감도 스토리는 출시 때부터 있었고, 메인이 CH.17–21까지 풀린 뒤에야 그 상황을 알게 된 경우. 공지에 도입 기록이 없어 출시 로스터(추정)로 두었던 것을 확실로 올린다(X1d '뒤' 확인)."
1,2022-11-04,episode,char:222,char:222,홍련,손 보정,확실,,,,"사용자 확인(2026-10-08): 홍련은(는) 출시 캐릭터가 맞다 — 호감도 스토리는 출시 때부터 있었고, 메인이 CH.17–21까지 풀린 뒤에야 그 상황을 알게 된 경우. 공지에 도입 기록이 없어 출시 로스터(추정)로 두었던 것을 확실로 올린다(X1d '뒤' 확인)."
1,2022-11-04,episode,char:120,char:120,N102,출시 로스터,추정,,fa6089f2ac130a4445a8ec9a55aaa23c37c4,<승리의 여신: 니케> 정식 서비스 오픈 안내,공지에 도입 기록이 없다 — 출시 때부터 있던 니케로 본다
2,2022-11-10,event,event_nocallerid,archive:40001,No Caller ID,기간 줄,확실,,a99bd917ac929a46efabf2ba0f9860c95097,11월 10일 업데이트 정기점검 안내,1）스토리 이벤트: No Caller ID / 이벤트 진행 기간: 2022년 11월 10일(목) 서버 오픈 이후 ~ 2022년 11월 24일(목) 4:59:59
2,2022-11-10,episode,char:352,char:352,헬름,기간 줄,확실,,a99bd917ac929a46efabf2ba0f9860c95097,11월 10일 업데이트 정기점검 안내,"고결한 바다의 함장, SSR 니케 헬름이 특수 모집에 합류합니다. / 모집 기간: 2022년 11월 10일(목) 서버 점검 종료 이후 ~ 2022년 11월 24일(목) 4:59:59"
3,2022-11-24,main,ch17,main:18,CHAPTER.17 지표,업데이트 날짜,확실,,c4cf49dca0d56a41ababa27a9d22fd258933,11월 24일 업데이트 공지,메인 시나리오 17챕터와 18챕터가 신규 개방되었습니다.
3,2022-11-24,main,ch18,main:19,CHAPTER.18 영웅,업데이트 날짜,확실,,c4cf49dca0d56a41ababa27a9d22fd258933,11월 24일 업데이트 공지,메인 시나리오 17챕터와 18챕터가 신규 개방되었습니다.
3,2022-11-24,event,event_hightechtoy,archive:40002,HIGHTECH TOY,기간 줄,확실,,c4cf49dca0d56a41ababa27a9d22fd258933,11월 24일 업데이트 공지,(1) 스토리 이벤트: 하이테크 토이(HIGHTECH TOY) / 이벤트 진행 기간: 2022년 11월 24일 서버 오픈 이후 ~ 2022년 12월 8일 4:59:59 (UTC+9)
3,2022-11-24,episode,char:100,char:100,라플라스,기간 줄,확실,,c4cf49dca0d56a41ababa27a9d22fd258933,11월 24일 업데이트 공지,"방주의 히어로, SSR 니케 라플라스가 특수 모집에 합류합니다. / 특수 모집 기간: 2022년 11월 24일 서버 점검 종료 이후 ~ 2022년 12월 8일 4:59:59 (UTC+9)"
4,2022-12-08,event,event_miraclesnow1,archive:80100,MIRACLE SNOW,손 보정,추정,,,,네이버 라운지 2022-12-08 '빌드 업데이트 개선사항 안내'(1237900): 12월 8일 업데이트 당일 「Miracle Snow」 빌드 문제를 알림. 공식 12월 20일 업데이트 공지는 이미 진행 중인 '겨울 이벤트 Miracle Snow'를 고친다. 12월 8일 업데이트 공지…
4,2022-12-08,episode,char:193,char:193,네베,손 보정,추정,,,,nikke-analysis roster.csv의 데이터 파일 날짜(datafile). 12월 8일 업데이트 공지가 남아 있지 않다.
4,2022-12-08,episode,char:203,char:203,루피 : 윈터 쇼퍼,손 보정,추정,,,,nikke-analysis roster.csv의 데이터 파일 날짜(datafile). 공식 12월 20일 업데이트 공지가 이미 [루피: 윈터 쇼퍼]를 고친다. 12월 8일 업데이트 공지가 남아 있지 않다.
5,2022-12-15,episode,char:121,char:121,앤 : 미라클 페어리,손 보정,추정,,,,nikke-analysis roster.csv의 데이터 파일 날짜(datafile). 12월 8일 업데이트(두 번째 모집) 공지가 남아 있지 않다.
6,2022-12-29,event,event_brandnewyear,archive:40005,BRAND NEW YEAR,기간 줄,확실,,0a4074e4ab49aa4ed6a8a6daa20612438af3,12월 29일 업데이트 공지,3.1 신규 스토리 이벤트: BRAND NEW YEAR / *이벤트 기간: 2022년 12월 29일 서버 점검 종료 이후 ～ 2023년 1월 11일 23:59:59(UTC+9)
7,2023-01-01,episode,char:260,char:260,모더니아,기간 줄,확실,,0a4074e4ab49aa4ed6a8a6daa20612438af3,12월 29일 업데이트 공지,1.1 SSR 필그림 [모더니아] / *특수 모집 기간: 2023년 1월 1일 00:00:00 ～ 2023년 1월 19일 4:59:59(UTC+9)
8,2023-01-12,main,ch19,main:20,CHAPTER.19 낙원,업데이트 날짜,확실,,3d7c57e7af303a476eabfa9a70f988c3b03e,1월 12일 업데이트 공지,메인 시나리오 19챕터와 20챕터가 신규 개방 되었습니다.
8,2023-01-12,main,ch20,main:21,CHAPTER.20 화룡,업데이트 날짜,확실,,3d7c57e7af303a476eabfa9a70f988c3b03e,1월 12일 업데이트 공지,메인 시나리오 19챕터와 20챕터가 신규 개방 되었습니다.
8,2023-01-12,event,event_doutsiders,archive:40006,D-OUTSIDERS,기간 줄,확실,,3d7c57e7af303a476eabfa9a70f988c3b03e,1월 12일 업데이트 공지,3.1 스토리 이벤트: D-OUTSIDERS / *이벤트 진행 기간: 2023년 1월 12일 서버 점검 종료 이후 ~ 2023년 1월 25일 23:59:59(UTC+9)
8,2023-01-12,episode,char:400,char:400,길티,업데이트 날짜,확실,,3d7c57e7af303a476eabfa9a70f988c3b03e,1월 12일 업데이트 공지,"‘길티’, ‘신’, ‘퀀시’는 모두 SSR 등급의 니케이며, 모집을 통해 획득하실 수 없습니다."
8,2023-01-12,episode,char:401,char:401,신,업데이트 날짜,확실,,3d7c57e7af303a476eabfa9a70f988c3b03e,1월 12일 업데이트 공지,"‘길티’, ‘신’, ‘퀀시’는 모두 SSR 등급의 니케이며, 모집을 통해 획득하실 수 없습니다."
8,2023-01-12,episode,char:111,char:111,자칼,기간 줄,확실,,3d7c57e7af303a476eabfa9a70f988c3b03e,1월 12일 업데이트 공지,1.1 SSR 캐릭터 [자칼] / *특수 모집 기간: 2023년 1월 12일 서버 점검 종료 이후 ～ 2023년 1월 25일 23:59:59 (UTC+9)
8,2023-01-12,episode,char:402,char:402,퀀시,업데이트 날짜,확실,,3d7c57e7af303a476eabfa9a70f988c3b03e,1월 12일 업데이트 공지,"‘길티’, ‘신’, ‘퀀시’는 모두 SSR 등급의 니케이며, 모집을 통해 획득하실 수 없습니다."
9,2023-01-19,episode,char:112,char:112,바이퍼,기간 줄,확실,,3d7c57e7af303a476eabfa9a70f988c3b03e,1월 12일 업데이트 공지,1.2 SSR캐릭터 [바이퍼] / *특수 모집 기간: 2023년 1월 19일 5:00:00 ~ 2023년 1월 31일 23:59:59 (UTC+9)
10,2023-02-01,event,event_maidinvalentine,archive:40007,Maid in Valentine,기간 줄,확실,,bb0b8e29af624a4888a990aa2b804d636268,2월 1일 업데이트 공지,3.1 신규 스토리 이벤트: Maid in Valentine / *이벤트 기간: 2023년 2월 1일 서버 점검 종료 이후 ～ 2023년 2월 15일 4:59:59
10,2023-02-01,episode,char:311,char:311,코코아,기간 줄,확실,,bb0b8e29af624a4888a990aa2b804d636268,2월 1일 업데이트 공지,1.1 SSR 캐릭터 [코코아] / *특수 모집 기간: 2023년 2월 1일 서버 점검 종료 이후 ～ 2023년 2월 15일 4:59:59
11,2023-02-08,episode,char:312,char:312,소다,기간 줄,확실,,bb0b8e29af624a4888a990aa2b804d636268,2월 1일 업데이트 공지,1.2 SSR 캐릭터 [소다] / *특수 모집 기간: 2023년 2월 8일 5:00:00 ～ 2023년 2월 21일 23:59:59(UTC+9)
12,2023-02-22,episode,char:800,char:800,마키마,기간 줄,확실,,c57cbdaca9af3a48cda8676ab0ccdb9e4b5c,2월 22일 업데이트 공지,1.1 SSR 캐릭터 [마키마] / * 기간 한정 모집 기간: 2023년 2월 22일 서버 점검 종료 이후 ~ 2023년 3월 15일 4:59:59 (UTC+9)
12,2023-02-22,episode,char:801,char:801,파워,기간 줄,확실,,c57cbdaca9af3a48cda8676ab0ccdb9e4b5c,2월 22일 업데이트 공지,1.2 SSR 캐릭터 [파워] / * 기간 한정 모집 기간: 2023년 2월 22일 서버 점검 종료 이후 ~ 2023년 3월 15일 4:59:59 (UTC+9)
12,2023-02-22,episode,char:802,char:802,히메노,기간 줄,확실,,c57cbdaca9af3a48cda8676ab0ccdb9e4b5c,2월 22일 업데이트 공지,1.3 SR 캐릭터 [히메노] / 획득 기간: 2023년 2월 22일 서버 점검 종료 이후 ~ 2023년 3월 15일 4:59:59 (UTC+9)
13,2023-03-15,event,event_bowwowparadise,archive:40010,BOW-WOW PARADISE,기간 줄,확실,,41fb4861ad518a40d2aa12bab8fd3be09e84,3월 15일 업데이트 공지,3.1 스토리 이벤트: BOW-WOW PARADISE / * 이벤트 진행 기간: 2023년 3월 15일 서버 점검 종료 이후 ~ 2023년 3월 29일 4:59:59 (UTC+9)
13,2023-03-15,episode,char:381,char:381,비스킷,기간 줄,확실,,41fb4861ad518a40d2aa12bab8fd3be09e84,3월 15일 업데이트 공지,1.1 SSR 캐릭터 [비스킷] / * 특수 모집 기간: 2023년 3월 15일 서버 점검 종료 이후 ~ 2023년 3월 30일 4:59:59 ( UTC+9)
14,2023-03-30,event,event_cherryblossom,archive:40011,CHERRY BLOSSOM,기간 줄,확실,,203670b8a4caea4290ab584a351efde711c1,3월30일 업데이트 공지,3.1 신규 스토리 이벤트 : CHERRY BLOSSOM / *이벤트 기간: 2023년 3월 30일 서버 점검 종료 이후 ~ 2023년 4월 13일 4:59:59 (UTC+9)
14,2023-03-30,episode,char:261,char:261,니힐리스타,업데이트 날짜,확실,,203670b8a4caea4290ab584a351efde711c1,3월30일 업데이트 공지,1.2 SSR 캐릭터 [니힐리스타]
14,2023-03-30,episode,char:282,char:282,사쿠라,기간 줄,확실,,203670b8a4caea4290ab584a351efde711c1,3월30일 업데이트 공지,1.1 SSR 캐릭터 [사쿠라] / *특수 모집 기간: 2023년 3월 30일 서버 점검 종료 이후 ~ 2023년 4월 13일 4:59:59 (UTC+9)
15,2023-04-01,event,event_fullfoolday,archive:130001,FULL FOOL DAY,손 보정,확실,,,,네이버 라운지 2023-04-01 'FULL FOOL DAY 이벤트 오픈' 공지: 'FULL FOOL DAY 이벤트가 오픈되었습니다.' 공식 사이트에는 2025년 아카이브 추가 공지만 있다. 사용자(2026-09-28): 만우절 이벤트는 언제나 4월 1일에 열린다.
16,2023-04-13,event,event_ltk,archive:40012,License to Kill,기간 줄,확실,,49f26298a590ba4568aa1dba1732fc977e47,4월 13일 업데이트 공지(4/13 14시 내용 수정),3.1 스토리 이벤트: License to Kill / * 이벤트 진행 기간: 2023년 4월 13일 서버 점검 종료 이후 ~ 2023년 4월 27일 4:59:59 (UTC+9)
16,2023-04-13,episode,char:40,char:40,D,기간 줄,확실,,49f26298a590ba4568aa1dba1732fc977e47,4월 13일 업데이트 공지(4/13 14시 내용 수정),2.1 [D] / * 특수 모집 기간: 2023년 4월 13일 서버 점검 종료 이후 ~ 2023년 4월 27일 4:59:59 (UTC+9)
17,2023-04-27,main,ch21,main:47,CHAPTER.21 거경,업데이트 날짜,확실,,ea9e0acea1741a4a52ab491aaee2e4d8e3b8,4월 27일 업데이트 공지,메인 시나리오 21챕터와 22챕터가 신규 개방 되었습니다.
17,2023-04-27,main,ch22,main:48,CHAPTER.22 침략,업데이트 날짜,확실,,ea9e0acea1741a4a52ab491aaee2e4d8e3b8,4월 27일 업데이트 공지,메인 시나리오 21챕터와 22챕터가 신규 개방 되었습니다.
17,2023-04-27,event,event_overzone,archive:1080300,OVER ZONE,기간 줄,확실,STORY I 2023-04-27; STORY II 2023-05-04,ea9e0acea1741a4a52ab491aaee2e4d8e3b8,4월 27일 업데이트 공지,3.1 신규 스토리 이벤트 : OVER ZONE / *이벤트 기간: 2023년 4월 27일 서버 점검 종료 이후 ~ 2023년 5월 18일 4:59:59 (UTC+9)
17,2023-04-27,episode,char:233,char:233,도로시,기간 줄,확실,,ea9e0acea1741a4a52ab491aaee2e4d8e3b8,4월 27일 업데이트 공지,1.1 SSR 캐릭터 [도로시] / *특수 모집 기간: 2023년 4월 27일 서버 점검 종료 이후 ~ 2023년 5월 18일 4:59:59 (UTC+9)
17,2023-04-27,episode,char:392,char:392,라이,업데이트 날짜,확실,,ea9e0acea1741a4a52ab491aaee2e4d8e3b8,4월 27일 업데이트 공지,1.2 SSR 캐릭터 [라이]
18,2023-05-18,event,event_BunnyX777,archive:40014,Bunny x 777,기간 줄,확실,,6d2a5d3ea4c04a4a9fab58daa3a840285d7c,5월 18일 업데이트 공지,3.1 신규 스토리 이벤트 : Bunny X 777 / *이벤트 기간: 2023년 5월 18일 서버 점검 종료 이후 ~ 2023년 6월 1일 4:59:59 (UTC+9)
18,2023-05-18,episode,char:270,char:270,블랑,기간 줄,확실,,6d2a5d3ea4c04a4a9fab58daa3a840285d7c,5월 18일 업데이트 공지,1.1 SSR 캐릭터 [블랑] / *특수 모집 기간: 2023년 5월 18일 서버 점검 종료 이후 ~ 2023년 6월 1일 4:59:59 (UTC+9)
19,2023-05-25,episode,char:271,char:271,누아르,기간 줄,확실,,6d2a5d3ea4c04a4a9fab58daa3a840285d7c,5월 18일 업데이트 공지,1.2 SSR 캐릭터 [누아르] / *특수 모집 기간: 2023년 5월 25일 5:00:00 ~ 2023년 6월 8일 4:59:59 (UTC+9)
20,2023-06-01,event,event_queensorder,archive:40015,Queen's Order,기간 줄,확실,,6b114240a70f1a4ebda86c1aefe343bb2a59,6월 1일 업데이트 공지[6월 1일 15:00 업데이트],3.1 신규 스토리 이벤트 : Queen's Order / *이벤트 기간: 2023년 6월 1일 서버 점검 종료 이후 ~ 2023년 6월 15일 4:59:59 (UTC+9)
20,2023-06-01,episode,char:280,char:280,로산나,기간 줄,확실,,6b114240a70f1a4ebda86c1aefe343bb2a59,6월 1일 업데이트 공지[6월 1일 15:00 업데이트],1.1 SSR 캐릭터 [로산나] / *특수 모집 기간: 2023년 6월 1일 서버 점검 종료 이후 ~ 2023년 6월 15일 4:59:59 (UTC+9)
21,2023-06-15,event,event_bluewaterisland,archive:80400,BLUEWATER ISLAND,기간 줄,확실,STORY I 2023-06-15; STORY II 2023-06-22,5caad71aaef71a4a28aa77ea78e78c4633f2,6월 15일 업데이트 공지(6/15 내용 변경),3.1 신규 스토리 이벤트 : BLUEWATER ISLAND / *이벤트 기간: 2023년 6월 15일 서버 점검 종료 이후 ~ 2023년 7월 6일 4:59:59 (UTC+9)
21,2023-06-15,episode,char:132,char:132,메어리 : 베이 갓데스,기간 줄,확실,,5caad71aaef71a4a28aa77ea78e78c4633f2,6월 15일 업데이트 공지(6/15 내용 변경),1.1 SSR 캐릭터 [메어리 : 베이 갓데스] / *기간 한정 모집 기간: 2023년 6월 15일 서버 점검 종료 이후 ~ 2023년 7월 6일 4:59:59 (UTC+9)
22,2023-06-22,episode,char:14,char:14,네온 : 블루 오션,기간 줄,확실,,5caad71aaef71a4a28aa77ea78e78c4633f2,6월 15일 업데이트 공지(6/15 내용 변경),1.2 SSR 캐릭터 [네온 : 블루 오션] / *기간 한정 모집 기간: 2023년 6월 22일 5:00:00 ~ 2023년 7월 13일 4:59:59 (UTC+9)
23,2023-07-06,event,event_nyanyaparadise,archive:40022,NYA NYA PARADISE,기간 줄,확실,,28a9884baa793a496fa815faa015cc054b48,7월 6일 업데이트 공지(7월 6일 23:20 내용 수정),3.1 신규 스토리 이벤트 : NYA NYA PARADISE / *이벤트 기간: 2023년 7월 6일 서버 점검 종료 이후 ~ 2023년 7월 20일 4:59:59 (UTC+9)
23,2023-07-06,episode,char:380,char:380,네로,기간 줄,확실,,28a9884baa793a496fa815faa015cc054b48,7월 6일 업데이트 공지(7월 6일 23:20 내용 수정),1.1 SSR 캐릭터 [네로] / *특수 모집 기간: 2023년 7월 6일 서버 점검 종료 이후 ~ 2023년 7월 20일 4:59:59 (UTC+9)
24,2023-07-20,main,ch23,main:50,CHAPTER.23 감옥,업데이트 날짜,확실,,2ec01cb0a4d6da4d1aa8e98a9a70923c6cc4,7월 20일 업데이트 공지(7/20 내용 업데이트),메인 시나리오 23챕터와 24챕터가 신규 개방 되었습니다.
24,2023-07-20,main,ch24,main:51,CHAPTER.24 추방,업데이트 날짜,확실,,2ec01cb0a4d6da4d1aa8e98a9a70923c6cc4,7월 20일 업데이트 공지(7/20 내용 업데이트),메인 시나리오 23챕터와 24챕터가 신규 개방 되었습니다.
24,2023-07-20,event,event_goldenship,archive:40023,Golden Ship,기간 줄,확실,,2ec01cb0a4d6da4d1aa8e98a9a70923c6cc4,7월 20일 업데이트 공지(7/20 내용 업데이트),3.1 신규 스토리 이벤트 : GOLDEN SHIP / *이벤트 기간: 2023년 7월 20일 서버 점검 종료 이후 ~ 2023년 8월 3일 4:59:59 (UTC+9)
24,2023-07-20,episode,char:350,char:350,마스트,기간 줄,확실,,2ec01cb0a4d6da4d1aa8e98a9a70923c6cc4,7월 20일 업데이트 공지(7/20 내용 업데이트),1.1 SSR 캐릭터 [마스트] / *특수 모집 기간: 2023년 7월 20일 서버 점검 종료 이후 ~ 2023년 8월 3일 4:59:59 (UTC+9)
25,2023-08-03,event,event_seayouagain1,archive:80600,"SEA, YOU, AGAIN",기간 줄,확실,STORY I 2023-08-03; STORY II 2023-08-10,81bfbb8faaf71a49a6a8fa7a764a809866ec,8월 3일 업데이트 공지(8/8 내용 추가),"3.1 신규 스토리 이벤트 : SEA, YOU, AGAIN / *이벤트 기간: 2023년 8월 3일 서버 점검 종료 이후 ~ 2023년 8월 24일 4:59:59 (UTC+9)"
25,2023-08-03,episode,char:15,char:15,아니스 : 스파클링 서머,기간 줄,확실,,81bfbb8faaf71a49a6a8fa7a764a809866ec,8월 3일 업데이트 공지(8/8 내용 추가),1.1 SSR 니케 [아니스 : 스파클링 서머] / *기간 한정 모집 기간: 2023년 8월 3일 서버 점검 종료 이후 ~ 2023년 8월 24일 4:59:59 (UTC+9)
25,2023-08-03,episode,char:351,char:351,앵커,기간 줄,확실,,81bfbb8faaf71a49a6a8fa7a764a809866ec,8월 3일 업데이트 공지(8/8 내용 추가),1.3 SR 니케 [앵커] / *획득 기간: 2023년 8월 3일 서버 점검 종료 이후 ~ 2023년 8월 24일 4:59:59 (UTC+9)
26,2023-08-10,episode,char:353,char:353,헬름 : 아쿠아마린,기간 줄,확실,,81bfbb8faaf71a49a6a8fa7a764a809866ec,8월 3일 업데이트 공지(8/8 내용 추가),1.2 SSR 니케 [헬름 : 아쿠아마린] / *기간 한정 모집 기간: 2023년 8월 10일 5:00:00 ~ 2023년 8월 31일 23:59:59 (UTC+9)
27,2023-08-24,event,event_firstaffection,archive:130002,First Affection,기간 줄,확실,,c09256cea89a1a4b49a9399af5ee7aee51e3,8월 24일 업데이트 공지(8/24 업데이트),2.2 스폐셜 이벤트: First Affection / *이벤트 기간: 2023년 8월 24일 서버 점검 종료 이후 ~ 2023년 8월 31일 23:59:59 (UTC+9)
28,2023-09-01,episode,char:810,char:810,2B,기간 줄,확실,,19eaeaeea037ea4bb9abf41a9b9d92488597,9월 1일 업데이트 공지(9/6 업데이트),1.1 SSR 캐릭터 [2B] / *기간 한정 모집 기간: 2023년 9월 1일 서버 점검 종료 이후 ~ 2023년 9월 28일 4:59:59 (UTC+9)
28,2023-09-01,episode,char:812,char:812,파스칼,기간 줄,확실,,19eaeaeea037ea4bb9abf41a9b9d92488597,9월 1일 업데이트 공지(9/6 업데이트),1.3 SR 캐릭터 [파스칼] / 획득 기간: 2023년 9월 1일 서버 점검 종료 이후 ~ 2023년 9월 28일 4:59:59 (UTC+9)
29,2023-09-08,episode,char:811,char:811,A2,기간 줄,확실,,19eaeaeea037ea4bb9abf41a9b9d92488597,9월 1일 업데이트 공지(9/6 업데이트),1.2 SSR 캐릭터 [A2] / *기간 한정 모집 기간: 2023년 9월 8일 5:00:00～2023년 9월 28일 4:59:59（UTC+9）
30,2023-09-21,event,event_schooloflock,archive:40028,SCHOOL OF LOCK,기간 줄,확실,,1af1ec8fae088a42b0a9ddca4607a62008f7,9월 21일 업데이트 공지,3.1 신규 스토리 이벤트 : SCHOOL OF LOCK / *이벤트 기간: 2023년 9월 21일 서버 점검 종료 이후 ~ 2023년 10월 5일 4:59:59 (UTC+9)
30,2023-09-21,episode,char:321,char:321,마르차나,기간 줄,확실,,1af1ec8fae088a42b0a9ddca4607a62008f7,9월 21일 업데이트 공지,1.1 SSR 니케 [마르차나] / *특수 모집 기간: 2023년 9월 21일 서버 점검 종료 이후 ~ 2023년 10월 5일 4:59:59 (UTC+9)
31,2023-10-05,event,event_dazzlingcupid,archive:40029,DAZZLING CUPID,기간 줄,확실,,39990bc8a0122a42f8ab9aeaed08b0404504,10월 5일 신규 추가 컨텐츠 안내,3.1 신규 스토리 이벤트 : DAZZLING CUPID / *이벤트 기간: 2023년 10월 5일 12:00:00 ~ 2023년 10월 19일 4:59:59 (UTC+9)
31,2023-10-05,episode,char:450,char:450,나가,기간 줄,확실,,39990bc8a0122a42f8ab9aeaed08b0404504,10월 5일 신규 추가 컨텐츠 안내,1.1 SSR 니케 [나가] / *특수 모집 기간: 2023년 10월 5일 12:00:00 ~ 2023년 10월 19일 4:59:59 (UTC+9)
32,2023-10-12,episode,char:451,char:451,티아,기간 줄,확실,,39990bc8a0122a42f8ab9aeaed08b0404504,10월 5일 신규 추가 컨텐츠 안내,1.2 SSR 니케 [티아] / *특수 모집 기간: 2023년 10월 12일 5:00:00 ~ 2023년 10월 26일 4:59:59 (UTC+9)
33,2023-10-19,event,event_freezeacpu,archive:40030,A.C.P.U.! FREEZE!,기간 줄,확실,,72a4a297a207fa4157a98f9a7d962fe35c7f,10월 19일 업데이트 공지,3.1 신규 스토리 이벤트 : A.C.P.U.! FREEZE! / *이벤트 기간: 2023년 10월 19일 서버 점검 종료 이후 ~ 2023년 11월 1일 23:59:59 (UTC+9)
33,2023-10-19,episode,char:33,char:33,키리,기간 줄,확실,,72a4a297a207fa4157a98f9a7d962fe35c7f,10월 19일 업데이트 공지,1.1 SSR 니케 [키리] / *특수 모집 기간: 2023년 10월 19일 서버 점검 종료 이후 ~ 2023년 11월 1일 23:59:59 (UTC+9)
34,2023-11-02,main,ch25,main:52,CHAPTER.25 추적,업데이트 날짜,확실,,e0018585a4c07a416aa9411a235a0290da5c,11월 2일 업데이트 공지(11/27 내용 수정),메인 시나리오 25챕터와 26챕터가 신규 개방 되었습니다.
34,2023-11-02,main,ch26,main:53,CHAPTER.26 귀환,업데이트 날짜,확실,,e0018585a4c07a416aa9411a235a0290da5c,11월 2일 업데이트 공지(11/27 내용 수정),메인 시나리오 25챕터와 26챕터가 신규 개방 되었습니다.
34,2023-11-02,event,event_redash,archive:80800,RED ASH,기간 줄,확실,STORY I 2023-11-02; STORY II 2023-11-09,e0018585a4c07a416aa9411a235a0290da5c,11월 2일 업데이트 공지(11/27 내용 수정),3.1 신규 스토리 이벤트 : RED ASH / *이벤트 기간: 2023년 11월 2일 서버 점검 종료 이후 ~ 2023년 11월 23일 4:59:59 (UTC+9)
34,2023-11-02,episode,char:470,char:470,레드 후드,기간 줄,확실,,e0018585a4c07a416aa9411a235a0290da5c,11월 2일 업데이트 공지(11/27 내용 수정),1.1 SSR 니케 [레드 후드] / *특수 모집 기간: 2023년 11월 2일 서버 점검 종료 이후 ~ 2023년 11월 23일 4:59:59 (UTC+9)
34,2023-11-02,episode,char:224,char:224,스노우 화이트 : 이노센트 데이즈,업데이트 날짜,확실,,e0018585a4c07a416aa9411a235a0290da5c,11월 2일 업데이트 공지(11/27 내용 수정),1.2 SSR 니케 [스노우 화이트: 이노센트 데이즈]
35,2023-11-23,event,event_alonesurvivor,archive:40033,ALONE SURVIVOR,기간 줄,확실,,de82a829aeefba4f16aa9cfaa02effb2dda9,11월 23일 업데이트 공지(11/24 내용 추가),3.1 신규 스토리 이벤트 : ALONE SURVIVOR / *이벤트 기간: 2023년 11월 23일 서버 점검 종료 이후 ~ 2023년 12월 7일 4:59:59 (UTC+9)
35,2023-11-23,episode,char:192,char:192,토브,기간 줄,확실,,de82a829aeefba4f16aa9cfaa02effb2dda9,11월 23일 업데이트 공지(11/24 내용 추가),1.1 SSR 니케 [토브] / *특수 모집 기간: 2023년 11월 23일 서버 점검 종료 이후 ~ 2023년 12월 7일 4:59:59 (UTC+9)
36,2023-12-07,event,event_neverland1,archive:80900,NEVERLAND,기간 줄,확실,STORY I 2023-12-07; STORY II 2023-12-14,58221644ac180a474aa9c48a3267cb8b051a,12월 7일 업데이트 공지,4.1 신규 스토리 이벤트 : NEVERLAND / *이벤트 기간: 2023년 12월 7일 서버 점검 종료 이후 ~ 2023년 12월 28일 4:59:59 (UTC+9)
36,2023-12-07,episode,char:194,char:194,루드밀라 : 윈터 오너,기간 줄,확실,,58221644ac180a474aa9c48a3267cb8b051a,12월 7일 업데이트 공지,1.1 SSR 니케 [루드밀라 : 윈터 오너] / *기간 한정 모집 기간: 2023년 12월 7일 서버 점검 종료 이후 ~ 2023년 12월 28일 4:59:59 (UTC+9)
37,2023-12-14,episode,char:62,char:62,미카 : 스노우 버디,기간 줄,확실,,58221644ac180a474aa9c48a3267cb8b051a,12월 7일 업데이트 공지,1.2 SSR 니케 [미카 : 스노우 버디] / *기간 한정 모집 기간: 2023년 12월 14일 5:00:00 ~ 2023년 12월 31일 23:59:59 (UTC+9)
38,2023-12-28,event,event_newyearnewsword,archive:40036,"NEW YEAR, NEW SWORD",기간 줄,확실,,617232e2ac963a4d5fa9ed4a860bfde78848,12월 28일 업데이트 사전 공지,"3.1 신규 스토리 이벤트 : NEW YEAR, NEW SWORD / *이벤트 기간: 2023년 12월 28일 서버 점검 종료 이후 ~ 2024년 1월 11일 4:59:59 (UTC+9)"
39,2024-01-01,episode,char:225,char:225,홍련 : 흑영,기간 줄,확실,,617232e2ac963a4d5fa9ed4a860bfde78848,12월 28일 업데이트 사전 공지,1.1 SSR 니케 [홍련 : 흑영] / *특수 모집 기간: 2024년 1월 1일 0:00:00 ~ 2024년 1월 18일 4:59:59 (UTC+9)
40,2024-01-11,event,event_lionheart,archive:40037,LION HEART,기간 줄,확실,,71ed7110ac939a4d3aa95b6ad00a5271cfe2,1월 11일 업데이트 사전 공지,2.1 신규 스토리 이벤트 : LION HEART / *이벤트 기간: 2024년 1월 11일 서버 점검 종료 이후 ~ 2024년 1월 25일 4:59:59 (UTC+9)
40,2024-01-11,episode,char:382,char:382,레오나,기간 줄,확실,,71ed7110ac939a4d3aa95b6ad00a5271cfe2,1월 11일 업데이트 사전 공지,1.1 SSR 니케 [레오나] / *특수 모집 기간: 2024년 1월 11일 서버 점검 종료 이후 ~ 2024년 1월 25일 4:59:59 (UTC+9)
41,2024-01-25,event,event_dirtybackyard,archive:40038,DIRTY BACKYARD,기간 줄,확실,,808fc783a9e6da4b95a8b4ba45ee462589a8,1월 25일 신규 추가 콘텐츠 안내(1/24 수정),3.1 신규 스토리 이벤트 : DIRTY BACKYARD / *이벤트 기간: 2024년 1월 25일 12:00:00 ~ 2024년 2월 8일 4:59:59 (UTC+9)
41,2024-01-25,episode,char:281,char:281,목단,기간 줄,확실,,808fc783a9e6da4b95a8b4ba45ee462589a8,1월 25일 신규 추가 콘텐츠 안내(1/24 수정),1.1 SSR 니케 [목단] / *특수 모집 기간: 2024년 1월 25일 12:00:00 ~ 2024년 2월 8일 4:59:59 (UTC+9)
42,2024-02-05,event,event_perfectmaid,archive:40039,PERFECT MAID,기간 줄,확실,,bdce938da89f4a45e1ab627ae8de53a3fbe0,2월 5일 업데이트 공지,3.1 신규 스토리 이벤트 : PERFECT MAID / *이벤트 기간: 2024년 2월 5일 서버 점검 종료 이후 ~ 2024년 2월 22일 4:59:59 (UTC+9)
42,2024-02-05,episode,char:313,char:313,프리바티 : 언카인드 메이드,기간 줄,확실,,bdce938da89f4a45e1ab627ae8de53a3fbe0,2월 5일 업데이트 공지,1.1 SSR 니케 [프리바티 : 언카인드 메이드] / *특수 모집 기간: 2024년 2월 5일 서버 점검 종료 이후 ~ 2024년 2월 22일 4:59:59 (UTC+9)
43,2024-02-15,episode,char:310,char:310,에이드,기간 줄,확실,,bdce938da89f4a45e1ab627ae8de53a3fbe0,2월 5일 업데이트 공지,1.2 SSR 니케 [에이드] / *특수 모집 기간: 2024년 2월 15일 5:00:00 ~ 2024년 2월 29일 4:59:59 (UTC+9)
44,2024-02-22,main,ch27,main:54,CHAPTER.27 탐색,업데이트 날짜,확실,,31ea70b3af278a4f86aaa53ace45867993f3,2월 22일 업데이트 공지,메인 시나리오 27챕터와 28챕터가 신규 개방되었습니다.
44,2024-02-22,main,ch28,main:55,CHAPTER.28 미지,업데이트 날짜,확실,,31ea70b3af278a4f86aaa53ace45867993f3,2월 22일 업데이트 공지,메인 시나리오 27챕터와 28챕터가 신규 개방되었습니다.
44,2024-02-22,event,event_boomsday,archive:40040,BOOMS DAY,기간 줄,확실,,31ea70b3af278a4f86aaa53ace45867993f3,2월 22일 업데이트 공지,3.1 신규 스토리 이벤트 : BOOMS DAY / *이벤트 기간: 2024년 2월 22일 서버 점검 종료 이후 ~ 2024년 3월 6일 23:59:59 (UTC+9)
44,2024-02-22,episode,char:500,char:500,일레그,기간 줄,확실,,31ea70b3af278a4f86aaa53ace45867993f3,2월 22일 업데이트 공지,1.1 SSR 니케 [일레그] / *특수 모집 기간: 2024년 2월 22일 서버 점검 종료 이후 ~ 2024년 3월 6일 23:59:59 (UTC+9)
45,2024-03-07,event,event_killthelord,archive:40043,KILL THE LORD,기간 줄,확실,,b2a445cca7213a4532a9543acf675324d34f,3월 7일 업데이트 공지(3/8 내용 추가),2.1 신규 스토리 이벤트 : KILL THE LORD / *이벤트 기간: 2024년 3월 7일 서버 점검 종료 이후 ~ 2024년 3월 20일 23:59:59 (UTC+9)
45,2024-03-07,episode,char:43,char:43,D : 킬러 와이프,기간 줄,확실,,b2a445cca7213a4532a9543acf675324d34f,3월 7일 업데이트 공지(3/8 내용 추가),1.1 SSR 니케 [D : 킬러 와이프] / *특수 모집 기간: 2024년 3월 7일 서버 점검 종료 이후 ~ 2024년 3월 20일 23:59:59 (UTC+9)
46,2024-03-21,episode,char:822,char:822,람,기간 줄,확실,,5605ded7aee3ea439ea9d90a823309f6b46e,3월 21일 업데이트 공지(4/1 내용 추가),1.3 SR 캐릭터 [람] / 획득 기간: 2024년 3월 21일 서버 점검 종료 이후 ~ 2024년 4월 11일 4:59:59 (UTC+9)
46,2024-03-21,episode,char:821,char:821,에밀리아,기간 줄,확실,,5605ded7aee3ea439ea9d90a823309f6b46e,3월 21일 업데이트 공지(4/1 내용 추가),1.1 SSR 캐릭터 [에밀리아] / *기간 한정 모집 기간: 2024년 3월 21일 서버 점검 종료 이후 ~ 2024년 4월 11일 4:59:59 (UTC+9)
47,2024-03-28,episode,char:820,char:820,렘,기간 줄,확실,,5605ded7aee3ea439ea9d90a823309f6b46e,3월 21일 업데이트 공지(4/1 내용 추가),1.2 SSR 캐릭터 [렘] / *기간 한정 모집 기간: 2024년 3월 28일 5:00:00 ~ 2024년 4월 11일 4:59:59 (UTC+9)
48,2024-04-01,event,event_liarsend,archive:130004,LIAR'S END,손 보정,확실,,,,"사용자(2026-09-28): 만우절 이벤트는 언제나 4월 1일에 열린다. 해는 2024년 — 2023(FULL FOOL DAY) · 2025(FOOL BURST DAY, 공식 공지) · 2026(FOOL METAL PANIC!, 공식 공지)은 다른 이벤트이고, 아카이브 ID 순서(1…"
49,2024-04-11,side,side:second_affection,side:second_affection,SECOND AFFECTION,손 보정,확실,,,,"공식 '4월 11일 업데이트 공지'(d29c352aa92f4a4da7aae2da1e315712f640) '3.1 사이드 스토리' 절은 이름 없이 '상시 콘텐츠 사이드 스토리가 제공 됩니다'라고만 한다. 공식 '【개발자 노트】2024년 02월 2차'(2024-02-29, f3ebe0b8…"
49,2024-04-11,event,event_onemoretime,archive:40044,ONE MORE TIME,기간 줄,확실,,d29c352aa92f4a4da7aae2da1e315712f640,4월 11일 업데이트 공지,2.1 신규 스토리 이벤트 : ONE MORE TIME / *이벤트 기간: 2024년 4월 11일 서버 점검 종료 이후 ~ 2024년 4월 24일 23:59:59 (UTC+9)
49,2024-04-11,episode,char:550,char:550,베이,기간 줄,확실,,d29c352aa92f4a4da7aae2da1e315712f640,4월 11일 업데이트 공지,1.1 SSR 니케 [베이] / *특수 모집 기간: 2024년 4월 11일 서버 점검 종료 이후 ~ 2024년 4월 24일 23:59:59 (UTC+9)
50,2024-04-25,main,ch29,main:56,CHAPTER.29 구출,업데이트 날짜,확실,,4416fa63a8e43a497fab52cad70e488dc20d,4월 25일 업데이트 공지,메인 시나리오 29챕터와 30챕터가 신규 개방됩니다.
50,2024-04-25,main,ch30,main:57,CHAPTER.30 보물,업데이트 날짜,확실,,4416fa63a8e43a497fab52cad70e488dc20d,4월 25일 업데이트 공지,메인 시나리오 29챕터와 30챕터가 신규 개방됩니다.
50,2024-04-25,event,event_lastkingdom1,archive:81200,LAST KINGDOM,기간 줄,확실,STORY I 2024-04-25; STORY II 2024-05-02,4416fa63a8e43a497fab52cad70e488dc20d,4월 25일 업데이트 공지,3.1 신규 스토리 이벤트 : LAST KINGDOM / *이벤트 기간: 2024년 4월 25일 서버 점검 종료 이후 ~ 2024년 5월 16일 4:59:59 (UTC+9)
50,2024-04-25,episode,char:330,char:330,크라운,기간 줄,확실,,4416fa63a8e43a497fab52cad70e488dc20d,4월 25일 업데이트 공지,1.1 SSR 니케 [크라운] / *특수 모집 기간: 2024년 4월 25일 서버 점검 종료 이후 ~ 2024년 5월 16일 4:59:59 (UTC+9)
50,2024-04-25,episode,char:361,char:361,킬로,업데이트 날짜,확실,,4416fa63a8e43a497fab52cad70e488dc20d,4월 25일 업데이트 공지,1.2 SSR 니케 [킬로]
51,2024-05-16,event,event_darkhero,archive:40047,D.ARK HERO,기간 줄,확실,,24ccc9b8aaac6a4b6baab20a2dfb812ff1a3,5월 16일 업데이트 공지(5/17 내용 추가),2.1 신규 스토리 이벤트 : D.ARK HERO / *이벤트 기간: 2024년 5월 16일 서버 점검 종료 이후 ~ 2024년 5월 30일 4:59:59 (UTC+9)
51,2024-05-16,episode,char:501,char:501,트로니,기간 줄,확실,,24ccc9b8aaac6a4b6baab20a2dfb812ff1a3,5월 16일 업데이트 공지(5/17 내용 추가),1.1 SSR 니케 [트로니] / *특수 모집 기간: 2024년 5월 16일 서버 점검 종료 이후 ~ 2024년 5월 30일 4:59:59 (UTC+9)
52,2024-05-30,event,event_goldencoinrush1,archive:81300,GOLDEN COIN RUSH,기간 줄,확실,STORY I 2024-05-30; STORY II 2024-06-06,1d99bc12a357ca470da83eda74655bb1fb27,5월 30일 업데이트 공지(6/3 내용 추가),3.1 신규 스토리 이벤트 : GOLDEN COIN RUSH / *이벤트 기간: 2024년 5월 30일 서버 점검 종료 이후 ~ 2024년 6월 20일 4:59:59 (UTC+9)
52,2024-05-30,episode,char:314,char:314,소다 : 트윙클링 바니,기간 줄,확실,,1d99bc12a357ca470da83eda74655bb1fb27,5월 30일 업데이트 공지(6/3 내용 추가),1.1 SSR 니케 [소다 : 트윙클링 바니] / *특수 모집 기간: 2024년 5월 30일 서버 점검 종료 이후 ~ 2024년 6월 20일 4:59:59 (UTC+9)
53,2024-06-06,episode,char:195,char:195,앨리스 : 원더랜드 바니,기간 줄,확실,,1d99bc12a357ca470da83eda74655bb1fb27,5월 30일 업데이트 공지(6/3 내용 추가),1.2 SSR 니케 [앨리스 : 원더랜드 바니] / *특수 모집 기간: 2024년 6월 6일 5:00:00 ~ 2024년 6월 27일 4:59:59 (UTC+9)
54,2024-06-20,event,event_claymore,archive:40050,"CLAY, MORE!",기간 줄,확실,,52797ae2a52e1a45a8abd16a31be257db5f5,6월 20일 업데이트 공지,"3.1 신규 스토리 이벤트 : CLAY, MORE! / *이벤트 기간: 2024년 6월 20일 서버 점검 종료 이후 ~ 2024년 7월 3일 23:59:59 (UTC+9)"
54,2024-06-20,episode,char:551,char:551,클레이,기간 줄,확실,,52797ae2a52e1a45a8abd16a31be257db5f5,6월 20일 업데이트 공지,1.1 SSR 니케 [클레이] / *특수 모집 기간: 2024년 6월 20일 서버 점검 종료 이후 ~ 2024년 7월 3일 23:59:59 (UTC+9)
55,2024-07-04,event,event_beautyfullshot1,archive:81400,BEAUTY FULL SHOT,기간 줄,확실,STORY I 2024-07-04; STORY II 2024-07-11,294ad293a4ab6a4bf9aa8baa2bcfaa8dbf5e,7월 4일 업데이트 공지,3.1 신규 스토리 이벤트 : BEAUTY FULL SHOT / *이벤트 기간: 2024년 7월 4일 서버 점검 종료 이후 ~ 2024년 7월 25일 4:59:59 (UTC+9)
55,2024-07-04,episode,char:284,char:284,사쿠라 : 블룸 인 서머,기간 줄,확실,,294ad293a4ab6a4bf9aa8baa2bcfaa8dbf5e,7월 4일 업데이트 공지,1.1 SSR 니케 [사쿠라 : 블룸 인 서머] / *기간 한정 모집 기간: 2024년 7월 4일 서버 점검 종료 이후 ~ 2024년 7월 25일 4:59:59 (UTC+9)
56,2024-07-11,episode,char:283,char:283,로산나 : 시크 오션,기간 줄,확실,,294ad293a4ab6a4bf9aa8baa2bcfaa8dbf5e,7월 4일 업데이트 공지,1.2 SSR 니케 [로산나 : 시크 오션] / *기간 한정 모집 기간: 2024년 7월 11일 5:00:00 ~ 2024년 8월 1일 4:59:59 (UTC+9)
57,2024-07-25,main,ch31,main:58,CHAPTER.31 마수,업데이트 날짜,확실,,609dc42cabae4a48d3a9977add79c761103e,7월 25일 업데이트 공지(8/1 내용 추가),메인 시나리오 31챕터와 32챕터가 신규 개방됩니다.
57,2024-07-25,main,ch32,main:59,CHAPTER.32 전진,업데이트 날짜,확실,,609dc42cabae4a48d3a9977add79c761103e,7월 25일 업데이트 공지(8/1 내용 추가),메인 시나리오 31챕터와 32챕터가 신규 개방됩니다.
57,2024-07-25,event,event_juveniledays,archive:40053,JUVENILE DAYS,기간 줄,확실,,609dc42cabae4a48d3a9977add79c761103e,7월 25일 업데이트 공지(8/1 내용 추가),3.1 신규 스토리 이벤트 : JUVENILE DAYS / *이벤트 기간: 2024년 7월 25일 서버 점검 종료 이후 ~ 2024년 8월 8일4:59:59 (UTC+9)
57,2024-07-25,episode,char:391,char:391,아인,기간 줄,확실,,609dc42cabae4a48d3a9977add79c761103e,7월 25일 업데이트 공지(8/1 내용 추가),1.1 SSR 니케 [아인] / *특수 모집 기간: 2024년 7월 25일 서버 점검 종료 이후 ~ 2024년 8월 8일 4:59:59 (UTC+9)
58,2024-08-08,event,event_colorless,archive:40054,COLORLESS,기간 줄,확실,,edad1e83afba6a4a32a9088a08b58f03f587,8월 8일 업데이트 공지,3.1 신규 스토리 이벤트 : COLORLESS / *이벤트 기간: 2024년 8월 8일 서버 점검 종료 이후 ~ 2024년 8월 21일 23:59:59 (UTC+9)
58,2024-08-08,episode,char:390,char:390,츠바이,기간 줄,확실,,edad1e83afba6a4a32a9088a08b58f03f587,8월 8일 업데이트 공지,1.1 SSR 니케 [츠바이] / *특수 모집 기간: 2024년 8월 8일 서버 점검 종료 이후~ 2024년 8월 21일 23:59:59 (UTC+9)
59,2024-08-22,episode,char:833,char:833,미사토,기간 줄,확실,,6887504fa1db3a4f56a8060a7d733ae1311f,8월 22일 업데이트 공지(8/30 내용 추가),1.4 SR 캐릭터 [미사토] / 획득 기간: 2024년 8월22일 서버 점검 종료 이후 ~ 2024년 9월 19일 4:59:59 (UTC+9)
59,2024-08-22,episode,char:830,char:830,아스카,기간 줄,확실,,6887504fa1db3a4f56a8060a7d733ae1311f,8월 22일 업데이트 공지(8/30 내용 추가),1.1 SSR 캐릭터 [아스카] / *기간 한정 모집 기간: 2024년 8월 22일 서버 점검 종료 이후 ~ 2024년 9월 19일 4:59:59 (UTC+9)
60,2024-08-29,episode,char:831,char:831,레이,기간 줄,확실,,6887504fa1db3a4f56a8060a7d733ae1311f,8월 22일 업데이트 공지(8/30 내용 추가),1.2 SSR 캐릭터 [레이] / *기간 한정 모집 기간: 2024년 8월 29일 5:00:00 ~ 2024년 9월 19일 4:59:59 (UTC+9)
61,2024-09-05,episode,char:832,char:832,마리,기간 줄,확실,,6887504fa1db3a4f56a8060a7d733ae1311f,8월 22일 업데이트 공지(8/30 내용 추가),1.3 SSR 캐릭터 [마리] / *기간 한정 모집 기간: 2024년 9월 5일 5:00:00 ~ 2024년 9월 19일 4:59:59 (UTC+9)
62,2024-09-19,event,event_jinxplayer,archive:40058,JINX PLAYER,기간 줄,확실,,30020eb2a9811a480fa9dc3acd89190f89b8,9월 19일 업데이트 공지(9/23 내용 추가),3.1 신규 스토리 이벤트 : JINX PLAYER / *이벤트 기간: 2024년 9월 19일 서버 점검 종료 이후 ~ 2024년 10월 3일 4:59:59 (UTC+9)
62,2024-09-19,event,event_nonsensered,archive:130005,Nonsense Red,기간 줄,확실,,30020eb2a9811a480fa9dc3acd89190f89b8,9월 19일 업데이트 공지(9/23 내용 추가),3.4 스페셜 이벤트 : Nonsense Red / *이벤트 기간: 2024년 9월 19일 서버 점검 종료 이후 ~ 2024년 10월 3일 4:59:59 (UTC+9)
62,2024-09-19,episode,char:272,char:272,루주,기간 줄,확실,,30020eb2a9811a480fa9dc3acd89190f89b8,9월 19일 업데이트 공지(9/23 내용 추가),1.1 SSR 니케 [루주] / *특수 모집 기간: 2024년 9월 19일 서버 점검 종료 이후 ~ 2024년 10월 3일 4:59:59 (UTC+9)
63,2024-10-03,event,event_phantomthiefvsdetective,archive:40059,PHANTOM THIEF VS DETECTIVE,기간 줄,확실,,ca1fa17eab7e5a485fa952bacb73fce5a6f0,10월 3일 신규 추가 콘텐츠 안내,3.1 신규 스토리 이벤트 : PHANTOM THIEF VS DETECTIVE / *이벤트 기간: 2024년 10월 3일 12:00:00 ~ 2024년 10월 17일 4:59:59 (UTC+9)
63,2024-10-03,episode,char:403,char:403,퀀시 : 이스케이프 퀸,기간 줄,확실,,ca1fa17eab7e5a485fa952bacb73fce5a6f0,10월 3일 신규 추가 콘텐츠 안내,1.1 SSR 니케 [퀀시 : 이스케이프 퀸] / *특수 모집 기간: 2024년 10월 3일 12:00:00 ~ 2024년 10월 17일 4:59:59 (UTC+9)
64,2024-10-10,episode,char:580,char:580,팬텀,기간 줄,확실,,ca1fa17eab7e5a485fa952bacb73fce5a6f0,10월 3일 신규 추가 콘텐츠 안내,1.2 SSR 니케 [팬텀] / *특수 모집 기간: 2024년 10월 10일 5:00:00 ~ 2024년 10월 24일 4:59:59 (UTC+9)
65,2024-10-17,side,side:wordless,side:wordless,WORDLESS,업데이트 날짜,확실,,700e8e3ca6ebaa4cbcab1f2a1d217cd0c2c0,10월 17일 업데이트 공지,3. 사이드 스토리 - WORDLESS
65,2024-10-17,event,event_lifeagain,archive:40060,LIFE AGAIN,기간 줄,확실,,700e8e3ca6ebaa4cbcab1f2a1d217cd0c2c0,10월 17일 업데이트 공지,2.1 신규 스토리 이벤트 : LIFE AGAIN / *이벤트 기간: 2024년 10월 17일 서버 점검 종료 이후 ~ 2024년 10월 30일 23:59:59 (UTC+9)
65,2024-10-17,episode,char:240,char:240,루마니,기간 줄,확실,,700e8e3ca6ebaa4cbcab1f2a1d217cd0c2c0,10월 17일 업데이트 공지,1.1 SSR 니케 [루마니] / *특수 모집 기간: 2024년 10월 17일 서버 점검 종료 이후 ~ 2024년 10월 30일 23:59:59 (UTC+9)
66,2024-10-31,main,ch33,main:60,CHAPTER.33 격돌,업데이트 날짜,확실,,80afaa1baf61ea487baaed1a88776bbb30f9,10월 31일 업데이트 공지(10월 31일 공지 수정),메인 시나리오 33 챕터와 34 챕터가 신규 개방됩니다.
66,2024-10-31,main,ch34,main:61,CHAPTER.34 계승,업데이트 날짜,확실,,80afaa1baf61ea487baaed1a88776bbb30f9,10월 31일 업데이트 공지(10월 31일 공지 수정),메인 시나리오 33 챕터와 34 챕터가 신규 개방됩니다.
66,2024-10-31,event,event_oldtales1,archive:81600,OLD TALES,기간 줄,확실,STORY I 2024-10-31; STORY II 2024-11-07,80afaa1baf61ea487baaed1a88776bbb30f9,10월 31일 업데이트 공지(10월 31일 공지 수정),3.1 신규 스토리 이벤트 : OLD TALES / *이벤트 기간: 2024년 10월 31일 서버 점검 종료 이후 ~ 2024년 11월 21일 4:59:59 (UTC+9)
66,2024-10-31,episode,char:226,char:226,라푼젤 : 퓨어 그레이스,기간 줄,확실,,80afaa1baf61ea487baaed1a88776bbb30f9,10월 31일 업데이트 공지(10월 31일 공지 수정),1.3 SSR 니케 [라푼젤 : 퓨어 그레이스] / 획득 기간: 2024년 10월 31일 서버 점검 종료 이후 ~ 2024년 11월 21일 4:59:59 (UTC+9)
66,2024-10-31,episode,char:511,char:511,신데렐라,기간 줄,확실,,80afaa1baf61ea487baaed1a88776bbb30f9,10월 31일 업데이트 공지(10월 31일 공지 수정),1.1 SSR 니케 [신데렐라] / *특수 모집 기간: 2024년 10월 31일 서버 점검 종료 이후 ~ 2024년 11월 21일 4:59:59 (UTC+9)
67,2024-11-07,episode,char:514,char:514,그레이브,기간 줄,확실,,80afaa1baf61ea487baaed1a88776bbb30f9,10월 31일 업데이트 공지(10월 31일 공지 수정),1.2 SSR 니케 [그레이브] / *특수 모집 기간: 2024년 11월 7일 5:00:00 ~ 2024년 11월 28일 4:59:59 (UTC+9)
68,2024-11-21,event,event_secretgarden,archive:40063,SECRET GARDEN,기간 줄,확실,,dc1fb4e1a8cc7a40a1a94f3a205b06042222,11월 21일 업데이트 공지,3.1 신규 스토리 이벤트 : SECRET GARDEN / *이벤트 기간: 2024년 11월 21일 서버 점검 종료 이후 ~ 2024년 12월 5일 4:59:59 (UTC+9)
68,2024-11-21,episode,char:411,char:411,플로라,기간 줄,확실,,dc1fb4e1a8cc7a40a1a94f3a205b06042222,11월 21일 업데이트 공지,1.1 SSR 니케 [플로라] / *특수 모집 기간: 2024년 11월 21일 서버 점검 종료 이후 ~ 2024년 12월 5일 4:59:59 (UTC+9)
69,2024-12-05,event,event_icedragonsaga1,archive:81700,ICE DRAGON SAGA,기간 줄,확실,STORY I 2024-12-05; STORY II 2024-12-12,a5756065aaf44a4857aa7dbaa9d1d09062a0,12월 5일 업데이트 공지,4.1 신규 스토리 이벤트 : ICE DRAGON SAGA / *이벤트 기간: 2024년 12월 5일 서버 점검 종료 이후 ~ 2024년 12월 26일 4:59:59 (UTC+9)
69,2024-12-05,episode,char:183,char:183,메이든 : 아이스 로즈,기간 줄,확실,,a5756065aaf44a4857aa7dbaa9d1d09062a0,12월 5일 업데이트 공지,1.1 SSR 니케 [메이든 : 아이스 로즈] / *기간 한정 모집 기간: 2024년 12월 5일 서버 점검 종료 이후 ~ 2024년 12월 26일 4:59:59 (UTC+9)
70,2024-12-12,episode,char:182,char:182,길로틴 : 윈터 슬레이어,기간 줄,확실,,a5756065aaf44a4857aa7dbaa9d1d09062a0,12월 5일 업데이트 공지,1.2 SSR 니케 [길로틴 : 윈터 슬레이어] / *기간 한정 모집 기간: 2024년 12월 12일 5:00:00 ~ 2024년 12월 31일 23:59:59 (UTC+9)
71,2024-12-26,event,event_footstepwalkrun1,archive:40066,"FOOTSTEP, WALK, RUN",기간 줄,확실,STORY I 2024-12-26; STORY II 2025-01-02,2f124073acac3a4a8ba8f74a16075ccbe41e,12월 26일 업데이트 공지,"5.1 신규 스토리 이벤트: FOOTSTEP, WALK, RUN / *이벤트 기간: 2024년 12월 26일 서버 점검 종료 이후 ~ 2025년 1월 16일 4:59:59 (UTC+9)"
72,2025-01-01,event,event_outofuniform,archive:130006,OUT OF UNIFORM,기간 줄,확실,,2f124073acac3a4a8ba8f74a16075ccbe41e,12월 26일 업데이트 공지,5.3 스페셜 이벤트 : OUT OF UNIFORM / *이벤트 기간: 2025년 1월 1일 0:00:00 ~ 2025년 1월 16일 4:59:59 (UTC+9)
72,2025-01-01,episode,char:16,char:16,라피 : 레드 후드,기간 줄,확실,,2f124073acac3a4a8ba8f74a16075ccbe41e,12월 26일 업데이트 공지,1.1 SSR 니케 [라피 : 레드 후드] / *특수 모집 기간: 2025년 1월 1일 0:00:00 ~ 2025년 1월 23일 4:59:59 (UTC+9)
73,2025-01-16,event,event_wisdomspring,archive:40068,WISDOM SPRING,기간 줄,확실,,eedcb138a33ada4acaab6dba41b905c9ecce,1월 16일 업데이트 공지,2.1 신규 스토리 이벤트: WISDOM SPRING / *이벤트 기간: 2025년 1월 16일 서버 점검 종료 이후 ~ 2025년 1월 30일 4:59:59 (UTC+9)
73,2025-01-16,episode,char:290,char:290,마나,기간 줄,확실,,eedcb138a33ada4acaab6dba41b905c9ecce,1월 16일 업데이트 공지,1.1 SSR 니케 [마나] / *특수 모집 기간: 2025년 1월 16일 서버 점검 종료 이후 ~ 2025년 1월 30일 4:59:59 (UTC+9)
74,2025-01-30,event,event_romanticvalentine,archive:40069,ROMANTIC VALENTINE,기간 줄,확실,,c32f2603a9cfda4410aaa90ac11019ac5f0a,1월 23일 업데이트 공지(1/24 내용 수정),4.1 신규 스토리 이벤트 : ROMANTIC VALENTINE / *이벤트 기간: 2025년 1월 30일 12:00:00 ~ 2025년 2월 19일 23:59:59 (UTC+9)
74,2025-01-30,episode,char:354,char:354,마스트 : 로망틱 메이드,기간 줄,확실,,c32f2603a9cfda4410aaa90ac11019ac5f0a,1월 23일 업데이트 공지(1/24 내용 수정),1.1 SSR 니케 [마스트 : 로망틱 메이드] / *특수 모집 기간: 2025년 1월 30일 12:00:00 ~ 2025년 2월 19일 23:59:59 (UTC+9)
75,2025-02-06,episode,char:355,char:355,앵커 : 이노센트 메이드,기간 줄,확실,,c32f2603a9cfda4410aaa90ac11019ac5f0a,1월 23일 업데이트 공지(1/24 내용 수정),1.2 SSR 니케 [앵커 : 이노센트 메이드] / *특수 모집 기간: 2025년 2월 6일 5:00:00 ~ 2025년 2월 27일 4:59:59 (UTC+9)
76,2025-02-20,main,ch35,main:62,CHAPTER.35 대화,업데이트 날짜,확실,,4f3eb89fabf3ea4406a9e87a83a69a3bd5ab,2월 20일 업데이트 공지,메인 시나리오 35 챕터와 36 챕터가 신규 개방됩니다.
76,2025-02-20,main,ch36,main:63,CHAPTER.36 배신,업데이트 날짜,확실,,4f3eb89fabf3ea4406a9e87a83a69a3bd5ab,2월 20일 업데이트 공지,메인 시나리오 35 챕터와 36 챕터가 신규 개방됩니다.
76,2025-02-20,episode,char:836,char:836,사쿠라,기간 줄,확실,,4f3eb89fabf3ea4406a9e87a83a69a3bd5ab,2월 20일 업데이트 공지,1.3 SR 캐릭터 [스즈하라 사쿠라] / 획득 기간: 2025년 2월 20일 서버 점검 종료 이후 ~ 2025년 3월 13일 4:59:59 (UTC+9)
76,2025-02-20,episode,char:835,char:835,아스카 : WILLE,기간 줄,확실,,4f3eb89fabf3ea4406a9e87a83a69a3bd5ab,2월 20일 업데이트 공지,1.1 SSR 캐릭터 [시키나미 아스카 랑그레이 : WILLE] / *기간 한정 모집 기간: 2025년 2월 20일 서버 점검 종료 이후 ~ 2025년 3월 13일 4:59:59 (UTC+9)
77,2025-02-27,episode,char:834,char:834,레이 (가칭),기간 줄,확실,,4f3eb89fabf3ea4406a9e87a83a69a3bd5ab,2월 20일 업데이트 공지,1.2 SSR 캐릭터 [아야나미 레이 (가칭)] / *기간 한정 모집 기간: 2025년 2월 27일 5:00:00 ~ 2025년 3월 13일 4:59:59 (UTC+9)
78,2025-03-13,event,event_forrest,archive:40072,FOR REST,기간 줄,확실,,63f930eea3380a494aaa482ae8488c57f3ac,3월 13일 업데이트 공지,2.1 신규 스토리 이벤트 : FOR REST / *이벤트 기간: 2025년 3월 13일 서버 점검 종료 이후 ~ 2025년 3월 27일 4:59:59 (UTC+9)
78,2025-03-13,episode,char:412,char:412,트리나,기간 줄,확실,,63f930eea3380a494aaa482ae8488c57f3ac,3월 13일 업데이트 공지,1.1 SSR 니케 [트리나] / *특수 모집 기간: 2025년 3월 13일 서버 점검 종료 이후 ~ 2025년 3월 27일 4:59:59 (UTC+9)
79,2025-03-27,event,event_newflavor,archive:40073,NEW FLAVOR,기간 줄,확실,,1e8c3109ae3f7a489aa9bc5afae3a49d276e,3월 27일 업데이트 공지 (3월 31일 공지 수정),3.1 신규 스토리 이벤트 : NEW FLAVOR / *이벤트 기간: 2025년 3월 27일 서버 점검 종료 이후 ~ 2025년 4월 10일 4:59:59 (UTC+9)
79,2025-03-27,episode,char:520,char:520,브래디,기간 줄,확실,,1e8c3109ae3f7a489aa9bc5afae3a49d276e,3월 27일 업데이트 공지 (3월 31일 공지 수정),1.1 SSR 니케 [브래디] / *특수 모집 기간: 2025년 3월 27일 서버 점검 종료 이후 ~ 2025년 4월 10일 4:59:59 (UTC+9)
80,2025-04-01,event,event_foolburstday,archive:130007,FOOL BURST DAY,기간 줄,확실,,63ce854bae41ea433ca951eaefa972c32e3a,만우절 이벤트 업데이트 공지,1.만우절 이벤트 미션 [FOOL BURST DAY] / 오픈 시간: 2025년 4월 1일 5:00:00~ 2025년 4월 4일 4:59:59 (UTC+9)
81,2025-04-10,side,side:mudfish,side:mudfish,MUDFISH,업데이트 날짜,확실,,717943b8a9407a4847ab617add0fea8869dc,4월 10일 업데이트 공지 (4월 14일 수정),3. 사이드 스토리 - MUDFISH
81,2025-04-10,event,event_trueflavor,archive:40074,TRUE FLAVOR,기간 줄,확실,,717943b8a9407a4847ab617add0fea8869dc,4월 10일 업데이트 공지 (4월 14일 수정),2.1 신규 스토리 이벤트 : TRUE FLAVOR / *이벤트 기간: 2025년 4월 10일 서버 점검 종료 이후 ~ 2025년 4월 23일 23:59:59 (UTC+9)
81,2025-04-10,episode,char:521,char:521,크러스트,기간 줄,확실,,717943b8a9407a4847ab617add0fea8869dc,4월 10일 업데이트 공지 (4월 14일 수정),1.1 SSR 니케 [크러스트] / *특수 모집 기간: 2025년 4월 10일 서버 점검 종료 이후 ~ 2025년 4월 23일 23:59:59 (UTC+9)
82,2025-04-24,main,ch37,main:65,CHAPTER.37 분투,업데이트 날짜,확실,,7c721e45a7dd0a493fa920dafc48037b2cb3,4월 24일 업데이트 공지,메인 시나리오 37 챕터와 38 챕터가 신규 개방됩니다.
82,2025-04-24,main,ch38,main:66,CHAPTER.38 탐식,업데이트 날짜,확실,,7c721e45a7dd0a493fa920dafc48037b2cb3,4월 24일 업데이트 공지,메인 시나리오 37 챕터와 38 챕터가 신규 개방됩니다.
82,2025-04-24,event,event_unbreakablesphere1,archive:82000,UNBREAKABLE SPHERE,기간 줄,확실,STORY I 2025-04-24; STORY II 2025-05-01,7c721e45a7dd0a493fa920dafc48037b2cb3,4월 24일 업데이트 공지,4.1 신규 스토리 이벤트 : UNBREAKABLE SPHERE / *이벤트 기간: 2025년 4월 24일 서버 점검 종료 이후 ~ 2025년 5월 15일 4:59:59 (UTC+9)
82,2025-04-24,episode,char:513,char:513,리틀 머메이드,기간 줄,확실,,7c721e45a7dd0a493fa920dafc48037b2cb3,4월 24일 업데이트 공지,1.1 SSR 니케 [리틀 머메이드] / *특수 모집 기간: 2025년 4월 24일 서버 점검 종료 이후 ~ 2025년 5월 15일 4:59:59 (UTC+9)
82,2025-04-24,episode,char:590,char:590,모리,기간 줄,확실,,7c721e45a7dd0a493fa920dafc48037b2cb3,4월 24일 업데이트 공지,1.3 SSR 니케 [모리] / 획득 기간: 2025년 4월 24일 서버 점검 종료 이후 ~ 2025년 5월 15일 4:59:59 (UTC+9)
83,2025-05-01,episode,char:162,char:162,미하라 : 본딩 체인,기간 줄,확실,,7c721e45a7dd0a493fa920dafc48037b2cb3,4월 24일 업데이트 공지,1.2 SSR 니케 [미하라 : 본딩 체인] / *특수 모집 기간: 2025년 5월 1일 5:00:00 ~ 2025년 5월 22일 4:59:59 (UTC+9)
84,2025-05-15,event,event_arcanearchive,archive:40077,ARCANE ARCHIVE,기간 줄,확실,,ab620864a6ee2a4cc9aacd4aeb258bf27ae4,5월 15일 업데이트 공지,2.1 신규 스토리 이벤트 : ARCANE ARCHIVE / *이벤트 기간: 2025년 5월 15일 서버 점검 종료 이후 ~ 2025년 5월 29일 4:59:59 (UTC+9)
84,2025-05-15,episode,char:581,char:581,아르카나,기간 줄,확실,,ab620864a6ee2a4cc9aacd4aeb258bf27ae4,5월 15일 업데이트 공지,1.1 SSR 니케 [아르카나] / *특수 모집 기간: 2025년 5월 15일 서버 점검 종료 이후 ~ 2025년 5월 29일 4:59:59 (UTC+9)
85,2025-05-29,event,event_lordforjustice,archive:40078,"LORD, FOR JUSTICE",기간 줄,확실,,1c3775d0a3ef7a43c4a8e00af22e5e57d6e5,5월 29일 업데이트 공지,"3.1 신규 스토리 이벤트 : LORD, FOR JUSTICE / *이벤트 기간: 2025년 5월 29일 서버 점검 종료 이후 ~ 2025년 6월 11일 23:59:59 (UTC+9)"
85,2025-05-29,episode,char:41,char:41,K,기간 줄,확실,,1c3775d0a3ef7a43c4a8e00af22e5e57d6e5,5월 29일 업데이트 공지,1.1 SSR 니케 [K] / *특수 모집 기간: 2025년 5월 29일 서버 점검 종료 이후 ~ 2025년 6월 11일 23:59:59 (UTC+9)
86,2025-06-12,event,event_ce006,archive:82100,MEMORIES TELLER,기간 줄,확실,STORY I 2025-06-12; STORY II 2025-06-19,0f766029a6a7da44dda8a83a6d6898729154,6월 12일 업데이트 공지,3.1 스텔라 블레이드 대형 콜라보 이벤트 - MEMORIES TELLER / *이벤트 기간: 2025년 6월 12일 서버 점검 종료 이후~ 2025년 7월 3일 4:59:59(UTC+9)
86,2025-06-12,episode,char:852,char:852,릴리,기간 줄,확실,,0f766029a6a7da44dda8a83a6d6898729154,6월 12일 업데이트 공지,1.3 SR 캐릭터 [릴리] / 획득 기간: 2025년 6월 12일 서버 점검 종료 이후 ~ 2025년 7월 3일 4:59:59 (UTC+9)
86,2025-06-12,episode,char:850,char:850,이브,기간 줄,확실,,0f766029a6a7da44dda8a83a6d6898729154,6월 12일 업데이트 공지,1.1 SSR 캐릭터 [이브] / *기간 한정 모집 기간: 2025년 6월 12일 서버 점검 종료 이후 ~ 2025년 7월 3일 4:59:59 (UTC+9)
87,2025-06-19,episode,char:851,char:851,레이븐,기간 줄,확실,,0f766029a6a7da44dda8a83a6d6898729154,6월 12일 업데이트 공지,1.2 SSR 캐릭터 [레이븐] / *기간 한정 모집 기간: 2025년 6월 19일 5:00:00 ~ 2025년 7월 10일 4:59:59 (UTC+9)
88,2025-07-03,event,event_overthehorizon,archive:40081,OVER THE HORIZON,기간 줄,확실,,07f3b6daa46f1a4c25aa04aafc00a7bd88d6,7월 3일 업데이트 공지 (7월 3일 공지 수정),5.1 신규 스토리 이벤트 : OVER THE HORIZON / *이벤트 기간: 2025년 7월 3일 서버 점검 종료 이후 ~ 2025년 7월 17일 4:59:59 (UTC+9)
88,2025-07-03,episode,char:532,char:532,소라,기간 줄,확실,,07f3b6daa46f1a4c25aa04aafc00a7bd88d6,7월 3일 업데이트 공지 (7월 3일 공지 수정),1.1 SSR 니케 [소라] / *특수 모집 기간: 2025년 7월 3일 서버 점검 종료 이후 ~ 2025년 7월 17일 4:59:59 (UTC+9)
89,2025-07-17,event,event_boomtheghost1,archive:82400,BOOM! THE GHOST!,기간 줄,확실,STORY I 2025-07-17; STORY II 2025-07-24,e2e44a7fa2826a40cea953ea69d7d50798b4,7월 17일 업데이트 공지,5.1 신규 스토리 이벤트: BOOM! THE GHOST! / *이벤트 기간: 2025년 7월 17일 서버 점검 종료 이후~ 2025년 8월 7일 4:59:59（UTC+9）
89,2025-07-17,episode,char:234,char:234,도로시 : 세렌디피티,기간 줄,확실,,e2e44a7fa2826a40cea953ea69d7d50798b4,7월 17일 업데이트 공지,1.1 SSR 니케 [도로시 : 세렌디피티] / *기간 한정 모집 기간: 2025년 7월 17일 서버 점검 종료 이후 ~ 2025년 8월 7일 4:59:59 (UTC+9)
90,2025-07-24,episode,char:502,char:502,일레그 : 붐 앤 쇼크,기간 줄,확실,,e2e44a7fa2826a40cea953ea69d7d50798b4,7월 17일 업데이트 공지,1.2 SSR 니케 [일레그 : 붐 앤 쇼크] / *기간 한정 모집 기간: 2025년 7월 24일 5:00:00 ~ 2025년 8월 14일 4:59:59 (UTC+9)
91,2025-08-07,main,ch39,main:67,CHAPTER.39 인자,업데이트 날짜,확실,,3f10ea29a2a50a49f4abb6aa87250731cd73,8월 7일 업데이트 공지,메인 시나리오 39 챕터와 40 챕터가 신규 개방됩니다.
91,2025-08-07,main,ch40,main:68,CHAPTER.40 선택,업데이트 날짜,확실,,3f10ea29a2a50a49f4abb6aa87250731cd73,8월 7일 업데이트 공지,메인 시나리오 39 챕터와 40 챕터가 신규 개방됩니다.
91,2025-08-07,event,fl:absolute,fl:absolute,ABSOLUTE,기간 줄,확실,STORY I 2025-08-07; STORY II 2025-08-14,3f10ea29a2a50a49f4abb6aa87250731cd73,8월 7일 업데이트 공지,3.1 신규 풀 보이스 스토리 이벤트: ABSOLUTE / *이벤트 기간: 2025년 8월 7일 서버 점검 종료 이후~ 2025년 9월 4일 4:59:59（UTC+9）
91,2025-08-07,episode,char:93,char:93,엠마 : 택티컬 업,기간 줄,확실,,3f10ea29a2a50a49f4abb6aa87250731cd73,8월 7일 업데이트 공지,1.1 SSR 니케 [엠마 : 택티컬 업] / *특수 모집 기간: 2025년 8월 7일 서버 점검 종료 이후 ~ 2025년 9월 4일 4:59:59 (UTC+9)
92,2025-08-14,episode,char:95,char:95,은화 : 택티컬 업,기간 줄,확실,,3f10ea29a2a50a49f4abb6aa87250731cd73,8월 7일 업데이트 공지,1.2 SSR 니케 [은화 : 택티컬 업] / *특수 모집 기간: 2025년 8월 14일 5:00:00 ~ 2025년 9월 4일 4:59:59 (UTC+9)
93,2025-08-21,episode,char:94,char:94,베스티 : 택티컬 업,기간 줄,확실,,3f10ea29a2a50a49f4abb6aa87250731cd73,8월 7일 업데이트 공지,1.3 SSR 니케 [베스티 : 택티컬 업] / *특수 모집 기간: 2025년 8월 21일 5:00:00 ~ 2025년 9월 11일 4:59:59 (UTC+9)
94,2025-09-04,event,fl:coins_in_rush,fl:coins_in_rush,COINS IN RUSH,기간 줄,확실,STORY I 2025-09-04; STORY II 2025-09-11,078bf3dfa8a30a43d0aa200adcce2633a1b0,9월 4일 업데이트 공지,5.1 신규 스토리 이벤트: COINS IN RUSH / *이벤트 기간: 2025년 9월 4일 서버 점검 종료 이후~ 2025년 9월 23일 23:59:59（UTC+9）
94,2025-09-04,episode,char:315,char:315,에이드 : 에이전트 바니,기간 줄,확실,,078bf3dfa8a30a43d0aa200adcce2633a1b0,9월 4일 업데이트 공지,1.1 SSR 니케 [에이드 : 에이전트 바니] / *특수 모집 기간: 2025년 9월 4일 서버 점검 종료 이후 ~ 2025년 9월 23일 23:59:59 (UTC+9)
95,2025-09-11,episode,char:143,char:143,밀크 : 블루밍 바니,기간 줄,확실,,078bf3dfa8a30a43d0aa200adcce2633a1b0,9월 4일 업데이트 공지,1.2 SSR 니케 [밀크 : 블루밍 바니] / *특수 모집 기간: 2025년 9월 11일 5:00:00 ~ 2025년 10월 2일 4:59:59 (UTC+9)
96,2025-09-24,event,fl:reborn_evil,fl:reborn_evil,REBORN EVIL,기간 줄,확실,STORY I 2025-09-24; STORY II 2025-10-02,23d41d37ad8aca45f3aabc8aaf06772b67bc,9월 24일 업데이트 공지,3.1 BIOHAZARD 대형 콜라보 이벤트: REBORN EVIL / *이벤트 기간: 2025년 9월 24일 서버 점검 종료 이후~ 2025년 10월 21일 23:59:59（UTC+9）
96,2025-09-24,episode,char:840,char:840,에이다,기간 줄,확실,,23d41d37ad8aca45f3aabc8aaf06772b67bc,9월 24일 업데이트 공지,1.1 SSR 캐릭터 [에이다 웡] / *기간 한정 모집 기간: 2025년 9월 24일 서버 점검 종료 이후 ~ 2025년 10월 21일 23:59:59 (UTC+9)
96,2025-09-24,episode,char:842,char:842,클레어,기간 줄,확실,,23d41d37ad8aca45f3aabc8aaf06772b67bc,9월 24일 업데이트 공지,1.3 SR 캐릭터 [클레어 레드필드] / 획득 기간: 2025년 9월 24일 서버 점검 종료 이후 ~ 2025년 10월 21일 23:59:59 (UTC+9)
97,2025-10-02,episode,char:841,char:841,질,기간 줄,확실,,23d41d37ad8aca45f3aabc8aaf06772b67bc,9월 24일 업데이트 공지,1.2 SSR 캐릭터 [질 발렌타인] / *기간 한정 모집 기간: 2025년 10월 2일 5:00:00 ~ 2025년 10월 21일 23:59:59 (UTC+9)
98,2025-10-16,side,side:eden_spear,side:eden_spear,EDEN SPEAR,업데이트 날짜,확실,,555a40b5aeb16a409fab8c0ab12bbe7e0c8a,10월 16일 업데이트 공지,4. 사이드 스토리 - EDEN SPEAR
98,2025-10-16,event,fl:go_ninja_thief,fl:go_ninja_thief,GO! NINJA THIEF!,기간 줄,확실,,555a40b5aeb16a409fab8c0ab12bbe7e0c8a,10월 16일 업데이트 공지,3.1 신규 스토리 이벤트 : GO! NINJA THIEF! / *이벤트 기간: 2025년 10월 16일 서버 점검 종료 이후 ~ 2025년 10월 29일 23:59:59 (UTC+9)
98,2025-10-16,episode,char:23,char:23,델타 : 닌자 시프,기간 줄,확실,,555a40b5aeb16a409fab8c0ab12bbe7e0c8a,10월 16일 업데이트 공지,1.1 SSR 니케 [델타 : 닌자 시프] / *특수 모집 기간: 2025년 10월 16일 서버 점검 종료 이후 ~ 2025년 10월 29일 23:59:59 (UTC+9)
99,2025-10-30,main,ch41,main:69,CHAPTER.41 탄생,업데이트 날짜,확실,,c286e420af258a4705aa2eeaf6a46c9a46f7,10월 30일 업데이트 공지,메인 시나리오 41 챕터와 42 챕터가 신규 개방됩니다.
99,2025-10-30,main,ch42,main:70,CHAPTER.42 유일,업데이트 날짜,확실,,c286e420af258a4705aa2eeaf6a46c9a46f7,10월 30일 업데이트 공지,메인 시나리오 41 챕터와 42 챕터가 신규 개방됩니다.
99,2025-10-30,event,event_goddessfall1,archive:82700,GODDESS FALL,기간 줄,확실,STORY I 2025-10-30; STORY II 2025-11-06,c286e420af258a4705aa2eeaf6a46c9a46f7,10월 30일 업데이트 공지,5.1 신규 풀 보이스 스토리 이벤트: GODDESS FALL / *이벤트 기간: 2025년 10월 30일 서버 점검 종료 이후 ~ 2025년 11월 20일 4:59:59 (UTC+9)
99,2025-10-30,episode,char:223,char:223,나유타,기간 줄,확실,,c286e420af258a4705aa2eeaf6a46c9a46f7,10월 30일 업데이트 공지,1.1 SSR 니케 [나유타] / *특수 모집 기간: 2025년 10월 30일 서버 점검 종료 이후 ~ 2025년 11월 20일 4:59:59 (UTC+9)
99,2025-10-30,episode,char:331,char:331,차임,기간 줄,확실,,c286e420af258a4705aa2eeaf6a46c9a46f7,10월 30일 업데이트 공지,1.3 SSR 니케 [차임] / *획득 기간: 2025년 10월 30일 서버 점검 종료 이후 ~ 2025년 11월 20일 4:59:59 (UTC+9)
100,2025-11-06,episode,char:262,char:262,리버렐리오,기간 줄,확실,,c286e420af258a4705aa2eeaf6a46c9a46f7,10월 30일 업데이트 공지,1.2 SSR 니케 [리버렐리오] / *특수 모집 기간: 2025년 11월 6일 5:00:00 ~ 2025년 11월 27일 4:59:59 (UTC+9)
101,2025-11-20,event,fl:blank_ticket,fl:blank_ticket,BLANK TICKET,기간 줄,확실,,66c30e43a939ba4b95a9489aa2abde60a079,11월 20일 업데이트 공지,3.1 신규 스토리 이벤트 : BLANK TICKET / *이벤트 기간: 2025년 11월 20일 서버 점검 종료 이후 ~ 2025년 12월 4일 4:59:59 (UTC+9)
101,2025-11-20,episode,char:74,char:74,솔린 : 프로스트 티켓,기간 줄,확실,,66c30e43a939ba4b95a9489aa2abde60a079,11월 20일 업데이트 공지,1.1 SSR 니케 [솔린 : 프로스트 티켓] / *특수 모집 기간: 2025년 11월 20일 서버 점검 종료 이후 ~ 2025년 12월 4일 4:59:59 (UTC+9)
102,2025-12-04,event,fl:terminus_ticket,fl:terminus_ticket,TERMINUS TICKET,기간 줄,확실,STORY I 2025-12-04; STORY II 2025-12-11,46bb619aa85c7a4112aadc0a428a23412af6,12월 4일 업데이트 공지,5.1 신규 풀 보이스 스토리 이벤트: TERMINUS TICKET / *이벤트 기간: 2025년 12월 4일 서버 점검 종료 이후 ~ 2025년 12월 30일 4:59:59 (UTC+9)
102,2025-12-04,episode,char:75,char:75,디젤 : 윈터 스위츠,기간 줄,확실,,46bb619aa85c7a4112aadc0a428a23412af6,12월 4일 업데이트 공지,1.1 SSR 니케 [디젤 : 윈터 스위츠] / *기간 한정 모집 기간: 2025년 12월 4일 서버 점검 종료 이후 ~ 2025년 12월 25일 4:59:59 (UTC+9)
103,2025-12-11,episode,char:73,char:73,브리드 : 사일런트 트랙,기간 줄,확실,,46bb619aa85c7a4112aadc0a428a23412af6,12월 4일 업데이트 공지,1.2 SSR 니케 [브리드 : 사일런트 트랙] / *기간 한정 모집 기간: 2025년 12월 11일 5:00:00 ~ 2025년 12월 31일 23:59:59 (UTC+9)
104,2025-12-30,event,fl:ark_guardian,fl:ark_guardian,ARK GUARDIAN,기간 줄,확실,STORY I 2025-12-30; STORY II 2026-01-06,45eb4bb3a469ba4d02a8204a481245355c70,12월 30일 업데이트 공지,8.1 신규 풀 보이스 스토리 이벤트 : ARK GUARDIAN / *이벤트 기간: 2025년 12월 30일 서버 점검 종료 이후 ~ 2026년 1월 20일 4:59:59 (UTC+9)
105,2026-01-01,episode,char:471,char:471,스노우 화이트 : 헤비암즈,기간 줄,확실,,45eb4bb3a469ba4d02a8204a481245355c70,12월 30일 업데이트 공지,1.1 SSR 니케 [스노우 화이트 : 헤비암즈] / *특수 모집 기간: 2026년 1월 1일 00:00:00 ~ 2026년 1월 22일 4:59:59 (UTC+9)
106,2026-01-15,event,fl:sin_editor,fl:sin_editor,SIN EDITOR,기간 줄,확실,,f293a5bba0f0da4e6baaafba57a8d3703bd6,1월 15일 업데이트 공지 (1월 24일 공지 수정),2.1 신규 스토리 이벤트 : SIN EDITOR / *이벤트 기간: 2026년 1월 15일 서버 점검 종료 이후 ~ 2026년 1월 29일 4:59:59 (UTC+9)
106,2026-01-15,episode,char:582,char:582,레이블,기간 줄,확실,,f293a5bba0f0da4e6baaafba57a8d3703bd6,1월 15일 업데이트 공지 (1월 24일 공지 수정),1.1 SSR 니케 [레이블] / *특수 모집 기간: 2026년 1월 15일 서버 점검 종료 이후 ~ 2026년 1월 29일 4:59:59 (UTC+9)
107,2026-01-29,event,fl:fatal_maid,fl:fatal_maid,FATAL MAID,기간 줄,확실,,2637ff0aae74ca4d44aa3f6a840fbf82d170,1월 29일 업데이트 공지(2월 3일 공지 수정),4.1 신규 스토리 이벤트 : FATAL MAID / *이벤트 기간: 2026년 1월 29일 서버 점검 종료 이후 ~ 2026년 2월 11일 23:59:59 (UTC+9)
107,2026-01-29,episode,char:316,char:316,벨벳,기간 줄,확실,,2637ff0aae74ca4d44aa3f6a840fbf82d170,1월 29일 업데이트 공지(2월 3일 공지 수정),1.1 SSR 니케 [벨벳] / *특수 모집 기간: 2026년 1월 29일 서버 점검 종료 이후 ~ 2026년 2월 11일 23:59:59 (UTC+9)
108,2026-02-12,main,ch43,main:71,CHAPTER.43 열쇠,업데이트 날짜,확실,,1c0f35a1a8293a4274a9681a35cde3feca74,2월 12일 업데이트 공지,메인 시나리오 43 챕터와 44 챕터가 신규 개방됩니다.
108,2026-02-12,main,ch44,main:72,CHAPTER.44 행보,업데이트 날짜,확실,,1c0f35a1a8293a4274a9681a35cde3feca74,2월 12일 업데이트 공지,메인 시나리오 43 챕터와 44 챕터가 신규 개방됩니다.
108,2026-02-12,event,fl:lie_cause_recoil,fl:lie_cause_recoil,LIE CAUSE RECOIL,기간 줄,확실,STORY I 2026-02-12; STORY II 2026-02-19,1c0f35a1a8293a4274a9681a35cde3feca74,2월 12일 업데이트 공지,3.1 리코리스 리코일 대형 콜라보 이벤트: Lie cause Recoil / *이벤트 기간: 2026년 2월 12일 서버 점검 종료 이후~ 2026년 3월 12일 4:59:59（UTC+9）
108,2026-02-12,episode,char:860,char:860,치사토,기간 줄,확실,,1c0f35a1a8293a4274a9681a35cde3feca74,2월 12일 업데이트 공지,1.1 SSR 캐릭터 [니시키기 치사토] / *기간 한정 모집 기간: 2026년 2월 12일 서버 점검 종료 이후 ~ 2026년 3월 12일 4:59:59 (UTC+9)
108,2026-02-12,episode,char:862,char:862,쿠루미,기간 줄,확실,,1c0f35a1a8293a4274a9681a35cde3feca74,2월 12일 업데이트 공지,1.3 SR 캐릭터 [쿠루미] / 획득 기간: 2026년 2월 12일 서버 점검 종료 이후 ~ 2026년 3월 12일 4:59:59 (UTC+9)
109,2026-02-19,episode,char:861,char:861,타키나,기간 줄,확실,,1c0f35a1a8293a4274a9681a35cde3feca74,2월 12일 업데이트 공지,1.2 SSR 캐릭터 [이노우에 타키나] / *기간 한정 모집 기간: 2026년 2월 19일 5:00:00 ~ 2026년 3월 12일 4:59:59 (UTC+9)
110,2026-03-05,event,fl:enter_heaven,fl:enter_heaven,ENTER HEAVEN,기간 줄,확실,,00ec7b7cac63aa4daea8147a8c619f409f4a,3월 5일 업데이트 공지,2.1 신규 스토리 이벤트 : ENTER HEAVEN / *이벤트 기간: 2026년 3월 5일 서버 점검 종료 이후 ~ 2026년 3월 19일 4:59:59 (UTC+9)
110,2026-03-05,episode,char:113,char:113,E.H.,기간 줄,확실,,00ec7b7cac63aa4daea8147a8c619f409f4a,3월 5일 업데이트 공지,1.1 SSR 니케 [E.H.] / *특수 모집 기간: 2026년 3월 5일 서버 점검 종료 이후 ~ 2026년 3월 19일 4:59:59 (UTC+9)
111,2026-03-19,event,fl:2x2_love_1ch,fl:2x2_love_1ch,2X2 LOVE 1부,기간 줄,확실,STORY I 2026-03-19; STORY II 2026-03-26,8fb3f260a6b8fa4b9da826aa73f5a2bd47ac,3월 19일 업데이트 공지,3.1 연애 시뮬레이션 스토리 이벤트: 2X2 LOVE / *이벤트 기간: 2026년 3월 19일 서버 점검 종료 이후 ~ 2026년 4월 9일 4:59:59 (UTC+9)
111,2026-03-19,event,fl:2x2_love_2ch,fl:2x2_love_2ch,2X2 LOVE 2부,기간 줄,확실,STORY I 2026-03-19; STORY II 2026-03-26,8fb3f260a6b8fa4b9da826aa73f5a2bd47ac,3월 19일 업데이트 공지,3.1 연애 시뮬레이션 스토리 이벤트: 2X2 LOVE / *이벤트 기간: 2026년 3월 19일 서버 점검 종료 이후 ~ 2026년 4월 9일 4:59:59 (UTC+9)
111,2026-03-19,episode,char:583,char:583,아르카나 : 포츈 메이트,기간 줄,확실,,8fb3f260a6b8fa4b9da826aa73f5a2bd47ac,3월 19일 업데이트 공지,1.1 SSR 니케 [아르카나 : 포츈 메이트] / *특수 모집 기간: 2026년 3월 19일 서버 점검 종료 이후 ~ 2026년 4월 9일 4:59:59 (UTC+9)
112,2026-04-09,side,side:pretty_star,side:pretty_star,PRETTY STAR,업데이트 날짜,확실,,5098dfcba9fe6a4335aaf57ac40a02410283,4월 9일 업데이트 공지,4. 사이드 스토리 - PRETTY STAR
112,2026-04-09,event,fl:good_world,fl:good_world,GOOD WORLD,기간 줄,확실,,5098dfcba9fe6a4335aaf57ac40a02410283,4월 9일 업데이트 공지,3.1 신규 스토리 이벤트 : GOOD WORLD / *이벤트 기간: 2026년 4월 9일 서버 점검 종료 이후 ~ 2026년 4월 22일 23:59:59 (UTC+9)
112,2026-04-09,episode,char:620,char:620,백학,기간 줄,확실,,5098dfcba9fe6a4335aaf57ac40a02410283,4월 9일 업데이트 공지,1.1 SSR 니케 [백학] / *특수 모집 기간: 2026년 4월 9일 서버 점검 종료 이후 ~ 2026년 4월 22일 23:59:59 (UTC+9)
113,2026-04-23,main,ch45,main:73,CHAPTER.45 죗값,업데이트 날짜,확실,,1ae75158a5bb8a49a6a874dac55ebe5859e5,4월 23일 업데이트 공지,메인 시나리오 45 챕터와 46 챕터가 신규 개방됩니다.
113,2026-04-23,main,ch46,main:74,CHAPTER.46 신생,업데이트 날짜,확실,,1ae75158a5bb8a49a6a874dac55ebe5859e5,4월 23일 업데이트 공지,메인 시나리오 45 챕터와 46 챕터가 신규 개방됩니다.
113,2026-04-23,event,event_staranis1,archive:83000,STAR ANIS,기간 줄,확실,STORY I 2026-04-23; STORY II 2026-04-30,1ae75158a5bb8a49a6a874dac55ebe5859e5,4월 23일 업데이트 공지,4.1 신규 풀 보이스 스토리 이벤트 : STAR ANIS / *이벤트 기간: 2026년 4월 23일 서버 점검 종료 이후 ~ 2026년 5월 14일 4:59:59 (UTC+9)
113,2026-04-23,episode,char:17,char:17,아니스 : 스타,기간 줄,확실,,1ae75158a5bb8a49a6a874dac55ebe5859e5,4월 23일 업데이트 공지,1.1 SSR 니케 [아니스 : 스타] / *특수 모집 기간: 2026년 4월 23일 서버 점검 종료 이후 ~ 2026년 5월 14일 4:59:59 (UTC+9)
113,2026-04-23,episode,char:441,char:441,아비스타,기간 줄,확실,,1ae75158a5bb8a49a6a874dac55ebe5859e5,4월 23일 업데이트 공지,1.3 SSR 니케 [아비스타] / *획득 기간: 2026년 4월 23일 서버 점검 종료 이후 ~ 2026년 5월 14일 4:59:59 (UTC+9)
114,2026-04-30,episode,char:18,char:18,네온 : 비전 아이,기간 줄,확실,,1ae75158a5bb8a49a6a874dac55ebe5859e5,4월 23일 업데이트 공지,1.2 SSR 니케 [네온 : 비전 아이] / *특수 모집 기간: 2026년 4월 30일 5:00:00 ~ 2026년 5월 21일 4:59:59 (UTC+9)
115,2026-05-14,event,fl:b-side_idol,fl:b-side_idol,B-SIDE IDOL,기간 줄,확실,,36e3677eafb0ea44cfaac6badccd8bcf21e3,5월 14일 업데이트 공지,5.1 신규 스토리 이벤트 : B-SIDE IDOL / *이벤트 기간: 2026년 5월 14일 서버 점검 종료 이후 ~ 2026년 5월 28일 4:59:59 (UTC+9)
115,2026-05-14,episode,char:600,char:600,민트,기간 줄,확실,,36e3677eafb0ea44cfaac6badccd8bcf21e3,5월 14일 업데이트 공지,1.1 SSR 니케 [민트] / *특수 모집 기간: 2026년 5월 14일 서버 점검 종료 이후 ~ 2026년 6월 4일 4:59:59 (UTC+9)
116,2026-05-28,event,fl:bitter_spice,fl:bitter_spice,BITTER SPICE,기간 줄,확실,,0675c61fa2f66a46f8abd1fad3d962209b5c,5월 28일 업데이트 공지,3.1 신규 스토리 이벤트 : BITTER SPICE / *이벤트 기간: 2026년 5월 28일 서버 점검 종료 이후 ~ 2026년 6월 11일 4:59:59 (UTC+9)
116,2026-05-28,episode,char:601,char:601,프리카,기간 줄,확실,,0675c61fa2f66a46f8abd1fad3d962209b5c,5월 28일 업데이트 공지,1.1 SSR 니케 [프리카] / *특수 모집 기간: 2026년 5월 28일 서버 점검 종료 이후 ~ 2026년 6월 11일 4:59:59 (UTC+9)
117,2026-06-11,event,fl:ark_ranger,fl:ark_ranger,ARK RANGER,기간 줄,확실,STORY I 2026-06-11; STORY II 2026-06-18,49aa55e2aba26a4955aa281a3c90a844bc53,6월 11일 업데이트 공지,5.1 신규 풀 보이스 스토리 이벤트 : ARK RANGER / *이벤트 기간: 2026년 6월 11일 서버 점검 종료 이후 ~ 2026년 7월 2일 4:59:59 (UTC+9)
117,2026-06-11,episode,char:570,char:570,아크레인저 블랙,기간 줄,확실,,49aa55e2aba26a4955aa281a3c90a844bc53,6월 11일 업데이트 공지,1.1 SSR 니케 [아크레인저 블랙] / *특수 모집 기간: 2026년 6월 11일 서버 점검 종료 이후 ~ 2026년 7월 2일 4:59:59 (UTC+9)
118,2026-07-02,event,fl:wave_to_you,fl:wave_to_you,WAVE TO YOU,기간 줄,확실,STORY I 2026-07-02; STORY II 2026-07-09,29f47298ad9d3a4a91a8438ac563bc29b89c,7월 2일 업데이트 공지,5.1 신규 풀 보이스 스토리 이벤트 : WAVE TO YOU / *이벤트 기간: 2026년 7월 2일 서버 점검 종료 이후 ~ 2026년 7월 23일 4:59:59 (UTC+9)
118,2026-07-02,episode,char:515,char:515,신데렐라 : 크리스탈 웨이브,기간 줄,확실,,29f47298ad9d3a4a91a8438ac563bc29b89c,7월 2일 업데이트 공지,1.1 SSR 니케 [신데렐라 : 크리스탈 웨이브] / *기간 한정 모집 기간: 2026년 7월 2일 서버 점검 종료 이후 ~ 2026년 7월 23일 4:59:59 (UTC+9)
119,2026-07-09,episode,char:322,char:322,마르차나 : 마린 스터디,기간 줄,확실,,29f47298ad9d3a4a91a8438ac563bc29b89c,7월 2일 업데이트 공지,1.2 SSR 니케 [마르차나 : 마린 스터디] / *기간 한정 모집 기간: 2026년 7월 9일 5:00:00 ~ 2026년 7월 30일 4:59:59 (UTC+9)
120,2026-07-23,event,fl:project_matis,fl:project_matis,PROJECT MATIS,기간 줄,확실,STORY I 2026-07-23; STORY II 2026-07-30,b263470ea4c71a4dddab742ada3f9e7e615d,7월 23일 업데이트 공지,4.1 신규 풀 보이스 스토리 이벤트 : PROJECT MATIS / *이벤트 기간: 2026년 7월 23일 서버 점검 종료 이후 ~ 2026년 8월 12일 23:59:59 (UTC+9)
120,2026-07-23,episode,char:103,char:103,라플라스 : 얼티밋 히어로,기간 줄,확실,,b263470ea4c71a4dddab742ada3f9e7e615d,7월 23일 업데이트 공지,1.1 SSR 니케 [라플라스 : 얼티밋 히어로] / *특수 모집 기간: 2026년 7월 23일 서버 점검 종료 이후 ~ 2026년 8월 12일 23:59:59 (UTC+9)
121,2026-07-30,episode,char:105,char:105,맥스웰 : 오디너리 미케닉,기간 줄,확실,,b263470ea4c71a4dddab742ada3f9e7e615d,7월 23일 업데이트 공지,1.2 SSR 니케 [맥스웰 : 오디너리 미케닉] / *특수 모집 기간: 2026년 7월 30일 5:00:00 ~ 2026년 8월 20일 4:59:59 (UTC+9)
122,2026-08-13,main,ch47,main:75,CHAPTER.47 개전,업데이트 날짜,확실,,8da875aaa35f6a4711a8d15a4900fd0f88eb,8월 13일 업데이트 공지(8월 20일 공지 수정),메인 시나리오 47 챕터와 48 챕터가 신규 개방됩니다.
122,2026-08-13,main,ch48,main:76,CHAPTER.48 재탄,업데이트 날짜,확실,,8da875aaa35f6a4711a8d15a4900fd0f88eb,8월 13일 업데이트 공지(8월 20일 공지 수정),메인 시나리오 47 챕터와 48 챕터가 신규 개방됩니다.
122,2026-08-13,event,fl:persona_on_frontline,fl:persona_on_frontline,PERSONA ON FRONTLINE,기간 줄,확실,STORY I 2026-08-13; STORY II 2026-08-20,8da875aaa35f6a4711a8d15a4900fd0f88eb,8월 13일 업데이트 공지(8월 20일 공지 수정),4.1 『P3R』『P4G』『P5R』 대형 콜라보 이벤트: PERSONA ON FRONTLINE / *이벤트 기간: 2026년 8월 13일 서버 점검 종료 이후 ~ 2026년 9월 10일 4:59:59 (UTC+9)
122,2026-08-13,episode,char:872,char:872,아이기스,기간 줄,확실,,8da875aaa35f6a4711a8d15a4900fd0f88eb,8월 13일 업데이트 공지(8월 20일 공지 수정),1.3 SR 캐릭터 [아이기스] / 획득 기간: 2026년 8월 13일 서버 점검 종료 이후 ~ 2026년 9월 10일 4:59:59 (UTC+9)
122,2026-08-13,episode,char:870,char:870,퀸(마코토),기간 줄,확실,,8da875aaa35f6a4711a8d15a4900fd0f88eb,8월 13일 업데이트 공지(8월 20일 공지 수정),1.1 SSR 캐릭터 [퀸(니지마 마코토)] / *기간 한정 모집 기간: 2026년 8월 13일 서버 점검 종료 이후 ~ 2026년 9월 10일 4:59:59 (UTC+9)
123,2026-08-20,episode,char:871,char:871,유키코,기간 줄,확실,,8da875aaa35f6a4711a8d15a4900fd0f88eb,8월 13일 업데이트 공지(8월 20일 공지 수정),1.2 SSR 캐릭터 [아마기 유키코] / *기간 한정 모집 기간: 2026년 8월 20일 5:00:00 ~ 2026년 9월 10일 4:59:59 (UTC+9)
124,2026-09-03,event,fl:great_villain_union,fl:great_villain_union,GREAT VILLAIN UNION,기간 줄,확실,,7bbad16da7596a49e7a9a78a598da9a37fcb,9월 3일 업데이트 공지,2.1 신규 스토리 이벤트 : GREAT VILLAIN UNION / *이벤트 기간: 2026년 9월 3일 서버 점검 종료 이후 ~ 2026년 9월 17일 4:59:59 (UTC+9)
124,2026-09-03,episode,char:104,char:104,드레이크 : 그레이트 빌런,기간 줄,확실,,7bbad16da7596a49e7a9a78a598da9a37fcb,9월 3일 업데이트 공지,1.1 SSR 니케 [드레이크 : 그레이트 빌런] / *특수 모집 기간: 2026년 9월 3일 서버 점검 종료 이후 ~ 2026년 9월 17일 4:59:59 (UTC+9)
125,2026-09-17,episode,char:404,char:404,길티 : 마이티 바니,기간 줄,확실,,656cdf7eaf40ea45f3a8e32ae94bf25093a4,9월 17일 업데이트 공지,1.1 SSR 니케 [길티 : 마이티 바니] / *특수 모집 기간: 2026년 9월 17일 서버 점검 종료 이후 ~ 2026년 10월 8일 4:59:59 (UTC+9)
126,2026-09-24,episode,char:405,char:405,신 : 스위프트 바니,기간 줄,확실,,656cdf7eaf40ea45f3a8e32ae94bf25093a4,9월 17일 업데이트 공지,1.2 SSR 니케 [신 : 스위프트 바니] / *특수 모집 기간: 2026년 9월 24일 5:00:00 ~ 2026년 10월 15일 4:59:59 (UTC+9)
