id,unit,order,scene,state,payoffs,payoff_units,answers,span,about,status,text
Q1,ch01,2,d_main_01af_01,풀림,Q1-2:일부 Q1-3:전부,ch04 ch14,F84 F376,67,person:마리안 concept:침식 place:방주,확정,마리안은 언제 · 어디서 · 누구에 의해 침식되었나 — 방주 안에서 누군가 일부러 심은 것인가?
Q2,ch01,2,d_main_01_07_s,풀림,Q2-2:전부,event_footstepwalkrun1,F1765,348,person:라피,확정,라피가 '해 보고 싶다'며 찾고 있는 것은 무엇인가?
Q3,ch01,2,d_main_01af_01,일부,Q3-2:일부,ch02,F40,2,org:카운터스 person:엔더슨,확정,"사령부는 왜 카운터스를 무장한 채 불러 테스트하고, 관례를 깨고 곧바로 가장 어려운 실전에 다시 보냈나?"
Q4,ch02,4,d_main_02_05,일부,Q4-2:일부,ch02,F34,0,,확정,버려진 도시의 발전소는 왜 얼마 전부터 가동되고 있나?
Q5,ch02,4,d_main_02af_01,열림,,,,,concept:랩쳐,확정,"랩쳐는 왜 인간의 기계를 조작하게 되었나 — 인류를 말살하려는가, 대신하려는가?"
Q6,ch02,4,d_main_02af_01,일부,Q6-2:일부 Q6-3:일부,ch06 char:102,F120 F529,95,person:지휘관 org:카운터스,확정,지휘관에게 있다는 '뭔가'는 무엇인가 — 왜 시뮬레이션에서는 형편없는데 실전에서는 압도적인가?
Q7,ch02,4,d_main_02af_04,열림,,,,,person:엔더슨,확정,엔더슨이 전초 기지 첫날 밤 지휘관에게 보낸 메시지는 무엇인가?
Q8,ch02,4,d_main_02af_07,일부,Q8-2:일부,ch03,F56,6,person:슈엔,확정,"슈엔이 포획해 오라는 랩쳐는 무엇이고, 왜 포획하려 하나?"
Q9,sub:칠리페퍼_00,5,sub:칠리페퍼_00,풀림,Q9-2:전부,sub:칠리페퍼_01,F241,33,person:칠리페퍼,확정,"칠리페퍼는 누구이고, 왜 첫 임무 장소의 타일 밑을 확인하려 했나 — 새 술병이라는 데 왜 짜증을 냈나?"
Q10,ch03,10,d_main_03_07,열림,,,,,person:지휘관,확정,"통신이 끊긴 지상에서 지휘관의 핸드폰을 울린 것은 누구이고, 무엇을 알렸나?"
Q11,ch03,10,d_main_03_06,열림,,,,,org:워드리스 person:슈엔,확정,랩쳐용으로 만든 워드리스의 능력이 왜 니케와 인간에게도 먹히나 — 슈엔은 그들에게 무슨 짓을 했나?
Q12,ch03,10,d_main_03_04,일부,Q12-2:일부,ch04,F71,5,person:토커티브 concept:랩쳐,확정,토커티브는 어떤 랩쳐인가 — 추적을 알아채고 따돌리는 것은 지능이 있어서인가?
Q13,ch04,15,d_main_04_04_s,일부,Q13-2:일부 Q13-3:일부,ch06 ch20,F120 F766,149,person:토커티브 person:지휘관,확정,"토커티브는 왜 지휘관을 노리고 데려가려 하나 — '찾았다', '이런 행운'은 무슨 뜻인가?"
Q14,ch04,15,d_main_04_04_e,일부,Q14-2:일부 Q14-3:일부 Q14-4:일부,ch13 event_redash event_footstepwalkrun1,F336 F1145 F1763,335,person:라피 concept:페어리_테일,확정,라피가 '페어리 테일 모델 레드 후드'라는 것은 무슨 뜻인가?
Q15,ch04,15,d_main_04_04_e,일부,Q15-2:일부,ch06,F123,11,org:필그림 person:토커티브,확정,토커티브를 쫓아낸 필그림 니케는 누구인가 — 둘은 왜 서로를 '순례자' · '이단'이라 부르나?
Q16,ch04,15,d_main_04_09_e,일부,Q16-2:일부 Q16-3:일부,ch10 ch32,F279 F1559,295,person:라피 person:아니스 org:앱솔루트,확정,라피 · 아니스는 왜 '불량품'으로 불리나 — 라피는 왜 앱솔루트 쪽을 말없이 떠났나?
Q17,ch04,15,d_main_04af_02,열림,,,,,person:슈엔,확정,슈엔이 자기가 시킨 작전이라고 밝히지 않은 '사정'은 무엇인가?
Q18,ch04,15,d_main_04af_04,일부,Q18-2:일부 Q18-3:일부,ch09 ch12,F259 F312,44,person:라피 concept:기억_소거,확정,라피에게는 왜 기억 소거가 먹히지 않았나?
Q19,ch04,15,d_main_04af_08,풀림,Q19-2:일부 Q19-3:일부 Q19-4:전부,ch35 side:pretty_star event_staranis1,F1798 F2556 F2705,439,person:아니스 person:머스탱 org:테트라,확정,"아니스는 테트라 라인(머스탱)과 무슨 관계이고, 왜 아직 돌아가지 않나?"
Q20,ch05,20,d_main_05_04_e,열림,,,,,person:지휘관,확정,지휘관이 의식을 잃고 떠올린 병원의 소녀는 누구인가 — 지휘관은 무슨 병으로 병원에 있었나?
Q21,ch05,20,d_main_05_07,열림,,,,,place:북부,확정,랩쳐의 것이 된 연구 기지는 어떤 '뭔가'가 되었나?
Q22,ch05,20,d_main_05_07,일부,Q22-2:일부,char:191,F604,98,person:앨리스,확정,앨리스는 왜 '하트의 여왕' 이야기 속 세계를 믿고 사나?
Q23,sub:중앙_정부_공식__00,21,sub:중앙_정부_공식__00,일부,Q23-2:일부,sub:중앙_정부_공식__02,F711,127,person:제인_밀러,확정,제인 밀러는 왜 지상으로 탈주했나?
Q24,ch06,26,d_main_06_02,열림,,,,,person:루드밀라,확정,루드밀라가 만지는 기계는 왜 다 고장 나나?
Q25,ch06,26,d_main_06_03,일부,Q25-2:일부,char:190,F513,70,person:루드밀라 org:필그림,확정,루드밀라는 왜 필그림을 오래 쫓았나 — 무엇이 '부끄러웠나'?
Q26,ch06,26,d_main_06_04,풀림,Q26-2:전부,ch12,F320,33,concept:니케 place:지상,확정,최근 몇 년 사이 지상에서 길 잃은 니케가 왜 확연히 줄었나?
Q27,ch06,26,d_main_06_08_s,풀림,Q27-2:전부,ch14,F376,43,person:토커티브 place:방주,확정,토커티브와 내통하는 방주 안의 상대는 누구인가?
Q28,ch06,26,d_main_06_08_s,일부,Q28-2:일부,event_goddessfall1,F2890,392,org:필그림 person:스노우_화이트,확정,필그림은 무엇을 이루려고 북부를 도나 — 토커티브는 왜 그들을 '과거의 유물'이라 부르나?
Q29,ch06,26,d_main_06_08_e,일부,Q29-2:일부,event_lastkingdom1,F1452,269,person:토커티브 person:모더니아 person:퀸,확정,"쓰러진 토커티브가 부른 '여왕님'은 누구인가 — 모더니아인가, 퀸인가?"
Q30,sub:트레저_헌터_00,12,sub:트레저_헌터_00,풀림,Q30-2:일부 Q30-3:전부,sub:트레저_헌터_02 sub:트레저_헌터_03,F146 F150,71,person:트레저_헌터,확정,"트레저 헌터는 누구이고, 왜 지금은 지상에 올라갈 수 없으며 쪽지가 숨겨진 곳을 어떻게 알아보나?"
Q31,sub:이례의_기록자_00,17,sub:이례의_기록자_00,열림,,,,,org:니푸르,확정,"니푸르는 어떤 단체이고, 왜 지휘관과 카운터스를 기록하나?"
Q32,sub:랩칠리언_06,143,sub:랩칠리언_06,열림,,,,,concept:랩쳐,확정,최초의 전쟁에서 랩쳐와 인간이 처음 마주쳤을 때 먼저 방아쇠를 당긴 쪽은 어느 쪽이었나?
Q33,relic:갓데스스쿼드리포트,19,relic:갓데스스쿼드리포트_00,풀림,Q33-2:일부 Q33-3:전부,char:221 event_overzone,F494 F909,181,org:갓데스 incident:아크_가디언_작전,확정,"갓데스 스쿼드는 어떤 스쿼드이고, 작전 아크 가디언은 무엇을 목표로 한 작전이었나?"
Q34,sub:고스트_00,22,sub:고스트_00,열림,,,,,person:고스트 person:지휘관,확정,"지휘관을 고스트의 사용자로 등록한 것은 누구이고, 고스트는 왜 지휘관을 자기 사용자로 알아보나?"
Q35,relic:통화기록028594,25,relic:통화기록028594_02,열림,,,,,person:레이첼_호프,확정,니케 실험 뒤 레이첼 호프는 어떻게 되었나 — 어머니가 말한 괴물이란 무엇인가?
Q36,ch07,31,d_main_07_03,열림,,,,,place:방주,확정,스노우 화이트가 토커티브를 처음 만난 날 방주에서 솟아오른 큰 빛은 무엇이었나?
Q37,ch07,31,d_main_07af_04,열림,,,,,person:마리안 person:모더니아,확정,"뇌가 파괴되어 죽은 마리안이 어떻게 살아 있고, 헬레틱 모더니아가 되었나?"
Q38,ch07,31,d_main_07af_02,풀림,Q38-2:일부 Q38-3:전부,ch09 ch17,F249 F682,109,person:스노우_화이트,확정,"스노우 화이트가 준 탄환은 무엇으로 만들어졌고, 어디에 도움이 되나?"
Q39,ch07,31,d_main_07_06_e,풀림,Q39-2:전부,ch19,F754,128,person:니힐리스타,확정,모더니아가 함께 왔으면 좋았겠다고 한 니힐리스타는 누구인가?
Q40,sub:중앙_정부_공식__01,32,sub:중앙_정부_공식__01,일부,Q40-2:일부,sub:중앙_정부_공식__02,F710,116,person:제인_밀러,확정,"혼자 지상으로 간 제인 밀러는 어떻게 살아남았고, 왜 카운터스를 피해 달아났나?"
Q41,sub:세르반_02,33,sub:세르반_02,풀림,Q41-2:전부,sub:세르반_03,F351,32,person:세르반,확정,"세르반이 들여온 주홍색 꽃은 무엇이고, 약효를 극대화한다는 품종 개량은 어떤 결과를 낳나?"
Q42,ch08,37,d_main_08_02,풀림,Q42-2:전부,ch09,F248,6,person:시프티 org:카운터스,확정,시프티는 누군가의 지시로 카운터스를 감시하고 있나?
Q43,ch08,37,d_main_08_08,풀림,Q43-2:일부 Q43-3:일부 Q43-4:전부,ch39 side:pretty_star event_staranis1,F2066 F2546 F2690,417,person:아니스,확정,아니스는 예전에 무슨 일을 겪어 누구도 완전히 믿지 못하게 되었나?
Q44,sub:칠리페퍼_01,38,sub:칠리페퍼_01,풀림,Q44-2:전부,sub:칠리페퍼_02,F380,32,person:칠리페퍼,확정,"칠리페퍼의 아버지는 어떻게 되었고, 마지막으로 머문 곳에는 무엇이 있나?"
Q45,sub:든_셀_00,62,sub:든_셀_00,열림,,,,,person:제이드_한슨 person:지휘관,확정,"수십 년 전의 구조 문자가 어떻게 지금 지휘관의 핸드폰으로 왔고, 닳을 대로 닳은 폰은 어떻게 켜져 있었나?"
Q46,relic:UFO챈.zip,40,relic:UFO챈.zip_00,일부,Q46-2:일부 Q46-3:일부 Q46-4:일부,char:221 event_redash ch35,F493 F1140 F1792,318,concept:랩쳐 place:궤도_엘리베이터,확정,랩쳐는 정말 궤도 엘리베이터를 타고 우주에서 내려왔나 — 어디서 온 것인가?
Q47,ch09,43,d_main_09af_05,열림,,,,,person:엑시아,확정,"뇌를 태우고 사살된 엑시아는 어떻게 살아 있고, 왜 그 일을 기억하지 못하나?"
Q48,ch09,43,d_main_09_06_e,열림,,,,,person:슈엔 concept:언체인드 person:토커티브,확정,슈엔은 왜 언체인드를 조사하고 그 단어까지 막았나 — 토커티브 포획 명령과 어떤 관계인가?
Q49,ch09,43,d_main_09af_02,풀림,Q49-2:전부,ch14,F369,26,org:엔터_헤븐,확정,엔더슨이 엑시아와 엮였을까 걱정한 엔터 헤븐은 무엇인가?
Q50,ch09,43,d_main_09af_06,열림,,,,,person:잉그리드 concept:언체인드,확정,언체인드를 마음만 먹으면 알아낼 수 있다는 잉그리드는 왜 지금껏 조사하지 않았나?
Q51,sub:미실리스_연구팀_01,68,sub:미실리스_연구팀_01,열림,,,,,org:미실리스 concept:니케,확정,미실리스 연구팀이 말한 '니케 생성 기술의 의문점'은 무엇인가?
Q52,ch10,48,d_main_10_04,풀림,Q52-2:전부,ch11,F288,5,org:카운터스 org:앱솔루트,확정,지상에 오를 때부터 카운터스와 앱솔루트를 뒤따른 세 명은 누구인가?
Q53,ch10,48,d_main_10_06,풀림,Q53-2:전부,ch11,F288,5,org:메티스,확정,쓰러져 있던 메티스 니케 셋에게 무슨 일이 있었나?
Q54,sub:롬_00,49,sub:롬_00,일부,Q54-2:일부,event_ce006,F1997,338,person:롬,확정,"롬이 지상을 돌며 찾는 '목표 유물'은 무엇이고, 누가 롬에게 그 일을 맡겼나?"
Q55,ch11,53,d_main_11_06_s,풀림,Q55-2:전부,ch12,F319,6,concept:랩쳐 concept:헬레틱,확정,랩쳐는 헬레틱 교전지에 가공 지형을 쌓아 무엇을 숨겨 두었나?
Q56,ch11,53,d_main_11_06_e,풀림,Q56-2:전부,ch12,F304,6,person:라플라스,확정,촉수에 찔린 라플라스가 느낀 마비는 무엇 때문인가?
Q57,relic:기업-랩쳐음모론,55,relic:기업-랩쳐음모론_01,일부,Q57-2:일부,ch43,F2410,379,concept:랩쳐 place:방주 org:미실리스,확정,기업들은 랩쳐의 존재를 미리 알고 방주를 준비했나 — 랩쳐는 기업과 관계가 있나?
Q58,ch12,59,d_main_12af_02,풀림,Q58-2:전부,fl:project_matis,F2791,408,person:슈엔 org:메티스,확정,슈엔에게 메티스는 왜 다른 니케와 달리 특별한가?
Q59,ch12,59,d_main_12af_03,일부,Q59-2:일부,ch33,F1636,275,concept:랩쳐 place:방주,확정,랩쳐의 지하 시설은 왜 방주를 닮았나?
Q60,ch12,59,d_main_12_07_e,풀림,Q60-2:전부,char:180,F431,26,org:익스터너 person:메이든 person:길로틴,확정,"모두의 움직임을 멈춘 익스터너 스쿼드(메이든 · 길로틴)는 어떤 스쿼드이고, 누구의 명령으로 움직이나?"
Q61,sub:숲속요정_00,144,sub:숲속요정_00,열림,,,,,person:숲속요정 concept:NIMPH,확정,"NIMPH의 비밀을 캐던 숲속요정에게 찾아온 '손님'은 누구이고, 숲속요정은 어떻게 되었나?"
Q62,sub:숲속요정_00,144,sub:숲속요정_00,열림,,,,,concept:NIMPH,확정,NIMPH는 누가 어떻게 만들었나 — 정말 인간의 기술이 아닌가?
Q63,ch13,64,d_main_13_08_e,일부,Q63-2:일부,ch48,F2837,408,person:지휘관,확정,지휘관이 되려는 지휘관을 응원하며 '내가 니케가 된다면 네 니케가 되고 싶다'던 소녀는 누구인가 — 병원의 소녀나 마리안과 관계있나?
Q64,ch13,64,d_main_13af_01,일부,Q64-2:일부,ch20,F771,100,person:지휘관 person:엔더슨,확정,"지휘관과 엔더슨이 가진 '귀한 피'는 무엇이고, 둘이 같은 피인 것은 우연인가?"
Q65,ch13,64,d_main_13af_07,일부,Q65-2:일부 Q65-3:일부,ch24 event_footstepwalkrun1,F1034 F1755,286,person:라피 person:레드_후드,확정,"라피 안의 레드 후드는 무엇이고, 왜 라피에게 방주를 파괴하라고 하나?"
Q66,ch13,64,d_main_13af_02,열림,,,,,person:엔더슨 person:잉그리드,확정,마리안의 선택을 지휘관에게 맡기지 말라며 감성적이 된 엔더슨에게 떠올랐을 '과거의 일'은 무엇인가?
Q67,relic:여자친구의편지,67,relic:여자친구의편지_03,열림,,,,,person:제이드_한슨,확정,편지의 J — 휴대폰이 고장 나 연락이 끊긴 채 부대가 전멸한 군인 — 는 구조 문자를 보낸 제이드 한슨인가?
Q68,ch14,69,d_main_14_08,일부,Q68-2:일부,event_goddessfall1,F2289,349,person:마리안,확정,"헬레틱에서 돌아온 마리안 안의 블랙박스 넷과, 폭발을 빨아들이고 검은 빛을 내는 힘은 무엇인가?"
Q69,ch14,69,d_main_14_11,열림,,,,,person:마리안 person:버닝엄,확정,기밀이던 마리안의 존재를 방주에 일부러 퍼뜨린 것은 누구인가 — 버닝엄인가?
Q70,ch14,69,d_main_14af_03,열림,,,,,concept:랩쳐 person:토커티브 person:에닉,확정,방주의 위치를 오래전부터 안 랩쳐는 왜 방주를 치지 않고 니케를 받는 거래를 했나?
Q71,ch15,75,d_main_15_07_s,열림,,,,,concept:에블라_입자,확정,지상 쓰레기장의 일기 속 A.I '에바'와 그를 만든 '에블라'는 누구인가 — 에블라 입자와 관계있나?
Q72,ch15,75,d_main_15_03,열림,,,,,concept:랩쳐,확정,랩쳐들은 왜 반짝이는 물건을 줄지어 모아 쓰레기장에 쌓고 지켰나?
Q73,relic:종말의서,76,relic:종말의서_02,열림,,,,,incident:랩쳐_침공,확정,종말의 서가 말하는 '차가운 대지 아래 묻힌 유해'(인간의 첫 번째 죄 · 새로운 신의 그릇)와 다시 태어날 '그녀'는 무엇인가?
Q74,ch16,80,d_main_16_09_s,열림,,,,,person:바이퍼,확정,"바이퍼가 믿을 만한 출처에서 얻었다는 '북부 좌표 아래 잠든 엄청난 괴물'은 무엇이고, 그 출처는 누구인가?"
Q75,ch16,80,d_main_16_13_e,풀림,Q75-2:전부,ch17,F675,60,person:지휘관 org:카운터스,확정,크로우의 총에 맞아 마의 지대에 버려진 지휘관과 쓰러진 카운터스는 어떻게 되나?
Q76,ch16,80,d_main_16af_03,일부,Q76-2:일부,ch18,F706,66,org:이그조틱 person:슈엔,확정,이그조틱이 슈엔을 첫 사냥감으로 준비하는 '방주의 첫 불꽃놀이'는 무엇인가?
Q77,char:180,85,ep:d_nikke_guillotine_02,일부,Q77-2:일부,ch23,F997,129,,확정,"길로틴의 오른눈에 '10년 전 봉인되었다'는 [편익의 마왕] — 시민권 없는 뇌를 멈추는 장치 — 은 무엇이고, 길로틴은 어떻게 그 눈을 갖게 되었나?"
Q78,char:212,87,ep:d_nikke_novel_01,일부,Q78-2:일부,event_newflavor,F1837,280,,확정,방주 먹거리의 약 95%를 이루는 '정체 모를' 인공 식량 퍼펙트는 무엇으로 만드나?
Q79,char:232,88,ep:d_nikke_noah_02,일부,Q79-2:일부,ch19,F745,71,,확정,지상에 버려진 노아를 거둬 간 노아의 '진짜 지휘관'은 누구인가 — 지상의 필그림(에덴)에게 지휘관이 있나?
Q80,char:232,88,ep:d_nikke_noah_05,일부,Q80-2:일부,erelic:goddess_fall_mini,F2330,331,,확정,어린 노아는 왜 연구원 · 다른 니케들과 떨어져 지상에 홀로 버려졌나?
Q81,char:202,91,ep:d_nikke_dolla_03,열림,,,,,,확정,미실리스 관계자는 왜 도라에게 사람 신체 50구를 급히 주문했나?
Q82,char:221,94,ep:d_nikke_rapunzel_04,일부,Q82-2:일부 Q82-3:일부,ch25 event_footstepwalkrun1,F1109 F1763,256,,확정,갓데스 스쿼드의 레드 후드와 라피 안의 '레드 후드'(시크릿 바디)는 어떤 관계인가?
Q83,char:221,94,ep:d_nikke_rapunzel_04,풀림,Q83-2:일부 Q83-3:전부,ch17 fl:ark_guardian,F683 F2373,334,,확정,"갓데스 스쿼드의 지휘관은 누구이고, 방주로 피난한 뒤 어떻게 되었나?"
Q84,char:221,94,ep:d_nikke_rapunzel_04,풀림,Q84-2:일부 Q84-3:전부,ch17 event_overzone,F681 F907,106,,확정,갓데스 스쿼드의 리더 릴리스와 도로시는 지금 어떻게 되었나?
Q85,char:130,100,ep:d_nikke_mary_03,일부,Q85-2:일부,event_bluewaterisland,F971,109,,확정,"인간 메어리에게 동의 없는 뇌로 니케를 만들자고 한 '한 무리의 사람들'은 누구이고, D에게 입막음을 시킨 '위'는 누구인가?"
Q86,char:12,115,ep:d_nikke_anis_01,일부,Q86-2:일부,event_wisdomspring,F1773,238,person:지휘관,확정,"지휘관은 왜 방주 출생 · 사관학교 졸업 말고는 기억이 흐릿한가 — 기억 상실인가 기억 소거인가, 입원은 무엇 때문이었나?"
Q87,char:241,121,ep:d_nikke_epinel_02,열림,,,,,incident:피사_돔_폭발_사고 org:라이프_토닉,확정,"3년 전의 [피사 돔 폭발 사고]는 어떤 사고이고, 라이프 토닉 니케는 어떻게 그 사고를 일으켰나?"
Q88,char:231,128,ep:d_nikke_isabel_01,일부,Q88-2:일부,sub:에덴_Notice_01,F876,63,person:이사벨 person:지휘관,확정,"지휘관이 이사벨에게 [그것](엽서)을 준 것은 언제 어떤 만남이었고, 이사벨은 왜 그것으로 '구원'받았다고 하나?"
Q89,char:230,135,ep:d_nikke_harran_04,일부,Q89-2:일부,erelic:goddess_fall_mini,F2325,284,person:하란 place:방주,확정,"하란이 말하는 배신 — 과거의 마녀들과 현재의 니케들이 포식자의 신뢰를 버린 일 — 은 무엇이고, 하란은 왜 방주를 다시 가고 싶지 않은 '구정물'이라 하나?"
Q90,char:222,136,ep:d_nikke_hongryeon_02,풀림,Q90-2:일부 Q90-3:전부,erelic:red_ash_lost event_newyearnewsword,F1181 F1238,125,person:홍련,확정,"홍련은 전멸한 근접전용 스쿼드의 유일한 생존자인가 — 홍련이 검을 휘둘러야 하는 '약속, 아니 저주'는 누구와의 무엇인가?"
Q91,char:120,137,ep:d_nikke_n102_04,열림,,,,,person:N102,확정,"앤(N102)의 기억을 매일 지우고 수첩을 써 주던 '무서운 선생님'(???)은 누구이고, 왜 앤을 지휘관에게 넘겼나?"
Q92,event_nocallerid,138,event_nocallerid_epilogue,열림,,,,,place:해피_판타지_랜드 person:엔더슨,확정,수십 년 전 멈춘 테마파크에서 대관람차만 돌아가고 광고 음성이 방주에 닿게 한 '뭔가의 개입'은 무엇인가 — 누가 지휘관 일행을 그곳으로 불렀나?
Q93,event_nocallerid,138,event_nocallerid_03_s,열림,,,,,person:라피,확정,"랩쳐 발자국도 시체도 없이 인간용 화기의 탄피만 남은 지상 마을에서 무슨 일이 있었고, 잠긴 건물 안쪽 문 뒤에서 라피가 본 것은 무엇인가?"
Q94,ch17,140,d_main_17_11,열림,,,,,,확정,갓데스가 지상에서 다시 만나 [파이오니아]라는 이름을 받은 '두 분'은 누구인가?
Q95,ch17,140,d_main_17_11,열림,,,,,,확정,"갓데스가 1차 침공 전쟁에서 함께 한 약속은 무엇이고, 그것을 지키지 못한 라푼젤이 속죄로 해야 한다는 일은 무엇인가?"
Q96,sub:제니퍼f_00,79,sub:제니퍼f_00,일부,Q96-2:일부,fl:lie_cause_recoil,F2478,359,,확정,방주 아동 보호 센터는 정말 아이들을 가둬 두고 성인이 되면 강제로 뇌를 기증시켜 니케로 만드는가 — 제니퍼의 계정은 왜 곧바로 이용 제한되었나?
Q97,ch18,146,d_main_18af_06,일부,Q97-2:일부,ch23,F995,68,,확정,"크로우가 유니와 함께 방주에 짜려는 '거대한 감옥'은 무엇이고, 크로우가 예고한 '화려한 불꽃놀이'는 어떻게 찾아오나?"
Q98,ch18,146,d_main_18af_03,일부,Q98-2:일부,fl:ark_guardian,F2364,282,,확정,"엔더슨은 언체인드 연구소를 어떻게 알고 있으며, 왜 그곳을 '사지'라 하나?"
Q99,sub:중앙_정부_공식__02,148,sub:중앙_정부_공식__02,열림,,,,,,확정,제인 밀러는 왜 누군가 자기(지휘관)를 니케로 만들 것이라 믿고 목숨까지 걸며 방주로 돌아가기를 거부하나?
Q100,event_miraclesnow1,153,event_miraclesnow2_epilogue,열림,,,,,,확정,"앤의 기억이 눈 내리는 2주 동안만 이어지고, 그 기억이 NIMPH와 하나가 되어 블랙박스로 남은 까닭은 무엇인가?"
Q101,event_brandnewyear,157,event_brandnewyear_05_e,열림,,,,,person:버닝엄,확정,"새해에 방주가 사람 하나 없는 지상 좌표로 올려 보내 쌓아 둔 물품 상자들은 무엇이고, 누구를 위한 것인가?"
Q102,event_brandnewyear,157,event_brandnewyear_06_e,열림,,,,,person:마리안 org:바이스리터,확정,"지상 바다 언덕에서 지휘관이 본 형체는 정말 마리안이었나 — 백기사에게 맡겨진 마리안이 왜 그곳에 있었고, 붕대를 남기고 사라졌나?"
Q103,char:260,158,ep:d_nikke_marian_p_04,열림,,,,,concept:니케 concept:랩쳐 person:마리안,확정,니케의 구성물과 랩쳐의 구성물은 왜 서로의 빈 곳을 메우듯 완벽하게 융합되나 — 에테르의 말처럼 처음부터 그렇게 만들어진 것인가?
Q104,ch19,159,d_main_19_04,풀림,Q104-2:전부,fl:ark_guardian,F2363,269,concept:언체인드,확정,언체인드의 원료가 된 Rh X(가칭) 혈액형 보유자 1인은 누구인가 — 갓데스의 지휘관인가?
Q105,ch19,159,d_main_19af_01,일부,Q105-2:일부,event_overzone,F928,41,person:도로시,확정,"에덴의 도로시는 누구인가 — 지휘관의 기적을 전해 준 도로시의 '옛 친구들'은 누구이고, 도로시는 갓데스의 도로시인가?"
Q106,ch19,159,d_main_19af_01,열림,,,,,person:도로시 person:세실,확정,지휘관 일행이 에덴에 오게 된 것은 도로시가 꾸민 일인가 — 세실이 말한 '도로시의 장난'은 무엇인가?
Q107,ch19,159,d_main_19_01,일부,Q107-2:일부,event_ce006,F1987,228,place:방주,확정,방주 고위 간부들은 지상의 인간 거주지(실낙원)를 옛날부터 알면서 왜 '지상 생존자 0명'이라고 발표했나?
Q108,sub:데이파라_00,168,sub:데이파라_00,풀림,Q108-2:일부 Q108-3:일부 Q108-4:전부,sub:2호_쉘터_관리계정_00 fl:reborn_evil char:840,F902 F2134 F2144,240,org:구원의_성화 person:데이파라,확정,"구원의 성화 신도들은 지상의 제단에서 왜 저항도 없이 편안한 얼굴로 죽었고, 그 자리에 없던 데이파라의 엄마는 어디에 있나?"
Q109,relic:데일리아크기사스크랩,160,relic:데일리아크기사스크랩_04,일부,Q109-2:일부 Q109-3:일부,ch20 erelic:goddess_fall_mini,F762 F2334,259,person:샛별 person:마일즈,확정,"2차 지상 탈환전의 영웅 [샛별]은 누구이고, 73호기 엘리베이터 랩쳐 침략의 책임은 정말 샛별에게 있었나 — 마일즈 부사령관이 망친 것을 수습했다는 말은 사실인가?"
Q110,ch20,164,d_main_20_07,일부,Q110-2:일부,event_goddessfall1,F2891,254,person:지휘관 person:니힐리스타 person:토커티브,확정,"토커티브가 말한, 지휘관의 몸을 열면 나온다는 니힐리스타가 원하는 것 — 지휘관을 [블랙박스]라 부르게 한 것 — 은 무엇인가?"
Q111,ch20,164,d_main_20_10_e,일부,Q111-2:일부,char:261,F839,20,concept:릴리스의_바디 person:퀸 person:릴리스,확정,"퀸의 전신이자 지상에 남은 유일한 미련이라는 [릴리스의 바디]는 무엇이고, 갓데스의 릴리스와 어떤 관계인가?"
Q112,ch20,164,d_main_20_06_s,일부,Q112-2:일부,ch21,F861,25,person:요한 person:샛별 place:에덴,확정,"방주의 영웅 샛별이었던 요한은 방주에서 무슨 일을 당했고, 어떻게 방주를 떠나 에덴의 지휘관이 되었나?"
Q113,relic:jonathan_report,166,relic:jonathan_report_04,열림,,,,,place:에덴,확정,"조나단 크로스가 본, 불빛이 켜졌다가 사라지고 다시 나타난 지상의 '낙원'은 에덴이었나 — 조나단은 끝내 어떻게 되었나?"
Q114,event_doutsiders,169,event_doutsiders_05_s,열림,,,,,place:아우터_림 person:조셉,확정,조셉의 말대로 중앙 정부는 아우터 림의 갱 전쟁을 부추겨 거둔 시체를 어떤 '알 수 없는 실험'에 쓰는가?
Q115,event_cherryblossom,183,event_cherryblossom_intermission_01,일부,Q115-2:일부,event_staranis1,F2701,271,,확정,"3대 기업이 생긴 지상 시절부터 지금까지 한 번도 바뀌지 않았다는 테트라 CEO 머스탱은 어떻게 그토록 오래 CEO로 있으며, 갓데스를 '나의 Goddess들'이라 부르는 까닭은 무엇인가?"
Q116,char:261,184,ep:d_nikke_nihilister_02,열림,,,,,,확정,"니케와 헬레틱이 똑같이 인간의 이해를 넘어선 미지의 공정으로 만들어진다면, 인간이 랩쳐의 기술을 베낀 것인가 랩쳐가 인간의 기술을 베낀 것인가 — 무엇이 둘을 가르나?"
Q117,char:282,185,ep:d_nikke_sakura_05,열림,,,,,,확정,세이메이카이의 속사정을 알고 지휘관에게 익명 문자로 잠입 · 중재를 부탁한 키츠네는 누구인가?
Q118,ch21,189,d_main_21_02_e,일부,Q118-2:일부,erelic:goddess_fall_mini,F2335,230,,확정,"60년 가까운 과거에 2차 지상 탈환전에 참전하고 공식 기록상 탈주 중 사살된 샛별 요한은, 인간인데도 어떻게 살아남아 지금의 젊은 외형을 하고 있나?"
Q119,ch21,189,d_main_21_07_e,열림,,,,,,확정,에덴이 2차 탈환전의 거대 대공포를 앵커 발사 장치로 개조해 원래 끌어내리려던 것은 무엇인가?
Q120,ch21,189,d_main_21af_01,일부,Q120-2:일부,event_overzone,F928,11,,확정,도로시는 왜 에덴의 모든 것을 대가로 걸고 귀빈으로 방주에 가려 하나 — 도로시가 파피용과 카운터스에게 원하는 '침묵과 비밀'은 무엇인가?
Q121,ch21,189,d_main_21af_02,풀림,Q121-2:전부,ch22,F894,6,,확정,방주와 연락이 끊긴 사이 랩쳐는 어떻게 방주 안에 나타났나 — 방주에 무슨 일이 일어났나?
Q122,sub:에덴_Notice_02,192,sub:에덴_Notice_02,일부,Q122-2:일부 Q122-3:일부 Q122-4:일부 Q122-5:일부,ch39 ch40 side:eden_spear erelic:goddess_fall_mini,F2055 F2070 F2170 F2337,227,,확정,에덴이 '미끼이자 창'이라는 것은 무엇이고 무엇을 향해 쏘려는 것인가 — 라피가 신경 쓴 에덴 최상부의 모습은 무엇을 닮았나?
Q123,relic:특이랩쳐보고서-후,194,relic:특이랩쳐보고서-후_02,열림,,,,,,확정,무언가를 먹고 웃으며 모습이 바뀐 1세대 랩쳐는 무엇이 되었나 — 랩쳐는 먹어서 동력만 채우는 것이 아니라 변할 수도 있나?
Q124,ch22,195,d_main_22_06,일부,Q124-2:일부,ch23,F993,19,org:이그조틱 person:바이퍼 person:JohnD org:엔터_헤븐,확정,"이그조틱(바이퍼)은 왜 언더월드 퀸과 엔터 헤븐을 속여 코인 러시를 털게 하고, E.H.의 굴착용 폭탄은 누가 [JohnD]를 띄워 지상에서 터뜨렸나 — 방주에 구멍을 낸 것이 이그조틱의 목적이었나?"
Q125,ch22,195,d_main_22_09,풀림,Q125-2:일부 Q125-3:일부 Q125-4:전부,fl:enter_heaven,F2490 F2502 F2495,247,person:E.H. person:잉그리드 org:익스터너 org:엘리시온,확정,"E.H.는 왜 '엘리시온 하퍼'라는 이름을 버렸고, 잉그리드와 익스터너를 어떻게 아나 — '결국 완성했구나, 잉그리드'는 무슨 뜻인가?"
Q126,ch22,195,d_main_22_12_s,풀림,Q126-2:전부,ch24,F1032,24,person:니힐리스타 person:토커티브 person:인디빌리아,확정,니힐리스타가 방주 안에서 느낀 토커티브와 인디빌리아는 무엇이고 방주 어디에 있나?
Q127,sub:할아범_01,198,sub:할아범_01,일부,Q127-2:일부,ch45,F2581,252,org:중앙_정부 place:방주,확정,"방주 납골당의 유골함에 뼛가루 대신 든 매끄럽고 단단한 것은 무엇이고, 화장을 맡은 중앙 정부는 시신을 실제로 어떻게 하나?"
Q128,event_overzone,200,event_overzone2_epilogue,풀림,Q128-2:일부 Q128-3:전부,erelic:red_ash_mini erelic:goddess_fall_mini,F1190 F2332,219,place:방주 person:도로시,확정,"방주가 관리 A.I.를 위험하다고 보아 방주의 두뇌들을 포섭하며 비밀리에 준비한 '카운터'는 무엇이고, 도로시가 지상으로 끌어올리려던 '방주 최고의 두뇌'는 누구인가?"
Q129,event_overzone,200,event_overzone2_04_e,일부,Q129-2:일부 Q129-3:일부 Q129-4:일부,event_redash side:pretty_star ch46,F1161 F2558 F2649,252,person:오스왈드 person:도로시,확정,"도로시가 그와 가족 · 후손까지 가장 고통스럽게 죽이겠다고 한 방주 밀봉 총책임자 오스왈드는 누구이고, 그 뒤 어떻게 되었나?"
Q130,event_overzone,200,event_overzone2_02_e,일부,Q130-2:일부,ch48,F2830,272,person:라푼젤,확정,무덤에서 솟아 라푼젤의 로사리오로 들어간 황금색 입자 — 먼저 떠난 이들의 기억 — 는 무엇인가?
Q131,erelic:white_memory,201,erelic:white_memory_19,풀림,Q131-2:전부,fl:ark_guardian,F2373,227,,확정,릴리스의 관 근처에 떨어져 있던 군번줄의 주인 — 릴리스와 서로 사랑한 '그' — 는 누구인가?
Q132,erelic:white_memory,201,erelic:white_memory_20,풀림,Q132-2:일부 Q132-3:전부,side:eden_spear event_goddessfall1,F2163 F2268,217,,확정,릴리스의 관에서 사라진 머리는 누가 가져갔고 어디로 갔나?
Q133,char:270,205,ep:d_nikke_blanc_05,열림,,,,,,확정,"블랑이 스킨십으로 나눠 주는 행운은 무엇이고, 지휘관과 나눌 때만 블랑의 스태미나가 크게 떨어지는 까닭은 무엇인가 — 반쪽인 누아르와 관계있나?"
Q134,char:280,208,ep:d_nikke_rosanna_04,열림,,,,,person:로산나,확정,로산나의 부친 — 배드 드림의 여자와 사이에 로산나를 낳고 떠난 무책임한 로열 남자 — 은 누구인가?
Q135,event_bluewaterisland,209,event_bluewaterisland2_epilogue,풀림,Q135-2:전부,event_seayouagain1,F1050,17,place:블루워터_아일랜드 concept:랩쳐,확정,"블루워터 아일랜드 해저에서 움직이는 건물 몇 채만 한 거대 물체는 무엇인가 — 100년 넘게 보고되지 않은 해상 랩쳐인가, 구시대 해군의 장치인가?"
Q136,ch23,214,d_main_23_02_s,일부,Q136-2:일부,ch25,F1095,27,,확정,엔더슨은 CH.22의 침공 때 무슨 일로 움직일 수 없을 만큼 다쳤나?
Q137,ch23,214,d_main_23_01_e,일부,Q137-2:일부,ch24,F1028,5,,확정,"버닝엄은 왜 도로시를 방주에 초대했고, 헬레틱이 방주에 들어온 때 도로시가 '짜고 친 것처럼' 완벽한 때에 나타난 것은 우연인가?"
Q138,ch23,214,d_main_23af_01,열림,,,,,,확정,갓데스 스쿼드의 정보를 방주에 적극적으로 퍼뜨리다 죽어 이름조차 잊힌 이는 누구인가?
Q139,ch23,214,d_main_23_11_e,풀림,Q139-2:전부,ch24,F1014,5,,확정,크로우는 부상자를 싣고 미실리스 의료 센터로 가는 AZX에 타서 무엇을 하려 하나?
Q140,ch23,214,d_main_23_11_e,풀림,Q140-2:전부,ch24,F1012,5,,확정,유니는 지휘관에게서 빼앗은 언체인드로 무엇을 하려 하나 — 누구에게 어떤 복수를 하려는가?
Q141,ch23,214,d_main_23af_02,풀림,Q141-2:일부 Q141-3:일부 Q141-4:일부 Q141-5:전부,ch25 erelic:red_ash_mini erelic:goddess_fall_mini ch44,F1100 F1190 F2332 F2444,222,,확정,버닝엄이 '애초에 잉크와 합쳤어야 했어. 카운터는 무슨…'이라 한 잉크와 카운터는 무엇인가?
Q142,relic:필그림조우보고서,217,relic:필그림조우보고서_04,열림,,,,,,확정,"지상에서 큰 관을 짊어지고 다니다 빛과 함께 사라진, 니케인지 랩쳐인지 모를 존재는 누구인가?"
Q143,ch24,219,d_main_24_09,열림,,,,,person:크로우 concept:NIMPH,확정,크로우는 어떻게 NIMPH가 정상 작동하는데도 인간을 쏘고 테러를 저지를 수 있었나 — 정말 NIMPH를 자기 뜻대로 제어하나?
Q144,ch24,219,d_main_24af_01,열림,,,,,person:에닉 concept:니케,확정,에닉이 헬레틱 재진입에 대비해 직접 설계 · 운용하겠다는 '압도적인 물리력'의 니케 두 기는 어떤 니케인가?
Q145,ch24,219,d_main_24af_01,풀림,Q145-2:일부 Q145-3:전부,ch26 event_footstepwalkrun1,F1115 F1763,131,person:잉그리드 person:라피 person:레드_후드,확정,"잉그리드가 방주가 뒤집힐 수 있는 일급기밀이라 말하지 못한, 지휘관이 '여러 의미로' 라피를 되찾아야 하는 까닭은 무엇인가?"
Q146,event_goldenship,224,event_goldenship_06_e,열림,,,,,person:마스트,확정,지상 바다의 해무 속을 유영하다 사라진 거대한 함선의 황금빛 그림자는 무엇인가 — 정말 캡틴 앨리게이터의 황금 배인가?
Q147,event_seayouagain1,226,event_seayouagain2_05_e,열림,,,,,place:어드마이어_호 person:헬름 org:이지스,확정,"바닷속에 가라앉던 헬름을 '이지스 스쿼드의 리더'라 부르며 깨운 목소리와, 한 발뿐이던 이지스 캐논을 저절로 200%까지 충전한 힘은 무엇인가 — 스스로를 이지스 스쿼드의 네 번째 멤버라 말하는 어드마이어 호에게 의지가 있나?"
Q148,event_freezeacpu,239,event_freezeacpu_intermission_01,열림,,,,,person:키리 person:지휘관,확정,흐릿하게만 보는 키리의 눈에 왜 지휘관과 — 할로윈에 사탕을 준 분장한 여자와 그 사탕만 — 선명하게 보이나?
Q149,ch25,241,d_main_24af_04,일부,Q149-2:일부,fl:ark_guardian,F2364,187,,확정,엔더슨은 어쩌다 생명유지 장치 없이는 살 수 없는 몸이 되었나?
Q150,ch25,241,d_main_25_07_e,일부,Q150-2:일부 Q150-3:일부 Q150-4:일부 Q150-5:일부 Q150-6:일부,ch26 ch37 fl:boom_the_ghost event_goddessfall1 ch44,F1128 F1859 F2037 F2317 F2439,195,,확정,"도로시가 방주에서 한 일 · 준비하는 것은 무엇이고, 정말 '거짓된 낙원' 방주를 파멸시키려 하나?"
Q151,ch25,241,d_main_25_08_e,일부,Q151-2:일부,ch26,F1116,5,,확정,"도로시가 알던 레드 후드는 죽었다는데 어떻게 라피 안에 있다가 라피의 몸으로 살아 있고, 도로시는 왜 그녀를 끌어안았다가 '누구냐'며 물러났나?"
Q152,relic:마더웨일아종목격보고.wav,242,relic:마더웨일아종목격보고.wav_03,풀림,Q152-2:전부,ch27,F1285,28,,확정,색과 형태가 다른 마더 웨일 '아종'과 거기서 내려 보고자를 쳐다본 어설프고 작은 랩쳐는 무엇인가?
Q153,ch26,246,d_main_26_03_s,열림,,,,,,확정,"스노우 화이트 일행이 마리안을 백기사에게 맡기고 좇는, '그토록 찾아 헤매던 반격의 실마리'는 무엇인가?"
Q154,ch26,246,d_main_26_11,열림,,,,,,확정,슈엔이 속으로 힘을 가질 절호의 기회라며 '언젠가는 반드시… 마리안을'이라 한 것은 마리안을 어떻게 하려는 것인가?
Q155,ch26,246,d_main_26_12_e,일부,Q155-2:일부,ch27,F1284,24,,확정,"랩쳐 무리를 쓸어버리고 탈환지에 내려앉은 신형 마더 웨일은 무엇이고, 그 순간 지휘관에게 온 문자는 누가 보냈나?"
Q156,relic:저주받은보석,248,relic:저주받은보석_04,일부,Q156-2:일부,ch27,F1297,22,,확정,"특이 랩쳐에 박혀 있던 수정은 무엇이고, 어떻게 니케들을 갑자기 죽이고 몸 안을 수정으로 채워 다시 일으켰나?"
Q157,event_redash,251,event_redash2_epilogue,일부,Q157-2:일부,event_footstepwalkrun1,F1756,99,person:레드_후드 concept:침식,확정,"레드 후드는 어떻게 민가에서 30년 동안 잠들었다 깨어났고, 그사이 침식(두통)은 어떻게 된 것인가?"
Q158,event_redash,251,event_redash1_intermission_01,열림,,,,,concept:랩쳐 concept:침식,확정,이미 이기고 있는 랩쳐는 왜 침식 · 니케와의 융합 같은 짓을 하나 — 라푼젤 · 도로시의 말처럼 인류를 가지고 노는 것인가?
Q159,erelic:red_ash_lost,252,erelic:red_ash_lost_19,풀림,Q159-2:전부,fl:ark_guardian,F2358,176,person:릴리바이스 org:갓데스,확정,"상부가 지휘관과 릴리스만 불러야 했던 ‘별것 아닌 이유가 아닌’ 사정은 무엇이고, 영상 메시지 끝에 릴리스에게 무슨 일이 일어났나?"
Q160,erelic:red_ash_mini,253,erelic:red_ash_mini_07,열림,,,,,,확정,"카운터로 개발되던 이름 없는 A.I.(???)는 누구인가 — 시뮬레이션 룸의 잉크인가, 모체가 될 재료는 무엇이고 남긴 선물은 무엇인가?"
Q161,event_dirtybackyard,265,event_dirtybackyard_04_e,일부,Q161-2:일부 Q161-3:일부 Q161-4:일부 Q161-5:일부 Q161-6:일부,ch30 event_lordforjustice ch41 ch44 ch45,F1400 F1962 F2209 F2443 F2596,185,person:식스오 place:블랙넷 person:목단,확정,"블랙넷의 마스터일지도 모른다는 식스오는 누구이고, 어디에 숨어 무엇을 노리나 — 왜 굳이 목단에게 누명을 씌웠나?"
Q162,event_dirtybackyard,265,event_dirtybackyard_05_e,열림,,,,,person:슈가 person:식스오 place:아우터_림,확정,"슈가가 예전에 몸담은 '다른 스쿼드'는 무엇이고, 슈가가 식스오의 일을 하다 일으킨 '큰일' — 목단이 말한, 뿌리 뽑지 않아 일대가 작살난 아우터 림의 비슷한 일 — 은 무엇이었나?"
Q163,ch27,270,d_main_27_06,일부,Q163-2:일부,ch31,F1533,38,place:수정_지역 person:일레그,확정,"일레그의 말대로 수정 지역의 수정이 자연 발생이 아니라면, 누가 어떤 목적으로 풀어놓았나?"
Q164,ch27,270,d_main_27_05,풀림,Q164-2:전부,ch30,F1399,23,person:리버린 person:라피 person:아니스,확정,"리버린이 노리는 '기회'는 무엇인가 — 기념일도 없는데 밤에 상대한 '고객님들'은 누구이고, 왜 대인전 · 정보가 퍼지는 것을 신경 쓰며 탐색을 계속하자고 하나?"
Q165,ch27,270,d_main_27_07,풀림,Q165-2:일부 Q165-3:전부,ch41 ch43,F2205 F2414,164,person:네온 person:일레그,확정,"네온의 안경 — 뉴 매터 프레임 · 처음 보는 고성능 디스플레이 · 엄청난 OS 용량 — 은 무엇이고, 네온은 그것을 어떻게 갖게 되었나?"
Q166,ch27,270,d_main_27_09_s,일부,Q166-2:일부,ch28,F1321,5,place:수정_지역 concept:랩쳐,확정,"수정에 잠식된 구 도심에서는 무슨 일이 일어났고, 랩쳐 무리를 그 좁은 길로 도망치게 한 것은 무엇인가?"
Q167,sub:피라_02,272,sub:피라_02,일부,Q167-2:일부,relic:잘지내라친구,F1307,2,person:레드_후드 place:탈환지_01,확정,"레드 후드의 고향에서 '아지트에서 기다리겠다'며 편지를 남긴 친구는 누구이고 — 고향에 남은 건 자기 몸뚱이 하나, '여기 누워서' 보겠다던 그는 — 어떻게 되었나?"
Q168,sub:피라_02,272,sub:피라_02,일부,Q168-2:일부,ch34,F1655,64,person:라피 person:레드_후드,확정,그네 위의 라피 뒤에서 '그치? 끝내주지?'라 한 목소리는 레드 후드였나 — 완전히 떠났다던 레드 후드가 아직 라피 곁이나 안에 남아 있나?
Q169,ch28,275,d_main_28_08_s,풀림,Q169-2:전부,sub:관짝이_00,F1562,36,place:수정_지역 person:라피,확정,"오래된 의료 기계들에 둘러싸인 거대한 수정 안의 니케 같은 그림자는 누구이고, 그곳에서 무엇을 하고 있었나 — 라피는 왜 그것을 부숴야 한다고 느꼈나?"
Q170,ch28,275,d_main_28_08_s,풀림,Q170-2:일부 Q170-3:일부 Q170-4:일부 Q170-5:전부,ch30 ch31 ch32 sub:관짝이_02,F1408 F1536 F1545 F1571,39,person:언노운 item:세븐스_드워프 person:스노우_화이트,확정,"관을 메고 다니며 '세븐스 드워프'를 쓰는 언노운은 누구인가 — 왜 스노우 화이트의 무장 이름을 쓰고, 그가 말한 '약속을 지키지 않은' 인간의 배신은 무엇인가?"
Q171,ch28,275,d_main_28_10,풀림,Q171-2:일부 Q171-3:일부 Q171-4:전부,event_boomsday event_darkhero event_footstepwalkrun1,F1339 F1474 F1755,75,place:방주 person:일레그,확정,발전소가 하나도 없는 방주의 에너지는 어디서 오나 — 알면 방주에 살고 싶지 않을 것이라는 일레그의 '정답'은 무엇인가?
Q172,ch28,275,d_main_28_11_s,일부,Q172-2:일부,ch29,F1382,16,place:수정_지역 person:일레그,확정,"수정 덩어리 안에서 일레그가 보고 놀란 것은 무엇이고, 수정 덩어리가 셋을 싣고 내려간 땅 밑 엘리베이터는 어디로 이어지나?"
Q173,sub:택틱컬틱택_01,245,sub:택틱컬틱택_01,열림,,,,,person:잉그리드,확정,"잉그리드가 너무나 싫어했다는, 대를 위해 소를 희생하는 방식의 '부친'은 누구이고 어떤 선택들을 했나?"
Q174,sub:핸섬_커맨더_00,276,sub:핸섬_커맨더_00,풀림,Q174-2:전부,sub:MMR지킴이_00,F1333,2,person:이안_맥스 place:수정_지역,확정,AREA F-031에서 오래전에 죽은 지휘관 핸슨의 시체는 왜 썩지 않고 살이 쪄(부풀어) 있었나?
Q175,sub:MMR지킴이_00,278,sub:MMR지킴이_00,열림,,,,,person:에테르 place:수정_지역,확정,"인간을 점액질로 망가뜨려 미끼로 던져 두는 — 에테르가 상상한 '랩쳐를 잡아먹는 뭔가'는 정말 있나, 벽이 녹은 구멍을 낸 것은 무엇인가?"
Q176,event_boomsday,280,event_boomsday_05_e,열림,,,,,concept:방주_동력원,확정,방주의 동력원은 왜 갑자기 평소의 두 배 전력을 만들어 폭주했나 — 또 폭주할 수 있나?
Q177,event_killthelord,282,event_killthelord_epilogue,열림,,,,,concept:미스트 person:식스오 org:화양연화,확정,"미스트로 만든 환각 디퓨저는 누가 만들어 카밀라의 모임에 퍼뜨렸나 — 식스오의 짓인가, 무엇을 노렸나?"
Q178,side:second_affection,288,side:second_affection_10,일부,Q178-2:일부,event_lastkingdom1,F1452,7,person:마리안,확정,마리안을 데리고 다닌 2주 동안 랩쳐가 덤비지 않은 것은 마리안의 무엇 때문인가?
Q179,side:second_affection,288,side:second_affection_13,풀림,Q179-2:전부,event_lastkingdom1,F1445,7,person:크라운 concept:에블라_입자,확정,크라운은 왜 에블라 입자 농도가 짙어지면 앓아눕나 — 차임이 비밀로 하는 크라운의 몸의 사정은 무엇인가?
Q180,side:second_affection,288,side:second_affection_15,열림,,,,,person:마리안,확정,서로 지키는 마음을 깨달은 마리안의 몸에서 검은 빛이 일렁이며 일어난 변화는 무엇인가 — 거대화와 무엇이 다른가?
Q181,ch29,291,d_main_29_07_s,일부,Q181-2:일부,ch30,F1396,2,,확정,"수정 덩어리들이 모은 막대한 전기를 한 곳에 모아 에너지 라인으로 '저 너머' 보내는 것은 누구이고, 그 전기를 무엇에 쓰나?"
Q182,ch29,291,d_main_29_05_e,풀림,Q182-2:전부,ch30,F1399,2,,확정,"리버린은 왜 필그림(언노운)의 사진에 집착하며 '살려면 어쩔 수 없다'고 하나 — 프레자일이 짐작하는 '큰일'은 무엇이고, 리버린을 겁먹게 한 상대는 누구인가?"
Q183,ch29,291,d_main_29_07_e,일부,Q183-2:일부,ch30,F1410,2,,확정,"언노운이 목숨처럼 지키는 의료용 관(인큐베이터 · 콜드 슬립 장치로 보이는 것) 안에는 누가 있고, 언노운은 왜 '고마워'를 그리운 말이라 하나?"
Q184,relic:반드시사수하라,292,relic:반드시사수하라_04,열림,,,,,,확정,"하모니 큐브를 지키던 부대 앞에 나타난 '굴삭기' 같은 것은 무엇이고, 그 부대를 '방주 후보군'이던 곳까지 데려간 '고래'는 무엇인가?"
Q185,ch30,293,d_main_30_03_e,열림,,,,,,확정,리버린의 한 달 치 좌표 · 메시지 · 통화 · 구매 기록을 중앙 정부 데이터에서 지운 것은 누구인가 — 식스오가 그것까지 할 수 있나?
Q186,ch30,293,d_main_30_06_e,풀림,Q186-2:전부,sub:관짝이_00,F1563,18,,확정,그레이브가 사명으로 '다시 쓴다'는 잊혀져 퇴색된 오래된 이야기는 무엇인가?
Q187,ch30,293,d_main_30_af_03,열림,,,,,,확정,"구치소의 리버린에게 핸드폰을 넣어 메시지를 보낸 것은 누구이고, 무엇을 알렸나?"
Q188,event_lastkingdom1,295,event_lastkingdom2_02_e,일부,Q188-2:일부,ch40,F2072,103,,확정,"토커티브가 말한, 마리안 안에서 이미 활성화되었을 '인자'와 거스를 수 없다는 '운명 · 숙명', 그리고 토커티브가 기다리는 '때'는 무엇인가?"
Q189,event_lastkingdom1,295,event_lastkingdom2_06_s,일부,Q189-2:일부,ch40,F2072,103,,확정,헬레틱들은 왜 마리안 앞에 본능적으로 무릎 꿇고 '여왕님'이라 불렀나 — 헬레틱이 느끼지 못하는 마리안은 '가짜'인가 '다른 무언가'인가?
Q190,event_lastkingdom1,295,event_lastkingdom2_05_e,열림,,,,,,확정,토커티브가 유사 인간들에게 빼앗겼다는 사명 · 긍지 · 자리와 꿈은 무엇인가 — 토커티브는 원래 무엇이었나?
Q191,event_lastkingdom1,295,event_lastkingdom1_05_s,열림,,,,,,확정,"크라운은 원래 어느 스쿼드의 니케였고, 지휘관 · 동료가 모두 죽은 뒤 왜 홀로 하이퍼 푸드 창고를 지키고 있었나?"
Q192,event_lastkingdom1,295,event_lastkingdom2_epilogue,열림,,,,,,확정,나유타가 필그림을 소집하며 발견했다는 '큰 것'은 무엇인가 — 퀸의 단서인가?
Q193,char:330,296,ep:d_nikke_crown_03,열림,,,,,,확정,차임은 방주에 있었던 적이 있나 — 크라운이 말을 막은 차임의 과거는 무엇인가?
Q194,event_darkhero,298,event_darkhero_02_e,열림,,,,,,확정,일레그 · 트로니가 방주 동력원을 안다는 것을 눈치채고 테러 혐의로 체포 · 폐기를 명한 '높은 사람' — 중앙 정부 고위 간부이자 M.M.R.의 높으신 분 — 은 누구인가?
Q195,event_darkhero,298,event_darkhero_06_e,열림,,,,,,확정,"에테르가 말하다 삼킨, 일레그 · 트로니를 지켜보고 있다는 '더 귀찮은 세력'은 무엇인가?"
Q196,event_darkhero,298,event_darkhero_06_s,풀림,Q196-2:전부,event_icedragonsaga1,F1729,49,,확정,"임무 실패를 보고한 메이든은 어떻게 되었고, 왜 연락이 끊겼나?"
Q197,event_claymore,303,event_claymore_02_e,열림,,,,,,확정,"옛날 맨손으로 랩쳐와 싸웠다는 니케는 누구이고, 클레이의 스쿼드에 그것이 가능한지 몸소 증명하게 한 것은 누구인가?"
Q198,event_beautyfullshot1,305,event_beautyfullshot1_01_e,일부,Q198-2:일부,event_footstepwalkrun1,F1748,45,person:머스탱,확정,"머스탱이 '다시 일어나선 안 된다'며 든 방주 최초의 아이돌(Ark First Idol)은 누구이고, 왜 어떻게 죽었나?"
Q199,ch31,308,d_main_31_08,풀림,Q199-2:전부,relic:주의용광로사용법,F2184,109,person:베히모스 person:지휘관,확정,베히모스가 초면인 지휘관에게서 '받아 가야 할 게 있다'며 돌려 말하려 머뭇거린 것은 무엇인가?
Q200,ch31,308,d_main_31_08,일부,Q200-2:일부 Q200-3:일부,ch32 ch33,F1551 F1636,26,org:포비스트 person:베히모스 person:아나키오르,확정,"포비스트(헬레틱 넷)가 지금 하고 있다는 일은 무엇이고, 거기에 왜 대선배님(아나키오르)이 필요한가?"
Q201,relic:말뚝프로젝트보고서,309,relic:말뚝프로젝트보고서_03,열림,,,,,item:A_필러,확정,구축에 실패한 사막 좌표(PBZ 188.83) 부근에서 뒤늦게 발생한 재구축 신호는 무엇인가?
Q202,ch32,310,d_main_32_07,열림,,,,,person:레비아탄 person:베히모스 org:포비스트,확정,"레비아탄이 무슨 일이든 가장 먼저 일어날 것이라며 베히모스에게 지키게 한 '땅굴'은 무엇이고, 포비스트는 그곳에서 무엇을 대비하나?"
Q203,ch32,310,d_main_32_07,일부,Q203-2:일부,side:eden_spear,F2167,101,person:베히모스 place:에덴,확정,베히모스는 에덴에 가서 무엇을 했나 — '인사 정도'란 무엇인가?
Q204,ch32,310,d_main_32_09_e,풀림,Q204-2:일부 Q204-3:일부 Q204-4:전부,ch33 ch34 event_oldtales1,F1632 F1651 F1684,28,person:그레이브 person:신데렐라,확정,"그레이브는 원래 누구였기에 깨어난 신데렐라가 부서진 얼굴만 보고 알아보고 '내 최고의 관객'이라 부르며, 100년 넘게 그녀를 지켜 왔나?"
Q205,ch32,310,d_main_32_af_02,풀림,Q205-2:전부,ch34,F1644,26,org:앱솔루트 person:잉그리드 person:은화,확정,잉그리드가 준비했고 은화가 라피의 자리 때문에 미뤄 온 앱솔루트의 [택티컬 업] 플랜은 무엇인가?
Q206,sub:관짝이_02,314,sub:관짝이_02,풀림,Q206-2:일부 Q206-3:전부,ch34 ch44,F1656 F2430,122,person:스노우_화이트 item:세븐스_드워프,확정,"스노우 화이트가 다른 무기 개발을 멈추고 비밀 공방에서 그것만 만들었다는 [어떤 무기]는 무엇이고, 공방에 함께 남은 테스트용 드릴은 어디에 쓰는 것인가?"
Q207,sub:거울_공주_01,315,sub:거울_공주_01,일부,Q207-2:일부 Q207-3:일부 Q207-4:일부 Q207-5:일부,ch34 ch35 ch36 event_unbreakablesphere1,F1654 F1803 F1815 F1903,62,person:헨젤 person:그레텔 person:세이렌 person:신데렐라,확정,"신데렐라와 같은 스쿼드였던 2세대 페어리 테일 니케들 — 헨젤 · 그레텔 · 세이렌 — 은 어떻게 되었고, 지금 어디에 있나?"
Q208,event_colorless,319,event_colorless_intermission_01,열림,,,,,org:M.M.R. place:미미르_부속_고등학교,확정,M.M.R.에 통합 P반의 [필드 트립]을 요청해 커리큘럼을 바꾸게 한 '손님들'은 누구인가?
Q209,event_colorless,319,event_colorless_epilogue,열림,,,,,person:마르차나 person:에테르 place:미미르_부속_고등학교,확정,"마르차나가 들고 오겠다는, 미미르 부속고(M.M.R.)를 '부술 열쇠'는 무엇인가?"
Q210,char:833,321,ep:d_nikke_ce004_04_01,열림,,,,,person:미사토 person:아스카 person:레이 place:미미르_부속_고등학교,확정,"다른 세계에서 온 미사토 · 아스카 · 레이는 어떻게 방주에 와서 미미르 부속고의 임시 교사 · 학생(버디 팀)으로 지내게 되었고, 함께 상대한 '적'은 무엇인가?"
Q211,event_phantomthiefvsdetective,328,event_phantomthiefvsdetective_01_s,풀림,Q211-2:전부,char:580,F1612,2,person:팬텀,확정,지휘관이 '아는 사람과 되게 닮았다'면서도 모른 척해 준 괴도 팬텀은 평소에 누구인가?
Q212,char:580,330,ep:d_nikke_phantom_01,풀림,Q212-2:전부,event_arcanearchive,F1926,53,person:팬텀 org:베스트셀러,확정,팬텀이 명령을 받고 옮긴 기밀 책을 넘기는 '사장님' — 베스트셀러 스쿼드의 상부 — 는 누구인가?
Q213,side:wordless,331,side:wordless_03,일부,Q213-2:일부 Q213-3:일부,event_unbreakablesphere1 fl:project_matis,F1898 F2797,136,person:지엔 person:유니,확정,대외 활동 없이 숨어 있는 슈엔의 이복 언니 지엔은 왜 유니의 처벌을 니케와 랩쳐를 융합하는 비밀 실험으로 이끌었나?
Q214,ch33,334,d_main_33_02_s,열림,,,,,person:세실 place:에덴 person:도로시,확정,세실은 왜 연락이 닿지 않고 에덴은 도로시 건에도 움직임이 없나 — 에덴에 무슨 일이 있나?
Q215,ch33,334,d_main_33_08,일부,Q215-2:일부 Q215-3:일부 Q215-4:일부 Q215-5:일부,relic:소녀의일기-절망편- ch34 ch36 ch38,F1641 F1653 F1813 F1873,41,org:포비스트 concept:헬레틱,확정,"포비스트가 방주의 껍데기로 만들려는 [비장의 무기]는 무엇이고, 직계 헬레틱에게 당했다는 '예전 같은 꼴'은 무엇인가?"
Q216,ch33,334,d_main_33_10_e,풀림,Q216-2:전부,ch34,F1643,2,person:신데렐라 person:그레이브 person:레비아탄,확정,레비아탄이 검은 웅덩이로 데려간 신데렐라와 그레이브는 어디로 갔고 어떻게 되나?
Q217,ch34,336,d_main_34_af_02,풀림,Q217-2:전부,ch35,F1798,22,person:아니스,확정,방주에 돌아온 아니스가 따로 움직여 '마무리 지어야 할 일'은 무엇인가?
Q218,ch34,336,d_main_34_09_e,일부,Q218-2:일부,ch35,F1786,22,person:라피 person:레드_후드,확정,"베히모스를 꿰뚫은 라피의 '변신'은 무엇이고, NIMPH가 없는 라피의 정신 공간에 레드 후드는 어떻게 나타나 레비아탄을 튕겨 냈나?"
Q219,event_oldtales1,338,event_oldtales2_06_e,일부,Q219-2:일부,ch35,F1792,20,,확정,"홀로 궤도 엘리베이터 스테이션에 닿은 신데렐라는 퀸과 어떻게 싸웠고 무엇을 이루었기에 랩쳐 카운트가 무한이 아닌 숫자를 보이게 되었으며, 어쩌다 지상 크레이터에 떨어져 잠들었나?"
Q220,event_oldtales1,338,event_oldtales1_04_s,풀림,Q220-2:전부,erelic:old_tales_lost,F1703,2,,확정,침식된 신데렐라에게 말을 걸어 '퀸을 위해'로 이끈 인격 같은 목소리(미러)는 무엇인가 — 레드 슈즈가 심은 인격 데이터가 랩쳐 손에서 진화한 것인가?
Q221,event_oldtales1,338,event_oldtales2_epilogue,열림,,,,,,확정,"방주 밀봉 10여 년 뒤 지상에서 에이브를 붙잡아 1년 동안 열어 보고 몰래 엘리베이터로 올려보낸 연구원들은 누구이고, 왜 지상에 있었나?"
Q222,erelic:old_tales_mini_memory,341,erelic:old_tales_mini_memory_39,열림,,,,,,확정,유리 구두에 담긴 신데렐라의 푸른 눈을 깨워 붉은 눈이 더는 빛나지 않게 할 [왕자님]은 누구인가?
Q223,event_footstepwalkrun1,350,event_footstepwalkrun2_intermission_01,일부,Q223-2:일부,ch39,F2052,46,person:D.E.E.P. person:라피 person:레드_후드 item:초거대_코어,확정,"D.E.E.P.('우리')은 누구이고, 잠든 라피와 레드 후드에게 무엇을 했나 — 그가 말한 쌍둥이 초거대 코어의 '공존의 가능성'은 무엇인가?"
Q224,event_footstepwalkrun1,350,event_footstepwalkrun2_06_s,열림,,,,,person:라피 person:레드_후드,확정,"라피가 끌어안고 있던 레드 후드의 몸은 어디로 사라졌고, 돌아온 라피 바디의 두 번째 코어와 두 배의 무게는 어디서 왔나?"
Q225,event_wisdomspring,353,event_wisdomspring_05_e,일부,Q225-2:일부 Q225-3:일부,ch40 fl:good_world,F2071 F2568,95,concept:PROJECT_A.D. person:지휘관,확정,"[PROJECT. A.D.]는 무엇이고, 지휘관은 어떻게 그 프로젝트의 '7호' — 유일한 성공작 — 가 되었나? 지휘관은 인간인가?"
Q226,event_wisdomspring,353,event_wisdomspring_06_s,일부,Q226-2:일부,ch41,F2204,61,concept:PROJECT_A.D. place:방주 person:지엔,확정,"[그 프로젝트]를 총사령관과 함께 승인하고 세상에 숨기는 [그들]은 누구이고, 지엔이 '방주'라 한 방주 깊은 곳의 [어둠]은 무엇인가?"
Q227,event_wisdomspring,353,event_wisdomspring_04_s,열림,,,,,concept:PROJECT_A.D. person:지휘관,확정,빈 연구실에 [PROJECT. A.D.] 태블릿을 놓아 둔 것은 누구인가 — 에테르가 아니라면 누가 지휘관에게 진실을 알리려 했나?
Q229,ch35,358,d_main_35_08_e,풀림,Q229-2:일부 Q229-3:전부,relic:알관련전달사항 ch36,F1806 F1808,2,person:레비아탄 org:포비스트,확정,"레비아탄의 영역 알에서 태어나는, 니케와 랩쳐 파츠가 섞이고 콜링 시그널을 지닌 융합체들은 누가 무엇을 위해 만들었나 — 포비스트의 [비장의 무기]와 관계있나?"
Q230,ch35,358,d_main_35_09_s,열림,,,,,person:신데렐라,확정,"신데렐라가 용서하지 않았다는, 돌이킬 수 없는 끔찍한 짓을 저지른 '소중한 사람'은 누구이고 무슨 짓을 했나?"
Q231,relic:알관련전달사항,359,relic:알관련전달사항_00,풀림,Q231-2:일부 Q231-3:전부,ch36 ch38,F1808 F1878,16,concept:다크_매터,확정,"알 관련 음성 녹음을 남긴 이와 듣는 '너희'는 누구이고, 다크 매터와 섞는 [은색 물]은 무엇인가?"
Q232,ch36,360,d_main_36_05,풀림,Q232-2:전부,side:mudfish,F1849,10,person:레비아탄,확정,레비아탄이 '이제 진절머리 난다'고 한 배신은 누가 누구를 배신한 무엇이었나?
Q233,ch36,360,d_main_36_09_s,열림,,,,,person:베히모스 person:라플라스,확정,되살아나던 베히모스의 촉수에서는 왜 수정이 솟아 라플라스의 무기를 폭주시켰나 — 베히모스의 뜻이었나?
Q234,event_newflavor,367,event_newflavor_06_s,열림,,,,,concept:퍼펙트,확정,"퍼펙트 맛이 이상해진 때 공장에서 흔적 없이 사라진 양산형 니케는 어떻게 되었고, 그 일과 퍼펙트의 이상은 어떤 관계인가?"
Q235,event_newflavor,367,event_newflavor_06_e,열림,,,,,person:지휘관 person:브래디,확정,모든 것에서 정보와 기억을 맛보는 브래디가 왜 지휘관에게서만은 정보 · 감정 없이 맛만 느끼나?
Q236,side:mudfish,370,side:mudfish_14,풀림,Q236-2:전부,event_unbreakablesphere1,F1884,7,person:리틀_머메이드 person:레비아탄 person:글러트니,확정,글러트니에게 삼켜진 세이렌은 어떻게 되었나 — 레비아탄은 왜 세이렌이 아마 살아 있다고 하나?
Q237,side:mudfish,370,side:mudfish_15,풀림,Q237-2:전부,event_unbreakablesphere1,F1883,7,person:미하라 person:유니 person:글러트니,확정,"미하라 · 유니가 첫 번째 타깃으로 쫓기 시작한, 땅 밑에 거대한 몸을 숨긴 희귀 랩쳐는 무엇인가 — 글러트니인가?"
Q238,ch37,373,d_main_37_06_e,일부,Q238-2:일부,ch38,F1873,2,,확정,"레비아탄은 왜 알로 더 우수한 융합체를 만드는 기술을 숨겼고, 알로 무엇을 만들려 하나 — 자기 명령을 따르는 타일런트 급 랩쳐를 양산해 직계에게 복수하려는 것인가?"
Q239,relic:주워갈것들메모,374,relic:주워갈것들메모_02,일부,Q239-2:일부,ch38,F1872,1,,확정,"주워 갈 것 메모를 쓴 이가 노리는, 방주 근처 땅 아래 깊이 묻힌 '엄청 귀한 것'과 북부 아래의 무언가는 무엇인가?"
Q240,ch38,375,d_main_38_02,풀림,Q240-2:전부,ch42,F2214,41,,확정,"지즈가 땅속 깊이에서 찾아낸, 라피의 복장을 한 코어 두 개의 목 없는 니케는 무엇인가 — 라피가 지금 바디로 바뀌기 전의 옛 몸인가, 왜 땅속에 묻혀 있었나?"
Q241,ch38,375,d_main_38_09_e,풀림,Q241-2:전부,ch39,F2042,21,,확정,"레비아탄 · 지즈 · 베히모스의 알을 통째로 삼킨, 색이 다른 마더 웨일은 무엇이고 셋은 어떻게 되나 — 랩칠리언의 웨일리인가?"
Q242,event_unbreakablesphere1,377,event_unbreakablesphere2_04_s,열림,,,,,,확정,미하라의 코어 융합을 연 해제 코드 [UNLOCK CODE : D.E.E.P.]는 무엇인가 — 니케 코어의 [방어벽]을 끄는 지엔의 '영업 비밀'은 D.E.E.P.('방주의 수호자')와 어떤 관계인가?
Q243,event_unbreakablesphere1,377,event_unbreakablesphere2_epilogue,열림,,,,,,확정,"세이렌이 '더 이상 인류의 편이 아니다'라 한 헨젤과 그레텔에게는 무슨 일이 있었고, 지금 어디서 무엇을 하나?"
Q244,erelic:unbreakable_sphere_lost,379,erelic:unbreakable_sphere_lost_03,풀림,Q244-2:전부,side:eden_spear,F2173,32,,확정,"세이렌이 70년 가까이 지상으로 쏘아 올린 물거품들 가운데 아무도 만나지 못해 부서진 것들은 [물거품 구름]이 되어, 정말 [퀸]의 시야를 가리는 거대한 막이 되었나?"
Q245,char:590,381,ep:d_nikke_mori_05,열림,,,,,person:모리,확정,모리와 헤어지고 긴 시간이 흐른 뒤 지휘관이 연락을 받고 '아쉽네'라면서도 아주 기쁜 소식이라 한 것은 무엇인가 — 모리가 인큐베이터 스쿼드를 벗어났다는 소식인가?
Q246,char:162,382,ep:d_nikke_mihara_bondingchain_04,일부,Q246-2:일부,char:162,F2898,0,person:미하라 person:리틀_머메이드,확정,"기억 소거로 잃은 기억 속에서 미하라가 그리워하는 '그 사람'(■■■) — 함께 작전을 하고 '도와주겠다'며 사과한 다정한 성인 남자 — 은 누구이고, 세이렌이 그와 닮았다며 떠올린 '전설의 그분'은 누구인가?"
Q247,event_arcanearchive,383,event_arcanearchive_06_e,풀림,Q247-2:전부,side:pretty_star,F2559,64,org:베스트셀러 person:오스왈드,확정,"베스트셀러 스쿼드의 창립자 [O] — 아크 가디언 작전 때 사람으로 은퇴 뒤 도서관 관장이 되어 갓데스의 기록을 직접 쓴 이 — 는 누구인가, 갓데스의 팬이던 오스왈드인가?"
Q248,event_arcanearchive,383,event_arcanearchive_06_e,풀림,Q248-2:일부 Q248-3:전부,fl:ark_guardian ch46,F2375 F2649,69,org:갓데스 org:베스트셀러,확정,"베스트셀러 창립자와 당시 방주 고위층이 숨기고 싶었던, 갓데스의 행적 · 구성원을 외부에 알리지 않게 한 비밀은 무엇이고, 사실과 다르게 남은 기록은 어떤 것인가?"
Q249,event_lordforjustice,385,event_lordforjustice_04_s,일부,Q249-2:일부,ch44,F2444,51,,확정,"VII-1 안이 견제하려 한, 강력한 도구이지만 저지스의 정의를 이해하지 못할 위험이 있다는 [-검열됨-]은 무엇이고, 최근 연구와 협력으로 찾은 '우회 루트'는 무엇인가?"
Q250,event_lordforjustice,385,event_lordforjustice_04_s,풀림,Q250-2:전부,fl:reborn_evil,F2142,22,,확정,"VII-1 안에 따라 저지스가 배후에서 지원한 '랩쳐에게 호의적인 급진 집단'은 무엇이고, 통제 불능이 된 지금 무엇을 하나 — D가 조사하는 사이비와 데이파라는 이와 관계있나?"
Q251,event_lordforjustice,385,event_lordforjustice_06_s,열림,,,,,,확정,"살날이 얼마 남지 않았다며 지휘관을 후계자로 삼으려는 저지스 윗줄의 노인 X는 누구이고, 무엇을 노리나?"
Q252,event_ce006,387,event_ce006_1_03_e,풀림,Q252-2:전부,event_ce006,F1995,0,,확정,"콤이 방주에 빼앗겼다는 '재산'은 무엇이고, 콤은 왜 방주를 증오하나 — 호수 아래에서 무엇을 보면 진정할 수 없다는 것인가?"
Q253,event_ce006,387,event_ce006_3_epilogue,열림,,,,,,확정,"에닉은 아트와 콤 · 벙커의 사연을 어떻게 알고, 왜 지휘관 · 프리바티 · 콤에게 아트의 개인전 초대권을 보냈나?"
Q254,event_ce006,387,event_ce006_2_06_s,열림,,,,,,확정,동력원 고유 파장만 확인해 랩쳐를 겨누도록 설정한 프로비던스가 왜 랩쳐를 전멸시킨 뒤 카운터스에게 총구를 겨눴나?
Q255,char:852,388,ep:d_nikke_ce006_03_05,열림,,,,,,확정,니케가 자기가 어떻게 만들어졌는지 알고 있다는 일레그의 말은 무엇을 아는 것인가 — 니케 생성의 비밀을 니케들은 알고 있나?
Q256,event_overthehorizon,391,event_overthehorizon_06_e,열림,,,,,,확정,"중앙 정부는 왜 잉그리드까지 나선 오버 더 호라이즌의 승리의 날개 호 수색 요청을 이상하리만큼 완강하게 거부하고, 그 뒤 지원 임무를 급격히 늘렸나?"
Q257,event_overthehorizon,391,event_overthehorizon_epilogue,일부,Q257-2:일부,fl:ark_guardian,F2369,37,,확정,"콜렉터가 사진으로 보낸, 땅에 반쯤 박힌 거대한 비행선은 승리의 날개 호인가 — 어디에 있고, 다시 날아오를 수 있나?"
Q258,fl:boom_the_ghost,393,fl:boom_the_ghost_01,열림,,,,,person:라피 org:엘리시온,확정,"라피가 엘리시온에서 오기를 기다리는, 엘리시온도 처음 만들어 보는 신중히 다룰 '중요한 것'의 결과는 무엇인가?"
Q259,fl:boom_the_ghost,393,fl:boom_the_ghost_26,열림,,,,,concept:크라켄 person:일레그 place:방주,확정,크라켄의 코어 출력은 왜 동체에 비해 비대해졌나 — 일레그가 말한 전의 비슷한 일과 '방주에 남은 시간'은 무엇인가?
Q260,fl:boom_the_ghost,393,fl:boom_the_ghost_11,열림,,,,,person:라피 person:도로시,확정,"라피가 도로시에게 들으면 리스크가 너무 높다며 말하지 않은, 지상에서 만난 '동료'는 누구인가?"
Q261,fl:boom_the_ghost,393,fl:boom_the_ghost_27,풀림,Q261-2:전부,ch46,F2643,59,person:도로시 place:방주 person:도반,확정,"도로시가 방주에 강요하는 '선택'은 무엇이고, 방주가 많은 것을 버려야 할 그 순간에 가장 먼저 버릴 것은 무엇인가 — 도반이 지키려는 '내 왕국'과는 어떻게 부딪치나?"
Q262,ch39,396,d_main_39_07,일부,Q262-2:일부,ch40,F2075,2,person:나유타 person:D.E.E.P. person:라피,확정,"나유타는 D.E.E.P.과 어떤 관계인가 — 라피의 몸에 든 기술을 '[우리]의'라 했다가 '그들의'로 고친 나유타는 누구이고, 라피가 익숙하다는 황금빛은 어디서 본 것인가?"
Q263,ch39,396,d_main_39_11,풀림,Q263-2:일부 Q263-3:전부,ch40,F2072 F2074,2,person:나유타 person:지휘관 concept:언체인드,확정,"나유타가 지휘관이 '7호'임을 듣고 말한 '시작'은 무엇이고, 활성화되지 않았을 '인자'와 가만있지 않을 '인자 살해자'는 무엇인가 — 나유타는 언체인드와 그 호수를 어떻게 아나?"
Q264,ch39,396,d_main_39_11,일부,Q264-2:일부 Q264-3:일부,ch41 ch43,F2205 F2414,38,person:나유타,확정,순수 방주 기술의 최신형 메티스를 보고 나유타가 '아직인가 — 열쇠가 없으면'이라 한 '열쇠'는 무엇인가?
Q265,ch39,396,d_main_39_10,열림,,,,,concept:웨일리 person:랩칠리언,확정,온순하던 웨일리 위의 랩쳐들은 왜 갑자기 공격해 왔나 — 랩칠리언이나 웨일리에게 무슨 일이 생겼나?
Q266,ch39,396,d_main_39_11,풀림,Q266-2:전부,ch40,F2076,2,person:랩칠리언,확정,랩칠리언이 레비아탄 · 지즈에게 꼭 소개하려는 '랩쳐가 아닌 소중한 친구'는 누구인가?
Q267,ch39,396,d_main_39_af_03,일부,Q267-2:일부,ch42,F2236,20,person:엔드리스 person:이터니티 person:에닉,확정,"에닉을 꼭 닮은 감시 니케 엔드리스 · 이터니티는 무엇인가 — E.H.의 말처럼 니케가 아닌 무언가인가, 에닉과 어떤 관계인가?"
Q268,ch39,396,d_main_39_af_04,풀림,Q268-2:전부,event_goddessfall1,F2317,22,incident:3차_지상_탈환전 org:중앙_정부,확정,중앙 정부는 정말 3차 지상 탈환전을 준비하나 — 몇 세대를 뛰어넘은 장비 · 병기의 기술은 어디서 얻었나?
Q269,ch39,396,d_main_39_af_08,풀림,Q269-2:일부 Q269-3:전부,ch40 event_staranis1,F2093 F2698,58,person:아니스 org:T.T.STAR,확정,"아니스가 휘말려 무대를 떠나게 된, 누가 봐도 거짓이던 '아주 안 좋은 사건'('더러운 꼴')은 무엇이었나?"
Q270,relic:정갈하게쓴기록,397,relic:정갈하게쓴기록_03,일부,Q270-2:일부,ch40,F2076,1,person:랩칠리언 concept:웨일리,확정,"랩칠리언이 웨일리의 뱃속에서 발견한, 인류도 니케도 랩쳐도 아닌 새로운 생명체('그 아이')는 무엇인가 — 새로운 종족인가, 랩쳐의 새 진화인가?"
Q271,ch40,398,d_main_40_04,열림,,,,,person:피노키오 concept:웨일리,확정,"웨일리의 몸 안에서 발견되어 고통 속에 자라는, 니케 같지만 방주 기술도 아닌 피노키오는 무엇이고, 그 부품은 누가 무엇으로 만든 것인가?"
Q272,ch40,398,d_main_40_07,일부,Q272-2:일부 Q272-3:일부,side:eden_spear ch41,F2172 F2187,16,person:리버렐리오,확정,"리버렐리오가 오래 준비해 끝마쳤다는 일은 무엇이고, 포비스트를 정리하면 '기뻐하실' 이는 누구이며, 리버렐리오는 어디서 누구에게 맞아 약해졌나?"
Q273,ch40,398,d_main_40_02,일부,Q273-2:일부 Q273-3:일부,side:eden_spear ch41,F2172 F2187,16,person:리버렐리오 concept:퀸_인자,확정,리버렐리오는 왜 수십 번이나 퀸 인자가 활성화된 이들을 죽여 지상에 퀸이 나오지 못하게 했나?
Q274,ch40,398,d_main_40_11,풀림,Q274-2:전부,ch41,F2185,16,concept:웨일리 person:지휘관 org:포비스트,확정,"추락하는 웨일리가 향하던 먼 곳의 온통 하얀 도시 — 지휘관이 본 적 있다며 '방주'라 한 곳 — 는 무엇인가, 지즈가 들킬까 걱정한 '거기'인가?"
Q275,ch40,398,d_main_40_af_04,일부,Q275-2:일부 Q275-3:일부 Q275-4:일부,ch41 ch43,F2203 F2207 F2416,36,person:리버린 item:브레인_셸터 person:네온,확정,"갱생관에 있어야 할 리버린은 왜 아우터 림 외지의 엘리베이터로 브레인 셸터를 옮기고, 네온의 안경에 나타난 빛나는 길과 [P] 엘리베이터는 무엇인가?"
Q276,ch40,398,d_main_40_af_02,풀림,Q276-2:전부,ch41,F2209,16,person:식스오 concept:미스트 person:라이온,확정,식스오는 왜 지금껏 얌전히 있다가 라이온을 통해 아우터 림에서 미스트 장사를 본격적으로 벌이나?
Q277,fl:absolute,400,fl:absolute_16,열림,,,,,,확정,"북부의 프레데터 벙커와 비슷한 벙커들 — 에블라 입자 발생 장치와 재래식 무기고를 갖춘, 어떤 기록에도 없는 양식 — 은 누가 무엇을 상대하려고 만들었나, 인간이 아닌 [누군가]인가?"
Q278,fl:absolute,400,fl:absolute_18,열림,,,,,,확정,"전술을 이해하고 코어를 먹어 성장하는, 기록에 없던 프레데터는 어디에서 왔나 — 다른 서식지에서 옮겨 온 것인가, 랩쳐 진화의 돌연변이인가?"
Q279,fl:coins_in_rush,404,fl:coins_in_rush_16,일부,Q279-2:일부 Q279-3:일부,side:pretty_star event_staranis1,F2548 F2701,50,person:머스탱 org:쉐이드,확정,"[쉐이드]로 도청 · 여론조작 · 납치를 하던 시절의 머스탱은 어땠고, 언제 무엇 때문에 변해 쉐이드를 해체하고 '진정한 엔터테인먼트'를 좇게 되었나 — 머스탱이 스스로를 'Bad Guy'라 하는 과거는 무엇인가?"
Q280,fl:coins_in_rush,404,fl:coins_in_rush_20,일부,Q280-2:일부,fl:fatal_maid,F2389,28,person:벨벳 org:쉐이드,확정,"쉐이드가 해체된 뒤 벨벳은 무엇(누구)을 피해 도망 다니며 숨어 지냈고, 왜 지휘관과 닿은 '끈'이 필요했나?"
Q281,fl:reborn_evil,407,fl:reborn_evil_09,열림,,,,,,확정,"저택에 돌아다닌, 랩쳐의 다리에 양산형 니케의 상반신을 이어 붙인 괴생명체는 무엇이고 누가 만들었나 — NEO 바이러스 때문이 아니라면?"
Q282,fl:reborn_evil,407,fl:reborn_evil_26,열림,,,,,,확정,2주 전부터 방주에 와 있던 에이다는 X와 무슨 거래를 했나 — 에이다가 찾은 '타겟'과 X가 지킬 '약속'은 무엇인가?
Q283,side:eden_spear,411,side:eden_spear_08,풀림,Q283-2:전부,event_goddessfall1,F2320,7,concept:릴리스의_바디 person:니힐리스타 person:퀸 concept:언체인드,확정,"니힐리스타가 찾아낸 릴리스의 바디는 어디에 있고, 언체인드를 채운 '독의 잔'으로 정말 퀸을 죽일 수 있나?"
Q284,side:eden_spear,411,side:eden_spear_03,열림,,,,,place:에덴 person:세실,확정,세실이 나유타보다 '더 위험한 게' 이미 에덴 안에 있다고 한 것은 무엇인가?
Q285,side:eden_spear,411,side:eden_spear_12,풀림,Q285-2:전부,event_goddessfall1,F2277,7,person:마리안 person:퀸,확정,"마리안이 느낀, 오고 있다는 [존재]는 무엇이고 마리안은 무엇을 '빼앗으러' 가나?"
Q286,ch41,414,d_main_41_08,일부,Q286-2:일부,ch42,F2214,2,person:온리_원 person:퀸 concept:퀸_인자,확정,"포비스트의 용광로에서 태어난, 라피를 똑같이 닮은 검은 소녀 온리 원은 무엇인가 — 퀸은 그렇게 만들어질 수 없다던 리버렐리오가 어머니보다 클지 모를 인자를 느낀 그것은 정말 퀸인가?"
Q287,ch41,414,d_main_41_01,일부,Q287-2:일부,event_goddessfall1,F2278,4,person:지휘관 concept:퀸_인자,확정,"지휘관 몸속에서 활성화된, 퀸과 짝을 이룬다는 인자는 어느 퀸과 짝인가 — 포비스트의 퀸이 아직 없었다면 지상 어딘가에 다른 퀸이 있나?"
Q288,ch41,414,d_main_41_04,일부,Q288-2:일부,ch42,F2247,2,concept:다크_매터 person:리버렐리오,확정,리버렐리오가 다크 매터(어머니의 피)의 진가라 한 '신세계의 촉매'는 무엇인가?
Q289,ch41,414,d_main_41_af_03,일부,Q289-2:일부,ch43,F2413,20,person:D.E.E.P. org:M.M.R.,확정,M.M.R. 심층부에서 '방주의 어둠'을 자처하는 D.E.E.P. 여성들은 누구이고 — 인류를 위하다 저질렀다는 '실수'는 무엇이며 — 열쇠와 '깊은 것의 정수'로 무엇을 되찾으려 하나?
Q290,ch41,414,d_main_41_af_04,풀림,Q290-2:전부,ch43,F2415,20,person:네온,확정,"인간일 때의 기록이 하나도 없는 네온은 누구이고, 어떻게 니케가 될 때부터 '열쇠' 안경을 지녀 M.M.R. 심층부 인증까지 받았나 — 열쇠의 패스워드는 무엇인가?"
Q291,ch41,414,d_main_41_af_01,일부,Q291-2:일부,event_staranis1,F2695,40,concept:스마일_박스 org:T.T.STAR person:머스탱,확정,"T.T.STAR가 [스마일 박스]이던 때 죽은 두 사람은 누구이고, '당시의 머스탱'은 그들에게 무엇을 했나?"
Q292,ch41,414,d_main_41_af_05,열림,,,,,person:로지 person:리버린 person:식스오,확정,"리버린이 식스오의 말을 거역하지 못하게 만든, 마음이 없는 듯한 니케 로지는 누구이고 리버린과 어떤 사이인가?"
Q293,ch41,414,d_main_41_af_06,풀림,Q293-2:전부,ch42,F2237,2,person:식스오 concept:E2_크리스탈 place:방주 person:에닉,확정,식스오가 E.H.에게 뒤집어씌우려 방주 시내에 던진 E2 크리스탈은 방주를 어떻게 하나 — 미스트로 꼬아 둔 방주와 에닉은 이 테러에 어떻게 맞서나?
Q294,ch42,416,d_main_42_02,일부,Q294-2:일부,ch42,F2250,0,person:신데렐라 person:리틀_머메이드,확정,신데렐라 일행이 세이렌과 합류한 뒤 목격해 헨젤 · 그레텔을 만나는 일까지 미루게 한 '큰 이변'은 무엇인가?
Q295,ch42,416,d_main_42_af_08,풀림,Q295-2:일부 Q295-3:전부,event_goddessfall1 ch44,F2260 F2435,20,person:퀸 person:리버렐리오,확정,"곧 지상에 내려온다는 퀸(어머니)은 내려와 무엇을 하려 하고, 리버렐리오의 '우리도 변할 수 있다'는 설득은 통할까?"
Q296,ch42,416,d_main_42_af_09,풀림,Q296-2:전부,event_goddessfall1,F2318,2,person:요한 person:지휘관,확정,요한은 왜 갑자기 지휘관에게 연락했나?
Q297,event_goddessfall1,418,event_goddessfall1_04_e,열림,,,,,person:미러,확정,"미러의 인격 데이터의 기반이 된 것 — 미러가 모습을 흉내 내고 '직접 나서지 말 것'을 배운 그것 — 은 누구(무엇)이고, 미러는 어디서 생겨난 데이터 생명체인가?"
Q298,event_goddessfall1,418,event_goddessfall1_04_e,열림,,,,,person:퀸 person:미러,확정,퀸이 착지한 곳에 있을까 두려워했다는 [그것들]은 무엇인가?
Q299,event_goddessfall1,418,event_goddessfall1_02_e,열림,,,,,concept:릴리스의_바디 person:니힐리스타,확정,"누가 어떤 의도로 릴리스의 바디를 원래 자리에서 북부 빙하로 옮겨 숨겼고, 니힐리스타가 그것을 찾게 도운 이(협력자)는 누구인가?"
Q300,event_goddessfall1,418,event_goddessfall1_04_s,일부,Q300-2:일부,ch46,F2619,34,person:장화 person:홍련 person:미러,확정,"미러는 홍련의 검에 죽은 장화를 어떻게 되살렸고, 장화가 나서면 홍련이 반드시 불행해진다는 까닭은 무엇인가?"
Q301,event_goddessfall1,418,event_goddessfall2_04_e,열림,,,,,person:토커티브 concept:언체인드 person:지휘관,확정,"토커티브가 찾았다는, 언체인드가 든 '몸'은 누구의 것인가 — 피에 언체인드가 흐르는 지휘관인가?"
Q302,event_goddessfall1,418,event_goddessfall2_06_e,열림,,,,,person:나유타 org:파이오니아 person:퀸,확정,"나유타가 남은 분신들의 목숨을 태워 만든 '비장의 수'는 무엇이었고, 그 뒤 퀸과의 싸움은 어떻게 흘러 파이오니아가 쓰러졌나?"
Q303,event_goddessfall1,418,event_goddessfall2_epilogue,일부,Q303-2:일부,ch46,F2657,34,person:도로시 place:방주,확정,도로시가 '진짜 얼마 남지 않았다'고 한 것은 무엇인가 — 도로시가 바람을 넣는 방주의 3차 지상 탈환전은 언제 어떻게 시작되나?
Q304,event_goddessfall1,418,event_goddessfall2_03_e,열림,,,,,person:이사벨,확정,스테이션 앞에서 죽어 가던 이사벨이 '다시 한번'이라 부른 '사랑스러운 분'은 누구인가?
Q305,event_goddessfall1,418,event_goddessfall1_02_e,풀림,Q305-2:전부,event_goddessfall1,F1792,0,person:퀸 person:신데렐라,확정,퀸이 머물던 스테이션은 어째서 궤도 엘리베이터에서 분리되었나 — 미러가 말한 '불의의 사고'는 신데렐라와의 싸움인가?
Q306,erelic:goddess_fall_mini,419,erelic:goddess_fall_mini_07,일부,Q306-2:일부,ch46,F2649,33,person:도로시,확정,도로시가 '오래전 그날' 그곳에 그어져 있던 '얇은 실선 하나조차 넘지 못했다'는 것은 무엇인가 — 방주의 문이 닫힌 날의 일인가?
Q307,erelic:goddess_fall_mini,419,erelic:goddess_fall_mini_01,열림,,,,,place:에덴 person:도로시,확정,"에덴의 기반이 된, 지상에 오래 방치되었지만 큰 동력원이 살아 있던 연구소는 어떤 곳이었고, 도로시는 그곳을 어떻게 알았나?"
Q308,fl:blank_ticket,423,fl:blank_ticket_00,풀림,Q308-2:전부,fl:terminus_ticket,F2356,2,person:노라,확정,"노라가 티켓에 쓴 목적지 [TERMINUS]는 어디이고, 노라가 '반드시 돌아가야만 하는 곳'에서 기다렸을지 모를 이는 누구인가?"
Q309,fl:ark_guardian,428,fl:ark_guardian_16,일부,Q309-2:일부,ch43,F2410,6,concept:머신_메사이어 person:엔더슨 concept:언체인드,확정,"오래전의 [머신 메사이어] 프로젝트는 무엇이고, 엔더슨의 피에는 어떻게 언체인드가 흐르게 되었나?"
Q310,fl:ark_guardian,428,fl:ark_guardian_26,풀림,Q310-2:일부 Q310-3:전부,ch43 ch46,F2400 F2654,24,person:엔더슨 org:V.T.C. org:갓데스,확정,"V.T.C.가 혼수상태로 두던 엔더슨은 어떻게 깨어나 지금 자리에 올랐고, 동생들을 방주로 데려오라던 릴리바이스의 부탁은 어떻게 되었나?"
Q311,fl:ark_guardian,428,fl:ark_guardian_26,열림,,,,,person:리버렐리오 person:미러,확정,리버렐리오의 재료가 된 '자아가 강한 유사 인간'은 누구인가?
Q312,fl:ark_guardian,428,fl:ark_guardian_00,일부,Q312-2:일부 Q312-3:일부,ch44 ch46,F2440 F2663,24,place:에덴 place:방주 person:홍련 person:라푼젤 person:노아,확정,방주는 에덴의 요구대로 니케 제작 기술을 넘겨 홍련 · 라푼젤 · 노아가 새 바디를 얻게 될까?
Q313,fl:sin_editor,430,fl:sin_editor_14,일부,Q313-2:일부,ch45,F2606,20,place:방주 person:잉그리드 person:에닉,확정,"모자란 수급과 늘어나는 요구치로 남은 자원을 깎아 먹어 온 방주는 언제까지 버틸 수 있고, 수뇌부는 이 위기에 어떻게 대비하고 있나?"
Q314,fl:fatal_maid,432,fl:fatal_maid_10,열림,,,,,person:벨벳 org:쉐이드 person:머스탱,확정,국장의 폭로대로 벨벳은 쉐이드 시절 암살까지 했고 살아남으려 스쿼드를 팔아먹었나 — 쉐이드가 해체될 때 벨벳과 스쿼드원들에게 무슨 일이 있었나?
Q315,ch43,434,d_main_43_15,일부,Q315-2:일부,ch44,F2443,2,person:D.E.E.P. person:지엔,확정,"D.E.E.P.이 원래 자리를 되찾으려 죽여 확장 무장으로 만든 '방주의 상징'은 누구(무엇)이고, 지엔이 알면 당장 죽이라 할 것이라던 그들의 짓은 무엇인가?"
Q316,ch43,434,d_main_43_15,열림,,,,,org:V.T.C. person:D.E.E.P.,확정,"V.T.C. · D.E.E.P. 기술의 정수가 담긴 열쇠 셋 가운데 V.T.C. 수장의 안경 말고 나머지 둘은 어떤 '높으신 분'들이 가졌고, 지금 어디에 있나?"
Q317,ch43,434,d_main_43_11,풀림,Q317-2:전부,ch46,F2654,18,person:엔더슨 org:V.T.C.,확정,"혼수상태로 갇혀 있던 엔더슨은 어떻게 깨어나, 왜 성하의 육체 전환 의식 날 혼자 V.T.C. 이백여 명을 죽였나?"
Q318,ch43,434,d_main_43_01,열림,,,,,org:엘리시온 person:잉그리드 person:네온,확정,엘리시온은 왜 네온의 기억에 프로토콜급 니케에나 다는 기억 봉인용 프로텍터를 달았나 — 잉그리드는 네온이 V.T.C. 수장과 지낸 과거를 알고 봉인했나?
Q319,ch43,434,d_main_43_13,열림,,,,,org:중앙_정부 person:프린세스 person:네온 org:엘리시온,확정,"중앙 정부는 열쇠를 모르면서 왜 성하를 1억 현상금까지 걸고 '최중요 인물'로 반드시 생포하려 했고, 대신 데려간 네온(스톨 3세)은 어떻게 E.H.의 연락 뒤 엘리시온으로 넘어갔나?"
Q320,ch44,436,d_main_44_05,일부,Q320-2:일부,ch46,F2643,16,,확정,도로시는 왜 인헤르트에도 에덴에도 속하지 않게 되었나 — 갓데스 폴 뒤 도로시와 에덴 사이에 무슨 일이 있었나?
Q321,ch44,436,d_main_44_08_e,일부,Q321-2:일부,ch46,F2617,16,,확정,"퀸이 만들고 있다는 앨트루이아 같은 새 헬레틱은 얼마나 되고, 퀸은 라푼젤 · 노아의 무장을 흉내 낸 그들로 무엇을 하려 하나?"
Q322,ch44,436,d_main_44_af_09,풀림,Q322-2:전부,ch45,F2576,14,,확정,"지휘관이 식스오를 잡으려고 제안한 '방주를 끄자'는 무엇이고, 그것으로 식스오를 잡을 수 있나?"
Q323,ch44,436,d_main_44_af_10,일부,Q323-2:일부 Q323-3:일부,ch45 ch46,F2609 F2651,16,,확정,"누가 왜 도로시의 기록을 양지에서도 중앙 정부 데이터베이스에서도 지웠고, 아이리는 금서고에서 무엇을 찾게 되나?"
Q324,ch44,436,d_main_44_01,열림,,,,,,확정,주사기조차 들어가지 않을 만큼 회복하는 지휘관의 몸은 인자로 어디까지 바뀌고 있나?
Q325,relic:거인을찾아서,437,relic:거인을찾아서_00,열림,,,,,,확정,"지상에 거대한 사람 발자국 · 손자국을 남기고, 사람의 팔다리와 여러 눈을 단 형체들은 무엇인가 — 니케 · 랩쳐 · 헬레틱의 융합체인가, 새로운 종인가?"
Q326,fl:lie_cause_recoil,438,fl:lie_cause_recoil_07,열림,,,,,person:제니퍼 org:방주_아동_보호_센터 org:카페_스위티,확정,"센터에 법조계 인물들의 암살을 맡긴 '이번 의뢰인'과, 카페 스위티에 그들의 감시 · 보호를 의뢰한 이는 누구인가?"
Q327,fl:enter_heaven,442,fl:enter_heaven_10,열림,,,,,person:크로우 org:엔터_헤븐,확정,아우터 림 태생이라는 것 말고는 알려지지 않은 크로우를 엔터 헤븐에 추천해 들인 것은 누구인가?
Q328,fl:2x2_love_1ch,444,fl:2x2_love_1ch_21,풀림,Q328-2:전부,fl:2x2_love_1ch,F2517,0,person:에이미,확정,"전학생 에이미는 어디서 무엇을 하러 미미르 부속고에 왔기에, 시험에 득이 안 되는 축제를 '광대 짓'이라며 거부하나?"
Q329,fl:2x2_love_1ch,444,fl:2x2_love_1ch_25,풀림,Q329-2:일부 Q329-3:전부,fl:2x2_love_2ch,F2524 F2534,1,person:아르카나,확정,"아르카나가 미미르 부속고 생활을 거듭 '꿈'이라 하며 '깨어나고 싶지 않다'고 하는 것은 비유일 뿐인가, 이 학교생활 자체가 꿈(가상)인가?"
Q330,fl:2x2_love_2ch,445,fl:2x2_love_2ch_18,일부,Q330-2:일부,fl:2x2_love_2ch,F2524,0,person:에테르 org:미실리스 place:미미르_부속_고등학교,확정,"에테르가 예고한 축제 평가 — 미실리스 관계자 · 외부 손님의 판단 — 는 실제로 있었나, 기준에 못 미치면 미미르 부속고의 축제는 정말 없어지나?"
Q331,side:pretty_star,447,side:pretty_star_13,풀림,Q331-2:전부,event_staranis1,F2675,7,person:프리티 person:머스탱 org:중앙_정부,확정,"머스탱에게 프리티의 바디를 요구해 넘겨받은 이는 누구이고, 그 바디로 무엇을 했나 — 확장 무장 STAR가 된 것과 어떻게 이어지나?"
Q332,side:pretty_star,447,side:pretty_star_13,열림,,,,,person:프리티 concept:니케포비아,확정,프리티를 쏘고 자백한 뒤 행방이 사라진 니케포비아 셋은 어떻게 되었나 — 그들 뒤에 누가 있었나?
Q333,fl:good_world,448,fl:good_world_13,열림,,,,,person:총사령관 person:백학,확정,"총사령관은 왜 아무도 만날 수 없고 방주를 위해 어떤 [희생]을 하고 있나 — 그가 지키고 있다는 '누군가와의 약속'은 무엇이고, 백학이 보고 편지를 읽은 붉은빛 공간의 거대한 관은 총사령관인가?"
Q334,fl:good_world,448,fl:good_world_14,열림,,,,,org:베일드_오더 org:V.T.C. person:백학,확정,"베일드 오더(백학)가 V.T.C.를 제재하러 움직인 날 무슨 일이 있었나 — V.T.C.가 중앙 정부 통합 계약을 어겼나, V.T.C.가 무너진 일(F2413) · 엔더슨의 V.T.C. 학살(F2400)과 어떤 관계인가?"
Q335,ch45,450,d_main_45_01,풀림,Q335-2:전부,ch46,F2615,2,,확정,나유타가 신경 쓰인다며 스노우 화이트와 함께 수색하자고 한 궤도 엘리베이터 가는 길에는 무엇이 있나?
Q336,ch45,450,d_main_45_01,풀림,Q336-2:전부,ch46,F2624,2,,확정,지휘관이 에덴에 보내 준다는 — 방주에서 오지 않고 요한도 직접 보기 전엔 믿을 수 없다는 — 지원군은 무엇인가?
Q337,ch45,450,d_main_45_09,열림,,,,,,확정,에닉이 식스오의 재기는 먼 훗날이라며 '그때쯤 인류는 이미'라 하다 정정한 것은 무엇인가 — 에닉은 동력원의 수명이나 인류의 끝을 미리 알고 있었나?
Q338,ch45,450,d_main_45_08,열림,,,,,,확정,"코어가 녹아내리던 아니스에게 '아니야. 더 굴러야지'라 한 목소리는 누구이고, 아니스의 코어와 하나가 된 STAR의 에너지는 무엇을 했나?"
Q339,ch45,450,d_main_45_04,열림,,,,,,확정,방주 동력원 방 벽면의 수많은 [먹이] 컨테이너 가운데 지휘관의 눈에 띈 유독 거대한 컨테이너에는 무엇이 들어 있나?
Q340,ch45,450,d_main_45_11,일부,Q340-2:일부,ch46,F2657,2,,확정,반년 안에 멈출 방주 동력원을 방주는 무엇으로 대신하나 — '똑같은 것'(또 하나의 초거대 코어)을 구할 수 있나?
Q341,relic:신에게닿기위한탑,451,relic:신에게닿기위한탑_03,열림,,,,,,확정,궤도 엘리베이터 지하에 숨겨 둔 거대한 눈알 같은 구형 기계장치는 무엇이고 그곳의 머신 메사이어 프로젝트는 무엇이었나 — 기록이 끊긴 기자는 어떻게 되었나?
Q342,ch46,452,d_main_46_05,열림,,,,,person:퀸 concept:헬레틱,확정,퀸이 만들었다는 새 헬레틱 셋 가운데 앨트루이아 · 에고비스타 말고 '만드는 중'인 하나는 누구(무엇)를 흉내 낸 것인가?
Q343,ch46,452,d_main_46_11,일부,Q343-2:일부,ch48,F2843,20,person:미러 person:나유타,확정,"미러에게 꼭두각시가 된 나유타와 불려 모인 분신들로 미러가 '예전부터 해 보고 싶었던 일'은 무엇이고, 나유타는 스노우 화이트의 믿음대로 비장의 수를 남겨 두었나?"
Q344,ch46,452,d_main_46_af_01,일부,Q344-2:일부,ch48,F2836,20,person:온리_원 person:마리안,확정,"온리 원은 왜 곧장 잠든 마리안에게 갔고, 온리 원의 가슴에서 느껴지는 두 개의 고동은 무엇인가?"
Q345,ch46,452,d_main_46_af_05,열림,,,,,person:도반 concept:침식,확정,"도반이 폭탄과 침식을 심은 양산형 니케들 — 극비로 연구 중이던 침식 데이터 — 은 어디서 나왔고, 도반 뒤에 다른 누가 있었나?"
Q346,ch46,452,d_main_46_af_08,열림,,,,,place:방주 item:초거대_코어,확정,방주를 지상으로 올리면 — 쌍둥이 초거대 코어가 가까워지면 서로 공명해 함께 파괴된다는데 — 방주와 궤도 엘리베이터의 두 코어는 어떻게 되나?
Q347,relic:궤도엘리베이터음모론,453,relic:궤도엘리베이터음모론_02,열림,,,,,place:궤도_엘리베이터 org:인류연합군,확정,인류 연합군과 갓데스 스쿼드의 궤도 엘리베이터 공략이 번번이 실패한 것은 정말 내부 첩자 때문이었나 — 인류 연합군이 수소문한 음모론 글쓴이는 어떻게 되었나?
Q348,event_staranis1,454,event_staranis1_06_s,풀림,Q348-2:전부,event_staranis1,F2694,0,person:머스탱 person:한슨 person:ELYSION_Line._0 person:MISSILIS_Line._0,확정,한슨이 엘리시온 · 미실리스에게 매수해 보라고 한 머스탱의 주치의에게서 나올 것은 무엇인가 — 머스탱의 몸에 무슨 비밀이 있나?
Q349,event_staranis1,454,event_staranis1_06_e,풀림,Q349-2:전부,event_staranis1,F2690,0,person:머스탱 person:한슨 org:T.T.STAR,확정,"머스탱의 스카우트와 화해 고백은 진심인가 — 계약서를 본 한슨은 왜 절망했고, 테트라에 들어간 T.T.STAR는 어떻게 되나?"
Q350,event_staranis1,454,event_staranis1_06_s,열림,,,,,person:ELYSION_Line._0 person:MISSILIS_Line._0 org:엘리시온 org:미실리스,확정,비밀 회선에서 한슨과 이야기한 ELYSION Line. 0 · MISSILIS Line. 0은 누구인가 — 당시 엘리시온 · 미실리스의 수장인가?
Q351,event_staranis1,454,event_staranis2_05_s,열림,,,,,,확정,한슨에게 '죽어 달라'는 말을 받아들인 진짜 머스탱은 그 뒤 어떻게 되었나 — 치료제 없이 병으로 죽었나?
Q352,event_staranis1,454,event_staranis2_05_e,열림,,,,,,확정,요요가 새 바디를 받으며 모든 기억을 잃은 것은 정말 사고인가 — 머스탱(한슨)이 일부러 지웠나?
Q353,event_staranis1,454,event_staranis2_intermission_01,열림,,,,,,확정,아니스가 올린 적 없는 '이전에 올린 해명 영상'은 누가 만들어 올렸나?
Q354,fl:ark_ranger,462,fl:ark_ranger_26,일부,Q354-2:일부,ch47,F2814,8,person:애니힐리오 place:궤도_엘리베이터 person:퀸,확정,"궤도 엘리베이터 인근에서 나노머신 헬레틱 미사일 애니힐리오를 쏜 것은 누구이고(퀸인가), 다음 발사는 언제 오나?"
Q355,fl:ark_ranger,462,fl:ark_ranger_16,열림,,,,,person:하란 person:퀸,확정,화학무기에서 왜 하란의 에센스와 같은 향기가 나나 — 갓데스 폴에서 죽은 하란의 가루 · 지식을 퀸이 가져다 쓴 것인가?
Q356,fl:ark_ranger,462,fl:ark_ranger_26,열림,,,,,person:애니힐리오 item:세븐스_드워프 person:퀸,확정,애니힐리오가 짊어진 수십 개의 세븐스 드워프 I(스노우 화이트의 무기)는 어디서 왔나 — 퀸이 만드는 중이라던 또 하나의 헬레틱(Q342)과 관계있나?
Q357,fl:wave_to_you,464,fl:wave_to_you_23,열림,,,,,,확정,"섬에 등대와 거북이 위 기사 그림을 남기고, 방주에서도 지상에서도 본 적 없는 양식의 장치로 아일랜드 이터를 해저에 묶어 둔 옛 주민들은 누구이고 왜 그랬나?"
Q358,fl:project_matis,467,fl:project_matis_02,열림,,,,,,확정,"엔메가 지도의 붉은 점으로 위치를 특정해 '드디어 찾았다'며 방주를 떠나 찾아간 것은 무엇이고, 엔메는 지금 어디서 무엇을 하나?"
Q359,fl:project_matis,467,fl:project_matis_02,열림,,,,,,확정,2차 지상 탈환전 때 미실리스가 지상에 몰래 깐 에블라 입자 정화 장치 개선판에는 통신 말고 다른 기능이 있나 — 엔메가 '이미 시작됐다'고 한 일은 무엇인가?
Q360,fl:project_matis,467,fl:project_matis_27,열림,,,,,,확정,미실리스 최고 보안을 뚫고 메티스 자료만 빼 가는 이는 정말 엔메인가 — 왜 메티스 자료를 가져가나?
Q361,fl:project_matis,467,fl:project_matis_02,열림,,,,,,확정,메이드 라라는 정말 스파이였나 — 엔메는 왜 라라를 죽였나?
Q362,fl:project_matis,467,fl:project_matis_08,열림,,,,,,확정,"에닉은 왜 지상 위까지 자기 통신이 닿기를 바라 엔메와 거래했고, 지상에 닿은 통신으로 무엇을 하나?"
Q363,ch47,470,d_main_47_04,풀림,Q363-2:전부,ch47,F1239,0,person:홍련 person:에닉,확정,"홍련의 원 소속인 근접전 스쿼드에서 관찰되었다는 '인간을 직접 살해한 최초의 사례'는 무엇이고, 그 스쿼드가 내전으로 궤멸한 일과 어떤 관계인가?"
Q364,ch47,470,d_main_47_02,일부,Q364-2:일부 Q364-3:일부,ch48,F2835 F2838,2,person:온리_원 person:마리안,확정,"퀸이 될 수 있는 온리 원이 해야 한다고 느끼는 '퀸의 일'과, 이름을 갖기 전에 해야 할 '선택'은 무엇인가 — 마리안을 깨울지 '고민해 보겠다'는 것과 이어지나?"
Q365,ch48,472,d_main_48_05,열림,,,,,concept:일곱의_조율자 person:퀸 person:온리_원,확정,퀸이 함께 세상을 만들어 나가야 한다는 '일곱의 조율자'는 누구(무엇)인가?
Q366,ch48,472,d_main_48_05,열림,,,,,person:마리안 person:지휘관,확정,마리안이 '그 사람'이 죽지 않고 웃을 수 있는 세계를 만들려 견뎠다는 '긴 시간'과 '영원할 것만 같았던 굴레'는 무엇인가?
Q367,ch48,472,d_main_48_07,열림,,,,,person:마리안 person:지휘관,확정,"마리안의 기억 속에서 사관학교를 갓 졸업한 '7호' 지휘관과 단둘이 있던 '마리아-'는 누구이고(마리안인가), 지휘관이 지휘관이 되기로 약속했다는 '그 아이'는 누구인가?"
Q368,ch48,472,d_main_48_07,열림,,,,,person:엔더슨 person:마리안,확정,엔더슨은 어째서 생명 유지 장치 없이도 전설의 지휘관 같은 생명력을 되찾았나 — 마리안이 인자를 받은 것과 관계있나?
Q369,ch48,472,d_main_48_07,열림,,,,,person:도로시 person:엔더슨 concept:침식,확정,개량형 침식에 걸려 하늘로 몸을 던진 도로시는 어디로 가서 어떻게 되나 — 엔더슨이 말한 '되돌릴 많은 방법'은 무엇인가?
Q370,relic:불길한_소리.wav,473,relic:불길한_소리.wav_03,열림,,,,,person:나유타 place:궤도_엘리베이터,확정,나유타의 분신이 궤도 엘리베이터 '저 아래에는 분명 남아 있을' 것이라 한 '그것'은 무엇인가 — 궤도 엘리베이터 지하의 구형 기계장치(Q341)인가?
Q371,fl:persona_on_frontline,474,fl:persona_on_frontline_09,열림,,,,,concept:D-WAVE,확정,8일 전 빌딩 위를 뛰어다닌 [괴도] 영상의 인물 — 퀸 일행보다 먼저 외곽 D-WAVE로 소환된 '최초의 소환자' — 는 누구이고 어디로 갔나?
Q372,fl:persona_on_frontline,474,fl:persona_on_frontline_13,열림,,,,,person:앨든 concept:D-WAVE,확정,앨든에게 '또다시 기회를 주어' 거미줄의 힘을 쥐여 준 [무언가]는 무엇인가 — 이번 D-WAVE의 게이트 키퍼인가?
