type,record,parent,from_scene,to_scene,from_unit,to_unit,from_order,to_order,degree,answer,confidence,status
reversal,F1-2,F1,d_main_01_01_s,d_main_01_07_s,ch00,ch01,1,2,,F14,확실,확정
callback,F16-2,F16,d_main_01_07_s,ep:d_nikke_noah_02,ch01,char:232,2,88,,,확실,확정
callback,F40-2,F40,d_main_02af_01,d_main_07af_03,ch02,ch07,4,31,,,확실,확정
callback,F43-2,F43,d_main_02af_07,d_main_03_03,ch02,ch03,4,10,,,확실,확정
reversal,F61-2,F61,d_main_03_04,d_main_04_03_s,ch03,ch04,10,15,,F71,확실,확정
callback,F68-2,F68,sub:세르반_00,sub:세르반_01,sub:세르반_00,sub:세르반_01,11,28,,,확실,확정
callback,F98-2,F98,d_main_05_04_e,d_main_06_07,ch05,ch06,20,26,,,추정,확정
callback,F124-2,F124,d_main_06_08_s,d_main_07_05,ch06,ch07,26,31,,,확실,확정
callback,F127-2,F127,d_main_06_08_e,d_main_07_02,ch06,ch07,26,31,,,확실,확정
reversal,F146-2,F146,sub:트레저_헌터_02,sub:트레저_헌터_03,sub:트레저_헌터_02,sub:트레저_헌터_03,46,83,,F149,확실,확정
callback,F171-2,F171,d_main_14_07,sub:랩칠리언_06,ch14,sub:랩칠리언_06,69,143,,,확실,확정
callback,F231-2,F231,d_ex_elevator_01,event_footstepwalkrun1_01_e,d_ex_elevator_01,event_footstepwalkrun1,35,350,,,확실,확정
callback,F232-2,F232,d_ex_elevator_01,event_footstepwalkrun1_01_e,d_ex_elevator_01,event_footstepwalkrun1,35,350,,,확실,확정
reversal,F234-2,F234,d_main_08_01,d_main_09_06_s,ch08,ch09,37,43,,F248,확실,확정
callback,F326-2,F326,sub:숲속요정_00,d_main_21_07_e,sub:숲속요정_00,ch21,144,189,,,확실,확정
callback,F347-2,F347,d_main_13af_07,sub:택틱컬틱택_01,ch13,sub:택틱컬틱택_01,64,245,,,확실,확정
callback,F376-2,F376,d_main_14af_03,d_main_22_01_s,ch14,ch22,69,195,,,확실,확정
callback,F377-2,F377,d_main_14af_03,d_main_22_01_s,ch14,ch22,69,195,,,확실,확정
reversal,F403-2,F403,d_main_16_01,fl:enter_heaven_10,ch16,fl:enter_heaven,80,442,,F2499,확실,확정
callback,F444-2,F444,ep:d_nikke_novel_01,ep:d_nikke_anis_02,char:212,char:12,87,115,,,확실,확정
callback,F513-2,F513,ep:d_nikke_ludmilla_04,ep:d_nikke_ludmilla_winterowner_04,char:190,char:194,96,259,,,확실,확정
callback,F523-2,F523,ep:d_nikke_liter_05,fl:for_rest_13,char:82,fl:for_rest,98,365,,,확실,확정
callback,F529-2,F529,ep:d_nikke_maxwell_02,ep:d_nikke_maxwell_mechanic_01,char:102,char:105,99,469,,,확실,확정
callback,F537-2,F537,ep:d_nikke_mary_04,event_bluewaterisland2_05_e,char:130,event_bluewaterisland,100,209,,,확실,확정
callback,F550-2,F550,ep:d_nikke_mica_02,event_neverland2_01_e,char:61,event_neverland1,103,258,,,확실,확정
callback,F551-2,F551,ep:d_nikke_mica_04,event_neverland1_04_s,char:61,event_neverland1,103,258,,,확실,확정
callback,F589-2,F589,ep:d_nikke_anis_01,event_boomsday_intermission_01,char:12,event_boomsday,115,280,,,확실,확정
callback,F589-3,F589,ep:d_nikke_anis_01,fl:sin_editor_12,char:12,fl:sin_editor,115,430,,,확실,확정
callback,F629-2,F629,ep:d_nikke_eunhwa_03,ep:d_nikke_eunhwa_tactical_03,char:92,char:95,127,402,,,확실,확정
callback,F651-2,F651,ep:d_nikke_privaty_02,event_perfectmaid_04_e,char:170,event_perfectmaid,133,267,,,확실,확정
callback,F660-2,F660,ep:d_nikke_hongryeon_02,event_newyearnewsword_06_e,char:222,event_newyearnewsword,136,261,,,확실,확정
callback,F744-2,F744,d_main_19_04,event_oldtales2_01_s,ch19,event_oldtales1,159,338,,,확실,확정
reversal,F768-2,F768,d_main_20_10_e,side:eden_spear_07,ch20,side:eden_spear,164,411,,F2163,확실,확정
reversal,F770-2,F770,d_main_20af_02,side:eden_spear_08,ch20,side:eden_spear,164,411,,F2162,확실,확정
callback,F835-2,F835,event_cherryblossom_04_e,d_main_22_09,event_cherryblossom,ch22,183,195,,,확실,확정
callback,F836-2,F836,event_cherryblossom_06_e,fl:for_rest_07,event_cherryblossom,fl:for_rest,183,365,,,확실,확정
callback,F893-2,F893,d_main_22_10,d_main_23_02_s,ch22,ch23,195,214,,,확실,확정
callback,F908-2,F908,event_overzone_prologue,erelic:red_ash_lost_20,event_overzone,erelic:red_ash_lost,200,252,,,확실,확정
callback,F909-2,F909,event_overzone1_01_e,fl:ark_guardian_26,event_overzone,fl:ark_guardian,200,428,,,확실,확정
callback,F914-2,F914,event_overzone1_01_s,fl:ark_guardian_24,event_overzone,fl:ark_guardian,200,428,,,확실,확정
callback,F915-2,F915,event_overzone1_05_e,event_newyearnewsword_06_e,event_overzone,event_newyearnewsword,200,261,,,확실,확정
callback,F930-2,F930,erelic:white_memory_12,ep:d_nikke_snowwhite_heavyarms_03,erelic:white_memory,char:471,201,429,,,확실,확정
callback,F950-2,F950,event_queensorder_intermission_01,ep:d_nikke_rosanna_01,event_queensorder,char:280,207,208,,,확실,확정
callback,F953-2,F953,event_queensorder_05_e,event_dirtybackyard_06_s,event_queensorder,event_dirtybackyard,207,265,,,확실,확정
callback,F1006-2,F1006,d_main_24_02,fl:enter_heaven_10,ch24,fl:enter_heaven,219,442,,,확실,확정
callback,F1091-2,F1091,event_freezeacpu_01_e,ep:d_nikke_quiry_05,event_freezeacpu,char:33,239,240,,,확실,확정
callback,F1103-2,F1103,d_main_25_03_e,side:eden_spear_02,ch25,side:eden_spear,241,411,,,확실,확정
callback,F1132-2,F1132,d_main_26_09,side:eden_spear_05,ch26,side:eden_spear,246,411,,,확실,확정
callback,F1146-2,F1146,event_redash1_intermission_01,event_oldtales1_03_e,event_redash,event_oldtales1,251,338,,,추정,확정
callback,F1152-2,F1152,event_redash1_06_e,event_oldtales1_intermission_01,event_redash,event_oldtales1,251,338,,,확실,확정
callback,F1158-2,F1158,event_redash2_02_s,event_oldtales1_04_s,event_redash,event_oldtales1,251,338,,,확실,확정
callback,F1181-2,F1181,erelic:red_ash_lost_10,event_newyearnewsword_06_e,erelic:red_ash_lost,event_newyearnewsword,252,261,,,확실,확정
callback,F1241-2,F1241,event_newyearnewsword_epilogue,ep:d_nikke_hongryeon_blackshadow_01,event_newyearnewsword,char:225,261,262,,,확실,확정
callback,F1285-2,F1285,d_main_26af_01,relic:정갈하게쓴기록_00,ch27,relic:정갈하게쓴기록,270,397,,,확실,확정
callback,F1342-2,F1342,event_boomsday_06_s,ep:d_nikke_eleggboomandshock_05,event_boomsday,char:502,280,395,,,확실,확정
callback,F1396-2,F1396,d_main_30_01_s,relic:하모니큐브관찰일지_01,ch30,relic:하모니큐브관찰일지,293,294,,,추정,확정
callback,F1398-2,F1398,d_main_30_02,d_main_44_af_06,ch30,ch44,293,436,,,확실,확정
callback,F1400-2,F1400,d_main_30_02,d_main_30_af_01,ch30,ch30,293,293,,,확실,확정
callback,F1476-2,F1476,event_darkhero_03_e,fl:ark_ranger_10,event_darkhero,fl:ark_ranger,298,462,,,확실,확정
callback,F1523-2,F1523,d_main_31_01_s,event_oldtales1_04_s,ch31,event_oldtales1,308,338,,,추정,확정
callback,F1529-2,F1529,d_main_31_05,fl:absolute_07,ch31,fl:absolute,308,400,,,확실,확정
callback,F1530-2,F1530,d_main_31_04_s,d_main_32_03,ch31,ch32,308,310,,,확실,확정
callback,F1543-2,F1543,d_main_32_03,erelic:old_tales_dialog_18,ch32,erelic:old_tales_dialog,310,339,,,추정,확정
callback,F1654-2,F1654,d_main_34_07_e,event_oldtales1_06_s,ch34,event_oldtales1,336,338,,,확실,확정
callback,F1681-2,F1681,event_oldtales2_03_e,d_main_48_03,event_oldtales1,ch48,338,472,,,확실,확정
callback,F1686-2,F1686,event_oldtales2_05_e,erelic:old_tales_mini_memory_25,event_oldtales1,erelic:old_tales_mini_memory,338,341,,,확실,확정
callback,F1710-2,F1710,erelic:old_tales_mini_memory_30,side:mudfish_08,erelic:old_tales_mini_memory,side:mudfish,341,370,,,확실,확정
callback,F1748-2,F1748,event_footstepwalkrun1_06_s,side:pretty_star_13,event_footstepwalkrun1,side:pretty_star,350,447,,,확실,확정
callback,F1755-2,F1755,event_footstepwalkrun2_intermission_01,d_main_45_04,event_footstepwalkrun1,ch45,350,450,,,확실,확정
callback,F1755-3,F1755,event_footstepwalkrun2_intermission_01,d_main_46_06,event_footstepwalkrun1,ch46,350,452,,,확실,확정
callback,F1772-2,F1772,event_wisdomspring_01_s,d_main_39_11,event_wisdomspring,ch39,353,396,,,확실,확정
reversal,F1808-2,F1808,d_main_36_02,d_main_37_06_s,ch36,ch37,360,373,,F1862,확실,확정
callback,F1814-2,F1814,d_main_36_06,event_unbreakablesphere2_01_s,ch36,event_unbreakablesphere1,360,377,,,확실,확정
callback,F1815-2,F1815,d_main_36_07_s,side:mudfish_09,ch36,side:mudfish,360,370,,,확실,확정
callback,F1816-2,F1816,d_main_36_07_e,erelic:unbreakable_sphere_lost_03,ch36,erelic:unbreakable_sphere_lost,360,379,,,추정,확정
callback,F1864-2,F1864,d_main_37_08_s,d_main_38_02,ch37,ch38,373,375,,,확실,확정
callback,F1867-2,F1867,d_main_37_08_e,d_main_38_01_s,ch37,ch38,373,375,,,확실,확정
callback,F1884-2,F1884,event_unbreakablesphere1_01_s,event_unbreakablesphere1_intermission_01,event_unbreakablesphere1,event_unbreakablesphere1,377,377,,,확실,확정
callback,F1979-2,F1979,event_ce006_1_05_e,ep:d_nikke_ce006_03_02,event_ce006,char:852,387,388,,,확실,확정
callback,F2017-2,F2017,event_overthehorizon_epilogue,fl:ark_ranger_25,event_overthehorizon,fl:ark_ranger,391,462,,,확실,확정
callback,F2055-2,F2055,d_main_39_11,side:eden_spear_12,ch39,side:eden_spear,396,411,,,확실,확정
callback,F2058-2,F2058,d_main_39_af_03,d_main_40_af_03,ch39,ch40,396,398,,,확실,확정
callback,F2059-2,F2059,d_main_39_af_03,fl:enter_heaven_01,ch39,fl:enter_heaven,396,442,,,확실,확정
callback,F2064-2,F2064,d_main_39_af_07,event_staranis2_06_s,ch39,event_staranis1,396,454,,,확실,확정
callback,F2066-2,F2066,d_main_39_af_08,event_staranis2_intermission_01,ch39,event_staranis1,396,454,,,추정,확정
callback,F2091-2,F2091,d_main_40_af_03,side:pretty_star_13,ch40,side:pretty_star,398,447,,,확실,확정
callback,F2153-2,F2153,side:eden_spear_01,event_goddessfall2_epilogue,side:eden_spear,event_goddessfall1,411,418,,,확실,확정
callback,F2157-2,F2157,side:eden_spear_03,event_goddessfall1_06_e,side:eden_spear,event_goddessfall1,411,418,,,확실,확정
callback,F2164-2,F2164,side:eden_spear_08,event_goddessfall2_06_s,side:eden_spear,event_goddessfall1,411,418,,,확실,확정
callback,F2184-2,F2184,d_main_41_01,relic:주의용광로사용법_03,ch41,relic:주의용광로사용법,414,417,,,확실,확정
callback,F2200-2,F2200,d_main_41_af_01,event_staranis2_02_s,ch41,event_staranis1,414,454,,,확실,확정
callback,F2235-2,F2235,d_main_42_af_03,fl:ark_ranger_11,ch42,fl:ark_ranger,416,462,,,확실,확정
callback,F2357-2,F2357,fl:ark_guardian_00,d_main_44_05,fl:ark_guardian,ch44,428,436,,,확실,확정
callback,F2377-2,F2377,fl:ark_guardian_26,d_main_46_07,fl:ark_guardian,ch46,428,452,,,확실,확정
callback,F2410-2,F2410,d_main_43_15,relic:신에게닿기위한탑_03,ch43,relic:신에게닿기위한탑,434,451,,,추정,확정
callback,F2435-2,F2435,d_main_44_08_e,d_main_46_07,ch44,ch46,436,452,,,확실,확정
callback,F2443-2,F2443,d_main_44_af_03,d_main_45_07,ch44,ch45,436,450,,,확실,확정
callback,F2515-2,F2515,fl:2x2_love_1ch_21,fl:2x2_love_1ch_46,fl:2x2_love_1ch,fl:2x2_love_1ch,444,444,,,확실,확정
callback,F2517-2,F2517,fl:2x2_love_1ch_24,fl:2x2_love_1ch_49,fl:2x2_love_1ch,fl:2x2_love_1ch,444,444,,,확실,확정
callback,F2518-2,F2518,fl:2x2_love_1ch_23,fl:2x2_love_1ch_49,fl:2x2_love_1ch,fl:2x2_love_1ch,444,444,,,확실,확정
callback,F2523-2,F2523,fl:2x2_love_1ch_47,fl:2x2_love_2ch_07,fl:2x2_love_1ch,fl:2x2_love_2ch,444,445,,,확실,확정
callback,F2528-2,F2528,fl:2x2_love_2ch_18,fl:2x2_love_2ch_50,fl:2x2_love_2ch,fl:2x2_love_2ch,445,445,,,확실,확정
callback,F2530-2,F2530,fl:2x2_love_2ch_22,fl:2x2_love_2ch_56,fl:2x2_love_2ch,fl:2x2_love_2ch,445,445,,,확실,확정
callback,F2543-2,F2543,side:pretty_star_01,d_main_45_09,side:pretty_star,ch45,447,450,,,확실,확정
callback,F2610-2,F2610,relic:신에게닿기위한탑_00,relic:궤도엘리베이터음모론_01,relic:신에게닿기위한탑,relic:궤도엘리베이터음모론,451,453,,,추정,확정
setup_payoff,Q1-2,Q1,d_main_01af_01,d_main_04af_04,ch01,ch04,2,15,일부,F84,확실,확정
setup_payoff,Q1-3,Q1,d_main_01af_01,d_main_14af_03,ch01,ch14,2,69,전부,F376,확실,확정
setup_payoff,Q2-2,Q2,d_main_01_07_s,event_footstepwalkrun2_epilogue,ch01,event_footstepwalkrun1,2,350,전부,F1765,확실,확정
setup_payoff,Q3-2,Q3,d_main_01af_01,d_main_02af_01,ch01,ch02,2,4,일부,F40,추정,확정
setup_payoff,Q4-2,Q4,d_main_02_05,d_main_02_08_s,ch02,ch02,4,4,일부,F34,확실,확정
setup_payoff,Q6-2,Q6,d_main_02af_01,d_main_06_07,ch02,ch06,4,26,일부,F120,추정,확정
setup_payoff,Q6-3,Q6,d_main_02af_01,ep:d_nikke_maxwell_03,ch02,char:102,4,99,일부,F529,추정,확정
setup_payoff,Q8-2,Q8,d_main_02af_07,d_main_03_03,ch02,ch03,4,10,일부,F56,확실,확정
setup_payoff,Q9-2,Q9,sub:칠리페퍼_00,sub:칠리페퍼_01,sub:칠리페퍼_00,sub:칠리페퍼_01,5,38,전부,F241,확실,확정
setup_payoff,Q12-2,Q12,d_main_03_04,d_main_04_04_s,ch03,ch04,10,15,일부,F71,확실,확정
setup_payoff,Q13-2,Q13,d_main_04_04_s,d_main_06_07,ch04,ch06,15,26,일부,F120,확실,확정
setup_payoff,Q13-3,Q13,d_main_04_04_s,d_main_20_07,ch04,ch20,15,164,일부,F766,확실,확정
setup_payoff,Q14-2,Q14,d_main_04_04_e,d_main_13_08_e,ch04,ch13,15,64,일부,F336,확실,확정
setup_payoff,Q14-3,Q14,d_main_04_04_e,event_redash1_02_s,ch04,event_redash,15,251,일부,F1145,확실,확정
setup_payoff,Q14-4,Q14,d_main_04_04_e,event_footstepwalkrun2_06_e,ch04,event_footstepwalkrun1,15,350,일부,F1763,확실,확정
setup_payoff,Q15-2,Q15,d_main_04_04_e,d_main_06_08_s,ch04,ch06,15,26,일부,F123,확실,확정
setup_payoff,Q16-2,Q16,d_main_04_09_e,d_main_10_06,ch04,ch10,15,48,일부,F279,확실,확정
setup_payoff,Q16-3,Q16,d_main_04_09_e,d_main_32_af_02,ch04,ch32,15,310,일부,F1559,확실,확정
setup_payoff,Q18-2,Q18,d_main_04af_04,d_main_09af_06,ch04,ch09,15,43,일부,F259,추정,확정
setup_payoff,Q18-3,Q18,d_main_04af_04,d_main_12af_01,ch04,ch12,15,59,일부,F312,확실,확정
setup_payoff,Q19-2,Q19,d_main_04af_08,d_main_35_04,ch04,ch35,15,358,일부,F1798,확실,확정
setup_payoff,Q19-3,Q19,d_main_04af_08,side:pretty_star_13,ch04,side:pretty_star,15,447,일부,F2556,확실,확정
setup_payoff,Q19-4,Q19,d_main_04af_08,event_staranis2_05_e,ch04,event_staranis1,15,454,전부,F2705,확실,확정
setup_payoff,Q22-2,Q22,d_main_05_07,ep:d_nikke_alice_04,ch05,char:191,20,118,일부,F604,추정,확정
setup_payoff,Q23-2,Q23,sub:중앙_정부_공식__00,sub:중앙_정부_공식__02,sub:중앙_정부_공식__00,sub:중앙_정부_공식__02,21,148,일부,F711,추정,확정
setup_payoff,Q25-2,Q25,d_main_06_03,ep:d_nikke_ludmilla_04,ch06,char:190,26,96,일부,F513,추정,확정
setup_payoff,Q26-2,Q26,d_main_06_04,d_main_12af_03,ch06,ch12,26,59,전부,F320,확실,확정
setup_payoff,Q27-2,Q27,d_main_06_08_s,d_main_14af_03,ch06,ch14,26,69,전부,F376,확실,확정
setup_payoff,Q28-2,Q28,d_main_06_08_s,event_goddessfall2_05_e,ch06,event_goddessfall1,26,418,일부,F2890,추정,확정
setup_payoff,Q29-2,Q29,d_main_06_08_e,event_lastkingdom2_epilogue,ch06,event_lastkingdom1,26,295,일부,F1452,추정,확정
setup_payoff,Q30-2,Q30,sub:트레저_헌터_00,sub:트레저_헌터_02,sub:트레저_헌터_00,sub:트레저_헌터_02,12,46,일부,F146,확실,확정
setup_payoff,Q30-3,Q30,sub:트레저_헌터_00,sub:트레저_헌터_03,sub:트레저_헌터_00,sub:트레저_헌터_03,12,83,전부,F150,확실,확정
setup_payoff,Q33-2,Q33,relic:갓데스스쿼드리포트_00,ep:d_nikke_rapunzel_04,relic:갓데스스쿼드리포트,char:221,19,94,일부,F494,확실,확정
setup_payoff,Q33-3,Q33,relic:갓데스스쿼드리포트_00,event_overzone1_01_e,relic:갓데스스쿼드리포트,event_overzone,19,200,전부,F909,확실,확정
setup_payoff,Q38-2,Q38,d_main_07af_02,d_main_09_02_e,ch07,ch09,31,43,일부,F249,확실,확정
setup_payoff,Q38-3,Q38,d_main_07af_02,d_main_17_08,ch07,ch17,31,140,전부,F682,확실,확정
setup_payoff,Q39-2,Q39,d_main_07_06_e,d_main_19af_01,ch07,ch19,31,159,전부,F754,확실,확정
setup_payoff,Q40-2,Q40,sub:중앙_정부_공식__01,sub:중앙_정부_공식__02,sub:중앙_정부_공식__01,sub:중앙_정부_공식__02,32,148,일부,F710,확실,확정
setup_payoff,Q41-2,Q41,sub:세르반_02,sub:세르반_03,sub:세르반_02,sub:세르반_03,33,65,전부,F351,확실,확정
setup_payoff,Q42-2,Q42,d_main_08_02,d_main_09_06_s,ch08,ch09,37,43,전부,F248,확실,확정
setup_payoff,Q43-2,Q43,d_main_08_08,d_main_39_af_08,ch08,ch39,37,396,일부,F2066,확실,확정
setup_payoff,Q43-3,Q43,d_main_08_08,side:pretty_star_02,ch08,side:pretty_star,37,447,일부,F2546,추정,확정
setup_payoff,Q43-4,Q43,d_main_08_08,event_staranis2_02_s,ch08,event_staranis1,37,454,전부,F2690,확실,확정
setup_payoff,Q44-2,Q44,sub:칠리페퍼_01,sub:칠리페퍼_02,sub:칠리페퍼_01,sub:칠리페퍼_02,38,70,전부,F380,확실,확정
setup_payoff,Q46-2,Q46,relic:UFO챈.zip_00,ep:d_nikke_rapunzel_04,relic:UFO챈.zip,char:221,40,94,일부,F493,확실,확정
setup_payoff,Q46-3,Q46,relic:UFO챈.zip_00,event_redash1_01_e,relic:UFO챈.zip,event_redash,40,251,일부,F1140,확실,확정
setup_payoff,Q46-4,Q46,relic:UFO챈.zip_00,d_main_35bf_03,relic:UFO챈.zip,ch35,40,358,일부,F1792,확실,확정
setup_payoff,Q49-2,Q49,d_main_09af_02,d_main_14_11,ch09,ch14,43,69,전부,F369,확실,확정
setup_payoff,Q52-2,Q52,d_main_10_04,d_main_11_01,ch10,ch11,48,53,전부,F288,확실,확정
setup_payoff,Q53-2,Q53,d_main_10_06,d_main_11_01,ch10,ch11,48,53,전부,F288,확실,확정
setup_payoff,Q54-2,Q54,sub:롬_00,event_ce006_2_04_e,sub:롬_00,event_ce006,49,387,일부,F1997,확실,확정
setup_payoff,Q55-2,Q55,d_main_11_06_s,d_main_12af_03,ch11,ch12,53,59,전부,F319,확실,확정
setup_payoff,Q56-2,Q56,d_main_11_06_e,d_main_12_07_s,ch11,ch12,53,59,전부,F304,확실,확정
setup_payoff,Q57-2,Q57,relic:기업-랩쳐음모론_01,d_main_43_15,relic:기업-랩쳐음모론,ch43,55,434,일부,F2410,추정,확정
setup_payoff,Q58-2,Q58,d_main_12af_02,fl:project_matis_21,ch12,fl:project_matis,59,467,전부,F2791,확실,확정
setup_payoff,Q59-2,Q59,d_main_12af_03,d_main_33_07,ch12,ch33,59,334,일부,F1636,추정,확정
setup_payoff,Q60-2,Q60,d_main_12_07_e,ep:d_nikke_guillotine_04,ch12,char:180,59,85,전부,F431,확실,확정
setup_payoff,Q63-2,Q63,d_main_13_08_e,d_main_48_05,ch13,ch48,64,472,일부,F2837,추정,확정
setup_payoff,Q64-2,Q64,d_main_13af_01,d_main_20af_01,ch13,ch20,64,164,일부,F771,확실,확정
setup_payoff,Q65-2,Q65,d_main_13af_07,d_main_24_14_e,ch13,ch24,64,219,일부,F1034,확실,확정
setup_payoff,Q65-3,Q65,d_main_13af_07,event_footstepwalkrun2_intermission_01,ch13,event_footstepwalkrun1,64,350,일부,F1755,확실,확정
setup_payoff,Q68-2,Q68,d_main_14_08,event_goddessfall1_06_e,ch14,event_goddessfall1,69,418,일부,F2289,추정,확정
setup_payoff,Q75-2,Q75,d_main_16_13_e,d_main_17_01_s,ch16,ch17,80,140,전부,F675,확실,확정
setup_payoff,Q76-2,Q76,d_main_16af_03,d_main_18af_04,ch16,ch18,80,146,일부,F706,추정,확정
setup_payoff,Q77-2,Q77,ep:d_nikke_guillotine_02,d_main_23_10_e,char:180,ch23,85,214,일부,F997,확실,확정
setup_payoff,Q78-2,Q78,ep:d_nikke_novel_01,event_newflavor_06_s,char:212,event_newflavor,87,367,일부,F1837,확실,확정
setup_payoff,Q79-2,Q79,ep:d_nikke_noah_02,d_main_19_05,char:232,ch19,88,159,일부,F745,추정,확정
setup_payoff,Q80-2,Q80,ep:d_nikke_noah_05,erelic:goddess_fall_mini_05,char:232,erelic:goddess_fall_mini,88,419,일부,F2330,확실,확정
setup_payoff,Q82-2,Q82,ep:d_nikke_rapunzel_04,d_main_25_08_e,char:221,ch25,94,241,일부,F1109,확실,확정
setup_payoff,Q82-3,Q82,ep:d_nikke_rapunzel_04,event_footstepwalkrun2_06_e,char:221,event_footstepwalkrun1,94,350,일부,F1763,확실,확정
setup_payoff,Q83-2,Q83,ep:d_nikke_rapunzel_04,d_main_17_08,char:221,ch17,94,140,일부,F683,확실,확정
setup_payoff,Q83-3,Q83,ep:d_nikke_rapunzel_04,fl:ark_guardian_26,char:221,fl:ark_guardian,94,428,전부,F2373,확실,확정
setup_payoff,Q84-2,Q84,ep:d_nikke_rapunzel_04,d_main_17_07,char:221,ch17,94,140,일부,F681,확실,확정
setup_payoff,Q84-3,Q84,ep:d_nikke_rapunzel_04,event_overzone1_01_e,char:221,event_overzone,94,200,전부,F907,확실,확정
setup_payoff,Q85-2,Q85,ep:d_nikke_mary_03,event_bluewaterisland2_05_e,char:130,event_bluewaterisland,100,209,일부,F971,확실,확정
setup_payoff,Q86-2,Q86,ep:d_nikke_anis_01,event_wisdomspring_04_e,char:12,event_wisdomspring,115,353,일부,F1773,확실,확정
setup_payoff,Q88-2,Q88,ep:d_nikke_isabel_01,sub:에덴_Notice_01,char:231,sub:에덴_Notice_01,128,191,일부,F876,확실,확정
setup_payoff,Q89-2,Q89,ep:d_nikke_harran_04,erelic:goddess_fall_mini_02,char:230,erelic:goddess_fall_mini,135,419,일부,F2325,확실,확정
setup_payoff,Q90-2,Q90,ep:d_nikke_hongryeon_02,erelic:red_ash_lost_10,char:222,erelic:red_ash_lost,136,252,일부,F1181,추정,확정
setup_payoff,Q90-3,Q90,ep:d_nikke_hongryeon_02,event_newyearnewsword_06_s,char:222,event_newyearnewsword,136,261,전부,F1238,확실,확정
setup_payoff,Q96-2,Q96,sub:제니퍼f_00,fl:lie_cause_recoil_19,sub:제니퍼f_00,fl:lie_cause_recoil,79,438,일부,F2478,확실,확정
setup_payoff,Q97-2,Q97,d_main_18af_06,d_main_23_09_s,ch18,ch23,146,214,일부,F995,확실,확정
setup_payoff,Q98-2,Q98,d_main_18af_03,fl:ark_guardian_16,ch18,fl:ark_guardian,146,428,일부,F2364,추정,확정
setup_payoff,Q104-2,Q104,d_main_19_04,fl:ark_guardian_16,ch19,fl:ark_guardian,159,428,전부,F2363,확실,확정
setup_payoff,Q105-2,Q105,d_main_19af_01,event_overzone2_epilogue,ch19,event_overzone,159,200,일부,F928,확실,확정
setup_payoff,Q107-2,Q107,d_main_19_01,event_ce006_2_03_s,ch19,event_ce006,159,387,일부,F1987,추정,확정
setup_payoff,Q108-2,Q108,sub:데이파라_00,sub:2호_쉘터_관리계정_00,sub:데이파라_00,sub:2호_쉘터_관리계정_00,168,197,일부,F902,확실,확정
setup_payoff,Q108-3,Q108,sub:데이파라_00,fl:reborn_evil_17,sub:데이파라_00,fl:reborn_evil,168,407,일부,F2134,확실,확정
setup_payoff,Q108-4,Q108,sub:데이파라_00,ep:d_nikke_ce007_01_02,sub:데이파라_00,char:840,168,408,전부,F2144,확실,확정
setup_payoff,Q109-2,Q109,relic:데일리아크기사스크랩_04,d_main_20af_01,relic:데일리아크기사스크랩,ch20,160,164,일부,F762,확실,확정
setup_payoff,Q109-3,Q109,relic:데일리아크기사스크랩_04,erelic:goddess_fall_mini_09,relic:데일리아크기사스크랩,erelic:goddess_fall_mini,160,419,일부,F2334,추정,확정
setup_payoff,Q110-2,Q110,d_main_20_07,event_goddessfall2_05_s,ch20,event_goddessfall1,164,418,일부,F2891,추정,확정
setup_payoff,Q111-2,Q111,d_main_20_10_e,ep:d_nikke_nihilister_02,ch20,char:261,164,184,일부,F839,확실,확정
setup_payoff,Q112-2,Q112,d_main_20_06_s,d_main_21_02_e,ch20,ch21,164,189,일부,F861,확실,확정
setup_payoff,Q115-2,Q115,event_cherryblossom_intermission_01,event_staranis2_05_s,event_cherryblossom,event_staranis1,183,454,일부,F2701,확실,확정
setup_payoff,Q118-2,Q118,d_main_21_02_e,erelic:goddess_fall_mini_09,ch21,erelic:goddess_fall_mini,189,419,일부,F2335,확실,확정
setup_payoff,Q120-2,Q120,d_main_21af_01,event_overzone2_epilogue,ch21,event_overzone,189,200,일부,F928,확실,확정
setup_payoff,Q121-2,Q121,d_main_21af_02,d_main_22_11,ch21,ch22,189,195,전부,F894,확실,확정
setup_payoff,Q122-2,Q122,sub:에덴_Notice_02,d_main_39_11,sub:에덴_Notice_02,ch39,192,396,일부,F2055,추정,확정
setup_payoff,Q122-3,Q122,sub:에덴_Notice_02,d_main_40_01,sub:에덴_Notice_02,ch40,192,398,일부,F2070,확실,확정
setup_payoff,Q122-4,Q122,sub:에덴_Notice_02,side:eden_spear_11,sub:에덴_Notice_02,side:eden_spear,192,411,일부,F2170,확실,확정
setup_payoff,Q122-5,Q122,sub:에덴_Notice_02,erelic:goddess_fall_mini_11,sub:에덴_Notice_02,erelic:goddess_fall_mini,192,419,일부,F2337,확실,확정
setup_payoff,Q124-2,Q124,d_main_22_06,d_main_23_08_s,ch22,ch23,195,214,일부,F993,확실,확정
setup_payoff,Q125-2,Q125,d_main_22_09,fl:enter_heaven_06,ch22,fl:enter_heaven,195,442,일부,F2490,확실,확정
setup_payoff,Q125-3,Q125,d_main_22_09,fl:enter_heaven_11,ch22,fl:enter_heaven,195,442,일부,F2502,확실,확정
setup_payoff,Q125-4,Q125,d_main_22_09,fl:enter_heaven_07,ch22,fl:enter_heaven,195,442,전부,F2495,확실,확정
setup_payoff,Q126-2,Q126,d_main_22_12_s,d_main_24_13,ch22,ch24,195,219,전부,F1032,확실,확정
setup_payoff,Q127-2,Q127,sub:할아범_01,d_main_45_04,sub:할아범_01,ch45,198,450,일부,F2581,추정,확정
setup_payoff,Q128-2,Q128,event_overzone2_epilogue,erelic:red_ash_mini_07,event_overzone,erelic:red_ash_mini,200,253,일부,F1190,추정,확정
setup_payoff,Q128-3,Q128,event_overzone2_epilogue,erelic:goddess_fall_mini_07,event_overzone,erelic:goddess_fall_mini,200,419,전부,F2332,확실,확정
setup_payoff,Q129-2,Q129,event_overzone2_04_e,event_redash2_02_e,event_overzone,event_redash,200,251,일부,F1161,확실,확정
setup_payoff,Q129-3,Q129,event_overzone2_04_e,side:pretty_star_00,event_overzone,side:pretty_star,200,447,일부,F2558,확실,확정
setup_payoff,Q129-4,Q129,event_overzone2_04_e,d_main_46_af_06,event_overzone,ch46,200,452,일부,F2649,확실,확정
setup_payoff,Q130-2,Q130,event_overzone2_02_e,d_main_48_03,event_overzone,ch48,200,472,일부,F2830,확실,확정
setup_payoff,Q131-2,Q131,erelic:white_memory_19,fl:ark_guardian_25,erelic:white_memory,fl:ark_guardian,201,428,전부,F2373,확실,확정
setup_payoff,Q132-2,Q132,erelic:white_memory_20,side:eden_spear_08,erelic:white_memory,side:eden_spear,201,411,일부,F2163,확실,확정
setup_payoff,Q132-3,Q132,erelic:white_memory_20,event_goddessfall1_02_e,erelic:white_memory,event_goddessfall1,201,418,전부,F2268,확실,확정
setup_payoff,Q135-2,Q135,event_bluewaterisland2_epilogue,event_seayouagain1_05_s,event_bluewaterisland,event_seayouagain1,209,226,전부,F1050,확실,확정
setup_payoff,Q136-2,Q136,d_main_23_02_s,d_main_24af_04,ch23,ch25,214,241,일부,F1095,확실,확정
setup_payoff,Q137-2,Q137,d_main_23_01_e,d_main_24_11,ch23,ch24,214,219,일부,F1028,확실,확정
setup_payoff,Q139-2,Q139,d_main_23_11_e,d_main_24_06_s,ch23,ch24,214,219,전부,F1014,확실,확정
setup_payoff,Q140-2,Q140,d_main_23_11_e,d_main_24_05_s,ch23,ch24,214,219,전부,F1012,확실,확정
setup_payoff,Q141-2,Q141,d_main_23af_02,d_main_24af_06,ch23,ch25,214,241,일부,F1100,추정,확정
setup_payoff,Q141-3,Q141,d_main_23af_02,erelic:red_ash_mini_07,ch23,erelic:red_ash_mini,214,253,일부,F1190,추정,확정
setup_payoff,Q141-4,Q141,d_main_23af_02,erelic:goddess_fall_mini_07,ch23,erelic:goddess_fall_mini,214,419,일부,F2332,확실,확정
setup_payoff,Q141-5,Q141,d_main_23af_02,d_main_44_af_03,ch23,ch44,214,436,전부,F2444,확실,확정
setup_payoff,Q145-2,Q145,d_main_24af_01,d_main_26_01_e,ch24,ch26,219,246,일부,F1115,확실,확정
setup_payoff,Q145-3,Q145,d_main_24af_01,event_footstepwalkrun2_06_e,ch24,event_footstepwalkrun1,219,350,전부,F1763,확실,확정
setup_payoff,Q149-2,Q149,d_main_24af_04,fl:ark_guardian_16,ch25,fl:ark_guardian,241,428,일부,F2364,확실,확정
setup_payoff,Q150-2,Q150,d_main_25_07_e,d_main_26_07_e,ch25,ch26,241,246,일부,F1128,확실,확정
setup_payoff,Q150-3,Q150,d_main_25_07_e,d_main_37_03,ch25,ch37,241,373,일부,F1859,추정,확정
setup_payoff,Q150-4,Q150,d_main_25_07_e,fl:boom_the_ghost_27,ch25,fl:boom_the_ghost,241,393,일부,F2037,확실,확정
setup_payoff,Q150-5,Q150,d_main_25_07_e,event_goddessfall2_epilogue,ch25,event_goddessfall1,241,418,일부,F2317,확실,확정
setup_payoff,Q150-6,Q150,d_main_25_07_e,d_main_44_af_02,ch25,ch44,241,436,일부,F2439,확실,확정
setup_payoff,Q151-2,Q151,d_main_25_08_e,d_main_26_02_s,ch25,ch26,241,246,일부,F1116,확실,확정
setup_payoff,Q152-2,Q152,relic:마더웨일아종목격보고.wav_03,d_main_26af_01,relic:마더웨일아종목격보고.wav,ch27,242,270,전부,F1285,추정,확정
setup_payoff,Q155-2,Q155,d_main_26_12_e,d_main_26af_01,ch26,ch27,246,270,일부,F1284,확실,확정
setup_payoff,Q156-2,Q156,relic:저주받은보석_04,d_main_27_06,relic:저주받은보석,ch27,248,270,일부,F1297,추정,확정
setup_payoff,Q157-2,Q157,event_redash2_epilogue,event_footstepwalkrun2_intermission_01,event_redash,event_footstepwalkrun1,251,350,일부,F1756,확실,확정
setup_payoff,Q159-2,Q159,erelic:red_ash_lost_19,fl:ark_guardian_03,erelic:red_ash_lost,fl:ark_guardian,252,428,전부,F2358,확실,확정
setup_payoff,Q161-2,Q161,event_dirtybackyard_04_e,d_main_30_02,event_dirtybackyard,ch30,265,293,일부,F1400,추정,확정
setup_payoff,Q161-3,Q161,event_dirtybackyard_04_e,event_lordforjustice_04_s,event_dirtybackyard,event_lordforjustice,265,385,일부,F1962,확실,확정
setup_payoff,Q161-4,Q161,event_dirtybackyard_04_e,d_main_41_af_06,event_dirtybackyard,ch41,265,414,일부,F2209,확실,확정
setup_payoff,Q161-5,Q161,event_dirtybackyard_04_e,d_main_44_af_03,event_dirtybackyard,ch44,265,436,일부,F2443,확실,확정
setup_payoff,Q161-6,Q161,event_dirtybackyard_04_e,d_main_45_09,event_dirtybackyard,ch45,265,450,일부,F2596,확실,확정
setup_payoff,Q163-2,Q163,d_main_27_06,d_main_31_08,ch27,ch31,270,308,일부,F1533,확실,확정
setup_payoff,Q164-2,Q164,d_main_27_05,d_main_30_02,ch27,ch30,270,293,전부,F1399,확실,확정
setup_payoff,Q165-2,Q165,d_main_27_07,d_main_41_af_04,ch27,ch41,270,414,일부,F2205,확실,확정
setup_payoff,Q165-3,Q165,d_main_27_07,d_main_43_15,ch27,ch43,270,434,전부,F2414,확실,확정
setup_payoff,Q166-2,Q166,d_main_27_09_s,d_main_28_11_s,ch27,ch28,270,275,일부,F1321,추정,확정
setup_payoff,Q167-2,Q167,sub:피라_02,relic:잘지내라친구_02,sub:피라_02,relic:잘지내라친구,272,274,일부,F1307,추정,확정
setup_payoff,Q168-2,Q168,sub:피라_02,d_main_34_09_e,sub:피라_02,ch34,272,336,일부,F1655,추정,확정
setup_payoff,Q169-2,Q169,d_main_28_08_s,sub:관짝이_00,ch28,sub:관짝이_00,275,311,전부,F1562,확실,확정
setup_payoff,Q170-2,Q170,d_main_28_08_s,d_main_30_06_e,ch28,ch30,275,293,일부,F1408,확실,확정
setup_payoff,Q170-3,Q170,d_main_28_08_s,d_main_31_09_e,ch28,ch31,275,308,일부,F1536,확실,확정
setup_payoff,Q170-4,Q170,d_main_28_08_s,d_main_32_05,ch28,ch32,275,310,일부,F1545,확실,확정
setup_payoff,Q170-5,Q170,d_main_28_08_s,sub:관짝이_02,ch28,sub:관짝이_02,275,314,전부,F1571,확실,확정
setup_payoff,Q171-2,Q171,d_main_28_10,event_boomsday_04_s,ch28,event_boomsday,275,280,일부,F1339,확실,확정
setup_payoff,Q171-3,Q171,d_main_28_10,event_darkhero_06_e,ch28,event_darkhero,275,298,일부,F1474,확실,확정
setup_payoff,Q171-4,Q171,d_main_28_10,event_footstepwalkrun2_intermission_01,ch28,event_footstepwalkrun1,275,350,전부,F1755,확실,확정
setup_payoff,Q172-2,Q172,d_main_28_11_s,d_main_29_02_s,ch28,ch29,275,291,일부,F1382,추정,확정
setup_payoff,Q174-2,Q174,sub:핸섬_커맨더_00,sub:MMR지킴이_00,sub:핸섬_커맨더_00,sub:MMR지킴이_00,276,278,전부,F1333,추정,확정
setup_payoff,Q178-2,Q178,side:second_affection_10,event_lastkingdom2_epilogue,side:second_affection,event_lastkingdom1,288,295,일부,F1452,추정,확정
setup_payoff,Q179-2,Q179,side:second_affection_13,event_lastkingdom2_06_e,side:second_affection,event_lastkingdom1,288,295,전부,F1445,확실,확정
setup_payoff,Q181-2,Q181,d_main_29_07_s,d_main_30_01_s,ch29,ch30,291,293,일부,F1396,추정,확정
setup_payoff,Q182-2,Q182,d_main_29_05_e,d_main_30_02,ch29,ch30,291,293,전부,F1399,확실,확정
setup_payoff,Q183-2,Q183,d_main_29_07_e,d_main_30_07_s,ch29,ch30,291,293,일부,F1410,확실,확정
setup_payoff,Q186-2,Q186,d_main_30_06_e,sub:관짝이_00,ch30,sub:관짝이_00,293,311,전부,F1563,확실,확정
setup_payoff,Q188-2,Q188,event_lastkingdom2_02_e,d_main_40_02,event_lastkingdom1,ch40,295,398,일부,F2072,추정,확정
setup_payoff,Q189-2,Q189,event_lastkingdom2_06_s,d_main_40_02,event_lastkingdom1,ch40,295,398,일부,F2072,추정,확정
setup_payoff,Q196-2,Q196,event_darkhero_06_s,event_icedragonsaga1_02_e,event_darkhero,event_icedragonsaga1,298,347,전부,F1729,확실,확정
setup_payoff,Q198-2,Q198,event_beautyfullshot1_01_e,event_footstepwalkrun1_06_s,event_beautyfullshot1,event_footstepwalkrun1,305,350,일부,F1748,확실,확정
setup_payoff,Q199-2,Q199,d_main_31_08,relic:주의용광로사용법_03,ch31,relic:주의용광로사용법,308,417,전부,F2184,추정,확정
setup_payoff,Q200-2,Q200,d_main_31_08,d_main_32_07,ch31,ch32,308,310,일부,F1551,확실,확정
setup_payoff,Q200-3,Q200,d_main_31_08,d_main_33_08,ch31,ch33,308,334,일부,F1636,확실,확정
setup_payoff,Q203-2,Q203,d_main_32_07,side:eden_spear_09,ch32,side:eden_spear,310,411,일부,F2167,확실,확정
setup_payoff,Q204-2,Q204,d_main_32_09_e,d_main_33_03,ch32,ch33,310,334,일부,F1632,확실,확정
setup_payoff,Q204-3,Q204,d_main_32_09_e,d_main_34_af_01,ch32,ch34,310,336,일부,F1651,확실,확정
setup_payoff,Q204-4,Q204,d_main_32_09_e,event_oldtales2_04_e,ch32,event_oldtales1,310,338,전부,F1684,확실,확정
setup_payoff,Q205-2,Q205,d_main_32_af_02,d_main_34_01_e,ch32,ch34,310,336,전부,F1644,확실,확정
setup_payoff,Q206-2,Q206,sub:관짝이_02,d_main_34_09_e,sub:관짝이_02,ch34,314,336,일부,F1656,확실,확정
setup_payoff,Q206-3,Q206,sub:관짝이_02,d_main_44_07,sub:관짝이_02,ch44,314,436,전부,F2430,추정,확정
setup_payoff,Q207-2,Q207,sub:거울_공주_01,d_main_34_07_e,sub:거울_공주_01,ch34,315,336,일부,F1654,확실,확정
setup_payoff,Q207-3,Q207,sub:거울_공주_01,d_main_35_05_s,sub:거울_공주_01,ch35,315,358,일부,F1803,확실,확정
setup_payoff,Q207-4,Q207,sub:거울_공주_01,d_main_36_07_s,sub:거울_공주_01,ch36,315,360,일부,F1815,확실,확정
setup_payoff,Q207-5,Q207,sub:거울_공주_01,event_unbreakablesphere2_epilogue,sub:거울_공주_01,event_unbreakablesphere1,315,377,일부,F1903,확실,확정
setup_payoff,Q211-2,Q211,event_phantomthiefvsdetective_01_s,ep:d_nikke_phantom_04,event_phantomthiefvsdetective,char:580,328,330,전부,F1612,확실,확정
setup_payoff,Q212-2,Q212,ep:d_nikke_phantom_01,event_arcanearchive_06_s,char:580,event_arcanearchive,330,383,전부,F1926,확실,확정
setup_payoff,Q213-2,Q213,side:wordless_03,event_unbreakablesphere2_03_s,side:wordless,event_unbreakablesphere1,331,377,일부,F1898,추정,확정
setup_payoff,Q213-3,Q213,side:wordless_03,fl:project_matis_27,side:wordless,fl:project_matis,331,467,일부,F2797,추정,확정
setup_payoff,Q215-2,Q215,d_main_33_08,relic:소녀의일기-절망편-_02,ch33,relic:소녀의일기-절망편-,334,335,일부,F1641,확실,확정
setup_payoff,Q215-3,Q215,d_main_33_08,d_main_34_07_e,ch33,ch34,334,336,일부,F1653,확실,확정
setup_payoff,Q215-4,Q215,d_main_33_08,d_main_36_05,ch33,ch36,334,360,일부,F1813,확실,확정
setup_payoff,Q215-5,Q215,d_main_33_08,d_main_38_09_s,ch33,ch38,334,375,일부,F1873,확실,확정
setup_payoff,Q216-2,Q216,d_main_33_10_e,d_main_34_01_s,ch33,ch34,334,336,전부,F1643,확실,확정
setup_payoff,Q217-2,Q217,d_main_34_af_02,d_main_35_04,ch34,ch35,336,358,전부,F1798,확실,확정
setup_payoff,Q218-2,Q218,d_main_34_09_e,d_main_35bf_01,ch34,ch35,336,358,일부,F1786,확실,확정
setup_payoff,Q219-2,Q219,event_oldtales2_06_e,d_main_35bf_03,event_oldtales1,ch35,338,358,일부,F1792,확실,확정
setup_payoff,Q220-2,Q220,event_oldtales1_04_s,erelic:old_tales_lost_14,event_oldtales1,erelic:old_tales_lost,338,340,전부,F1703,추정,확정
setup_payoff,Q223-2,Q223,event_footstepwalkrun2_intermission_01,d_main_39_07,event_footstepwalkrun1,ch39,350,396,일부,F2052,확실,확정
setup_payoff,Q225-2,Q225,event_wisdomspring_05_e,d_main_40_02,event_wisdomspring,ch40,353,398,일부,F2071,확실,확정
setup_payoff,Q225-3,Q225,event_wisdomspring_05_e,fl:good_world_12,event_wisdomspring,fl:good_world,353,448,일부,F2568,확실,확정
setup_payoff,Q226-2,Q226,event_wisdomspring_06_s,d_main_41_af_03,event_wisdomspring,ch41,353,414,일부,F2204,확실,확정
setup_payoff,Q229-2,Q229,d_main_35_08_e,relic:알관련전달사항_02,ch35,relic:알관련전달사항,358,359,일부,F1806,확실,확정
setup_payoff,Q229-3,Q229,d_main_35_08_e,d_main_36_02,ch35,ch36,358,360,전부,F1808,확실,확정
setup_payoff,Q231-2,Q231,relic:알관련전달사항_00,d_main_36_03_s,relic:알관련전달사항,ch36,359,360,일부,F1808,확실,확정
setup_payoff,Q231-3,Q231,relic:알관련전달사항_00,d_main_38_03,relic:알관련전달사항,ch38,359,375,전부,F1878,추정,확정
setup_payoff,Q232-2,Q232,d_main_36_05,side:mudfish_14,ch36,side:mudfish,360,370,전부,F1849,확실,확정
setup_payoff,Q236-2,Q236,side:mudfish_14,event_unbreakablesphere1_05_s,side:mudfish,event_unbreakablesphere1,370,377,전부,F1884,확실,확정
setup_payoff,Q237-2,Q237,side:mudfish_15,event_unbreakablesphere1_prologue,side:mudfish,event_unbreakablesphere1,370,377,전부,F1883,추정,확정
setup_payoff,Q238-2,Q238,d_main_37_06_e,d_main_38_04,ch37,ch38,373,375,일부,F1873,확실,확정
setup_payoff,Q239-2,Q239,relic:주워갈것들메모_02,d_main_38_02,relic:주워갈것들메모,ch38,374,375,일부,F1872,추정,확정
setup_payoff,Q240-2,Q240,d_main_38_02,d_main_42_02,ch38,ch42,375,416,전부,F2214,확실,확정
setup_payoff,Q241-2,Q241,d_main_38_09_e,d_main_39_01,ch38,ch39,375,396,전부,F2042,확실,확정
setup_payoff,Q244-2,Q244,erelic:unbreakable_sphere_lost_03,side:eden_spear_12,erelic:unbreakable_sphere_lost,side:eden_spear,379,411,전부,F2173,확실,확정
setup_payoff,Q246-2,Q246,ep:d_nikke_mihara_bondingchain_04,ep:d_nikke_mihara_bondingchain_04,char:162,char:162,382,382,일부,F2898,확실,확정
setup_payoff,Q247-2,Q247,event_arcanearchive_06_e,side:pretty_star_14,event_arcanearchive,side:pretty_star,383,447,전부,F2559,추정,확정
setup_payoff,Q248-2,Q248,event_arcanearchive_06_e,fl:ark_guardian_26,event_arcanearchive,fl:ark_guardian,383,428,일부,F2375,추정,확정
setup_payoff,Q248-3,Q248,event_arcanearchive_06_e,d_main_46_af_02,event_arcanearchive,ch46,383,452,전부,F2649,확실,확정
setup_payoff,Q249-2,Q249,event_lordforjustice_04_s,d_main_44_af_03,event_lordforjustice,ch44,385,436,일부,F2444,추정,확정
setup_payoff,Q250-2,Q250,event_lordforjustice_04_s,fl:reborn_evil_13,event_lordforjustice,fl:reborn_evil,385,407,전부,F2142,확실,확정
setup_payoff,Q252-2,Q252,event_ce006_1_03_e,event_ce006_3_03_s,event_ce006,event_ce006,387,387,전부,F1995,확실,확정
setup_payoff,Q257-2,Q257,event_overthehorizon_epilogue,fl:ark_guardian_22,event_overthehorizon,fl:ark_guardian,391,428,일부,F2369,추정,확정
setup_payoff,Q261-2,Q261,fl:boom_the_ghost_27,d_main_46_af_04,fl:boom_the_ghost,ch46,393,452,전부,F2643,확실,확정
setup_payoff,Q262-2,Q262,d_main_39_07,d_main_40_03,ch39,ch40,396,398,일부,F2075,추정,확정
setup_payoff,Q263-2,Q263,d_main_39_11,d_main_40_02,ch39,ch40,396,398,일부,F2072,확실,확정
setup_payoff,Q263-3,Q263,d_main_39_11,d_main_40_02,ch39,ch40,396,398,전부,F2074,확실,확정
setup_payoff,Q264-2,Q264,d_main_39_11,d_main_41_af_04,ch39,ch41,396,414,일부,F2205,확실,확정
setup_payoff,Q264-3,Q264,d_main_39_11,d_main_43_15,ch39,ch43,396,434,일부,F2414,추정,확정
setup_payoff,Q266-2,Q266,d_main_39_11,d_main_40_04,ch39,ch40,396,398,전부,F2076,추정,확정
setup_payoff,Q267-2,Q267,d_main_39_af_03,d_main_42_af_04,ch39,ch42,396,416,일부,F2236,확실,확정
setup_payoff,Q268-2,Q268,d_main_39_af_04,event_goddessfall2_epilogue,ch39,event_goddessfall1,396,418,전부,F2317,확실,확정
setup_payoff,Q269-2,Q269,d_main_39_af_08,d_main_40_af_03,ch39,ch40,396,398,일부,F2093,확실,확정
setup_payoff,Q269-3,Q269,d_main_39_af_08,event_staranis2_04_e,ch39,event_staranis1,396,454,전부,F2698,확실,확정
setup_payoff,Q270-2,Q270,relic:정갈하게쓴기록_03,d_main_40_04,relic:정갈하게쓴기록,ch40,397,398,일부,F2076,추정,확정
setup_payoff,Q272-2,Q272,d_main_40_07,side:eden_spear_12,ch40,side:eden_spear,398,411,일부,F2172,추정,확정
setup_payoff,Q272-3,Q272,d_main_40_07,d_main_41_04,ch40,ch41,398,414,일부,F2187,확실,확정
setup_payoff,Q273-2,Q273,d_main_40_02,side:eden_spear_11,ch40,side:eden_spear,398,411,일부,F2172,추정,확정
setup_payoff,Q273-3,Q273,d_main_40_02,d_main_41_04,ch40,ch41,398,414,일부,F2187,확실,확정
setup_payoff,Q274-2,Q274,d_main_40_11,d_main_41_01,ch40,ch41,398,414,전부,F2185,확실,확정
setup_payoff,Q275-2,Q275,d_main_40_af_04,d_main_41_af_03,ch40,ch41,398,414,일부,F2203,확실,확정
setup_payoff,Q275-3,Q275,d_main_40_af_04,d_main_41_af_05,ch40,ch41,398,414,일부,F2207,확실,확정
setup_payoff,Q275-4,Q275,d_main_40_af_04,d_main_43_15,ch40,ch43,398,434,일부,F2416,추정,확정
setup_payoff,Q276-2,Q276,d_main_40_af_02,d_main_41_af_06,ch40,ch41,398,414,전부,F2209,확실,확정
setup_payoff,Q279-2,Q279,fl:coins_in_rush_16,side:pretty_star_05,fl:coins_in_rush,side:pretty_star,404,447,일부,F2548,확실,확정
setup_payoff,Q279-3,Q279,fl:coins_in_rush_16,event_staranis2_05_s,fl:coins_in_rush,event_staranis1,404,454,일부,F2701,추정,확정
setup_payoff,Q280-2,Q280,fl:coins_in_rush_20,fl:fatal_maid_04,fl:coins_in_rush,fl:fatal_maid,404,432,일부,F2389,확실,확정
setup_payoff,Q283-2,Q283,side:eden_spear_08,event_goddessfall1_02_e,side:eden_spear,event_goddessfall1,411,418,전부,F2320,확실,확정
setup_payoff,Q285-2,Q285,side:eden_spear_12,event_goddessfall1_04_s,side:eden_spear,event_goddessfall1,411,418,전부,F2277,확실,확정
setup_payoff,Q286-2,Q286,d_main_41_08,d_main_42_02,ch41,ch42,414,416,일부,F2214,확실,확정
setup_payoff,Q287-2,Q287,d_main_41_01,event_goddessfall1_04_s,ch41,event_goddessfall1,414,418,일부,F2278,추정,확정
setup_payoff,Q288-2,Q288,d_main_41_04,d_main_42_af_07,ch41,ch42,414,416,일부,F2247,추정,확정
setup_payoff,Q289-2,Q289,d_main_41_af_03,d_main_43_15,ch41,ch43,414,434,일부,F2413,확실,확정
setup_payoff,Q290-2,Q290,d_main_41_af_04,d_main_43_15,ch41,ch43,414,434,전부,F2415,확실,확정
setup_payoff,Q291-2,Q291,d_main_41_af_01,event_staranis2_03_e,ch41,event_staranis1,414,454,일부,F2695,추정,확정
setup_payoff,Q293-2,Q293,d_main_41_af_06,d_main_42_af_01,ch41,ch42,414,416,전부,F2237,확실,확정
setup_payoff,Q294-2,Q294,d_main_42_02,d_main_42_af_08,ch42,ch42,416,416,일부,F2250,추정,확정
setup_payoff,Q295-2,Q295,d_main_42_af_08,event_goddessfall1_01_s,ch42,event_goddessfall1,416,418,일부,F2260,추정,확정
setup_payoff,Q295-3,Q295,d_main_42_af_08,d_main_44_08_e,ch42,ch44,416,436,전부,F2435,확실,확정
setup_payoff,Q296-2,Q296,d_main_42_af_09,event_goddessfall2_epilogue,ch42,event_goddessfall1,416,418,전부,F2318,확실,확정
setup_payoff,Q300-2,Q300,event_goddessfall1_04_s,d_main_46_06,event_goddessfall1,ch46,418,452,일부,F2619,확실,확정
setup_payoff,Q303-2,Q303,event_goddessfall2_epilogue,d_main_46_af_08,event_goddessfall1,ch46,418,452,일부,F2657,확실,확정
setup_payoff,Q305-2,Q305,event_goddessfall1_02_e,event_goddessfall1_04_e,event_goddessfall1,event_goddessfall1,418,418,전부,F1792,확실,확정
setup_payoff,Q306-2,Q306,erelic:goddess_fall_mini_07,d_main_46_af_06,erelic:goddess_fall_mini,ch46,419,452,일부,F2649,추정,확정
setup_payoff,Q308-2,Q308,fl:blank_ticket_00,fl:terminus_ticket_26,fl:blank_ticket,fl:terminus_ticket,423,425,전부,F2356,확실,확정
setup_payoff,Q309-2,Q309,fl:ark_guardian_16,d_main_43_15,fl:ark_guardian,ch43,428,434,일부,F2410,확실,확정
setup_payoff,Q310-2,Q310,fl:ark_guardian_26,d_main_43_11,fl:ark_guardian,ch43,428,434,일부,F2400,확실,확정
setup_payoff,Q310-3,Q310,fl:ark_guardian_26,d_main_46_af_07,fl:ark_guardian,ch46,428,452,전부,F2654,확실,확정
setup_payoff,Q312-2,Q312,fl:ark_guardian_00,d_main_44_af_02,fl:ark_guardian,ch44,428,436,일부,F2440,확실,확정
setup_payoff,Q312-3,Q312,fl:ark_guardian_00,d_main_46_af_10,fl:ark_guardian,ch46,428,452,일부,F2663,확실,확정
setup_payoff,Q313-2,Q313,fl:sin_editor_14,d_main_45_11,fl:sin_editor,ch45,430,450,일부,F2606,확실,확정
setup_payoff,Q315-2,Q315,d_main_43_15,d_main_44_af_03,ch43,ch44,434,436,일부,F2443,추정,확정
setup_payoff,Q317-2,Q317,d_main_43_11,d_main_46_af_07,ch43,ch46,434,452,전부,F2654,확실,확정
setup_payoff,Q320-2,Q320,d_main_44_05,d_main_46_af_04,ch44,ch46,436,452,일부,F2643,확실,확정
setup_payoff,Q321-2,Q321,d_main_44_08_e,d_main_46_05,ch44,ch46,436,452,일부,F2617,확실,확정
setup_payoff,Q322-2,Q322,d_main_44_af_09,d_main_45_03,ch44,ch45,436,450,전부,F2576,확실,확정
setup_payoff,Q323-2,Q323,d_main_44_af_10,d_main_45_06,ch44,ch45,436,450,일부,F2609,확실,확정
setup_payoff,Q323-3,Q323,d_main_44_af_10,d_main_46_af_02,ch44,ch46,436,452,일부,F2651,확실,확정
setup_payoff,Q328-2,Q328,fl:2x2_love_1ch_21,fl:2x2_love_1ch_24,fl:2x2_love_1ch,fl:2x2_love_1ch,444,444,전부,F2517,확실,확정
setup_payoff,Q329-2,Q329,fl:2x2_love_1ch_25,fl:2x2_love_2ch_01,fl:2x2_love_1ch,fl:2x2_love_2ch,444,445,일부,F2524,추정,확정
setup_payoff,Q329-3,Q329,fl:2x2_love_1ch_25,fl:2x2_love_2ch_47,fl:2x2_love_1ch,fl:2x2_love_2ch,444,445,전부,F2534,확실,확정
setup_payoff,Q330-2,Q330,fl:2x2_love_2ch_18,fl:2x2_love_2ch_01,fl:2x2_love_2ch,fl:2x2_love_2ch,445,445,일부,F2524,추정,확정
setup_payoff,Q331-2,Q331,side:pretty_star_13,event_staranis1_03_s,side:pretty_star,event_staranis1,447,454,전부,F2675,추정,확정
setup_payoff,Q335-2,Q335,d_main_45_01,d_main_46_03,ch45,ch46,450,452,전부,F2615,확실,확정
setup_payoff,Q336-2,Q336,d_main_45_01,d_main_46_08,ch45,ch46,450,452,전부,F2624,확실,확정
setup_payoff,Q340-2,Q340,d_main_45_11,d_main_46_af_08,ch45,ch46,450,452,일부,F2657,확실,확정
setup_payoff,Q343-2,Q343,d_main_46_11,d_main_48_07,ch46,ch48,452,472,일부,F2843,추정,확정
setup_payoff,Q344-2,Q344,d_main_46_af_01,d_main_48_05,ch46,ch48,452,472,일부,F2836,확실,확정
setup_payoff,Q348-2,Q348,event_staranis1_06_s,event_staranis2_03_s,event_staranis1,event_staranis1,454,454,전부,F2694,확실,확정
setup_payoff,Q349-2,Q349,event_staranis1_06_e,event_staranis2_01_e,event_staranis1,event_staranis1,454,454,전부,F2690,확실,확정
setup_payoff,Q354-2,Q354,fl:ark_ranger_26,d_main_47_05,fl:ark_ranger,ch47,462,470,일부,F2814,추정,확정
setup_payoff,Q363-2,Q363,d_main_47_04,d_main_47_04,ch47,ch47,470,470,전부,F1239,추정,확정
setup_payoff,Q364-2,Q364,d_main_47_02,d_main_48_05,ch47,ch48,470,472,일부,F2835,확실,확정
setup_payoff,Q364-3,Q364,d_main_47_02,d_main_48_06_e,ch47,ch48,470,472,일부,F2838,추정,확정
