order,unit,kind,scenes,persons,terms,new_persons,new_terms,unknown_lines
1,ch00,메인,5,4,9,4,9,0
2,ch01,메인,12,8,15,4,10,0
3,ch02,메인,14,11,17,3,8,0
4,sub:칠리페퍼_00,서브퀘스트,1,5,3,1,0,0
5,sub:테트라_커넥트_00,서브퀘스트,1,4,8,0,3,0
6,ch03,메인,7,9,8,1,0,0
7,sub:세르반_00,서브퀘스트,1,5,3,1,1,0
8,ch04,메인,20,18,19,6,7,10
9,ch05,메인,14,8,11,2,2,0
10,sub:중앙_정부_공식__00,서브퀘스트,1,5,5,1,0,0
11,ch06,메인,9,11,9,3,1,4
12,relic:어느남자의수기,유실물,3,0,1,0,0,0
13,sub:콜렉터_00,서브퀘스트,1,5,6,1,1,0
14,sub:콜렉터_01,서브퀘스트,1,5,8,0,3,0
15,relic:생존가이드1,유실물,5,0,1,0,0,0
16,relic:통화기록017515,유실물,4,0,0,0,0,0
17,relic:방주추첨권,유실물,4,0,2,0,1,0
18,sub:트레저_헌터_00,서브퀘스트,1,5,3,1,1,0
19,sub:트레저_헌터_01,서브퀘스트,1,5,4,0,1,0
20,sub:트레저_헌터_02,서브퀘스트,1,5,4,0,0,0
21,sub:트레저_헌터_03,서브퀘스트,1,5,4,0,0,0
22,sub:이례의_기록자_00,서브퀘스트,1,5,5,1,1,0
23,sub:랩칠리언_00,서브퀘스트,1,5,3,1,0,0
24,sub:랩칠리언_01,서브퀘스트,1,5,3,0,0,0
25,sub:랩칠리언_02,서브퀘스트,1,5,1,0,0,0
26,sub:랩칠리언_03,서브퀘스트,1,4,3,2,0,0
27,sub:랩칠리언_04,서브퀘스트,1,6,8,1,2,0
28,sub:랩칠리언_05,서브퀘스트,1,9,4,0,0,0
29,sub:랩칠리언_06,서브퀘스트,1,11,8,2,3,1
30,sub:할아범_00,서브퀘스트,1,5,2,1,0,0
31,relic:갓데스스쿼드리포트,유실물,5,0,3,0,2,0
32,sub:고스트_00,서브퀘스트,1,6,4,1,1,0
33,sub:시리얼_00,서브퀘스트,1,5,1,1,0,0
34,sub:시리얼_01,서브퀘스트,1,5,4,0,0,0
35,sub:산해진미_00,서브퀘스트,1,5,5,1,2,0
36,sub:산해진미_01,서브퀘스트,1,6,4,1,1,0
37,relic:니케실험대상자모집,유실물,3,0,1,0,0,0
38,relic:통화기록028594,유실물,3,2,3,2,1,0
39,sub:세르반_01,서브퀘스트,1,5,5,0,0,1
40,sub:저스틴_00,서브퀘스트,1,5,7,1,1,0
41,relic:니케실험반대피켓,유실물,3,0,4,0,0,0
42,ch07,메인,12,14,14,2,1,16
43,sub:중앙_정부_공식__01,서브퀘스트,1,5,4,0,0,0
44,sub:세르반_02,서브퀘스트,1,4,7,0,2,0
45,sub:스페이드_00,서브퀘스트,1,5,5,1,0,0
46,sub:러블리_드림_00,서브퀘스트,1,6,5,1,0,0
47,sub:러블리_드림_01,서브퀘스트,1,5,5,0,0,0
48,relic:채팅로그_얼리어답터,유실물,5,0,0,0,0,0
49,d_ex_elevator_01,그 밖,1,4,8,0,1,9
50,ch08,메인,8,7,12,0,1,0
51,sub:칠리페퍼_01,서브퀘스트,1,5,4,0,0,0
52,sub:든_셀_00,서브퀘스트,1,8,3,3,0,0
53,relic:광고팜플렛,유실물,4,0,2,0,0,0
54,relic:UFO챈.zip,유실물,3,0,1,0,0,0
55,ch09,메인,15,14,27,3,5,0
56,sub:테디_00,서브퀘스트,1,5,4,1,0,0
57,sub:미실리스_연구팀_00,서브퀘스트,1,7,4,3,0,1
58,sub:미실리스_연구팀_01,서브퀘스트,1,7,6,0,0,0
59,sub:미실리스_연구팀_02,서브퀘스트,1,8,3,1,0,0
60,sub:미실리스_연구팀_03,서브퀘스트,1,7,4,0,1,0
61,relic:지휘관모집공고,유실물,3,1,0,0,0,0
62,ch10,메인,7,10,12,0,0,0
63,sub:코리_00,서브퀘스트,1,5,2,1,0,0
64,sub:롬_00,서브퀘스트,1,5,2,1,0,0
65,sub:롬_01,서브퀘스트,1,5,5,0,1,0
66,sub:롬_02,서브퀘스트,1,5,7,0,0,0
67,relic:어느소녀의수기,유실물,5,0,1,0,0,0
68,ch11,메인,7,13,12,3,0,0
69,sub:음악_애호가_00,서브퀘스트,1,7,3,3,1,0
70,sub:음악_애호가_01,서브퀘스트,1,7,1,0,0,0
71,relic:기업-랩쳐음모론,유실물,5,0,5,0,0,0
72,relic:구시대의플레이리스트,유실물,3,0,2,0,0,0
73,ch12,메인,14,26,26,4,4,0
74,sub:숲속요정_00,서브퀘스트,1,5,8,1,0,0
75,relic:어느의사의수기,유실물,4,0,2,0,0,0
76,ch13,메인,18,24,24,6,3,0
77,sub:세르반_03,서브퀘스트,1,7,7,1,0,0
78,sub:철도로GO_00,서브퀘스트,1,5,4,1,1,0
79,relic:여자친구의편지,유실물,5,0,0,0,0,0
80,ch14,메인,19,21,19,3,0,0
81,sub:칠리페퍼_02,서브퀘스트,1,5,2,0,0,0
82,sub:알콜러버_00,서브퀘스트,1,6,2,1,0,0
83,relic:기후변화보고서,유실물,5,1,0,1,0,0
84,relic:인터넷BJ라이브방송녹화분,유실물,3,0,0,0,0,0
85,ch15,메인,14,15,23,3,1,0
86,relic:종말의서,유실물,3,0,0,0,0,0
87,ch16,메인,19,19,28,5,3,0
88,sub:방주_난민_00,서브퀘스트,1,5,4,1,0,2
89,sub:방주_난민_01,서브퀘스트,1,5,3,0,0,0
90,sub:방주_난민_02,서브퀘스트,1,5,4,0,0,0
91,sub:방주_난민_03,서브퀘스트,1,5,4,0,0,0
92,relic:장보기목록,유실물,4,1,0,0,0,0
93,char:180,호감도,5,7,10,2,1,2
94,char:11,호감도,5,13,7,2,1,0
95,char:212,호감도,5,7,14,0,2,5
96,char:232,호감도,5,7,12,2,2,0
97,char:430,호감도,5,8,4,3,0,0
98,char:20,호감도,5,10,14,1,0,3
99,char:202,호감도,5,6,17,0,0,5
100,char:101,호감도,5,9,14,1,1,0
101,char:72,호감도,5,9,12,1,1,4
102,char:221,호감도,5,10,12,2,2,2
103,char:10,호감도,5,4,11,0,0,0
104,char:190,호감도,5,4,7,0,0,7
105,char:200,호감도,5,5,10,0,1,10
106,char:82,호감도,5,11,7,1,0,0
107,char:102,호감도,5,5,9,1,0,0
108,char:130,호감도,5,6,6,0,0,12
109,char:181,호감도,5,9,10,3,0,3
110,char:32,호감도,5,4,6,1,0,2
111,char:61,호감도,5,8,7,2,0,0
112,char:161,호감도,5,16,5,1,0,2
113,char:141,호감도,5,6,13,0,2,0
114,char:91,호감도,5,11,12,1,1,0
115,char:60,호감도,5,6,2,0,0,0
116,char:431,호감도,5,6,2,0,0,0
117,char:70,호감도,5,4,7,0,0,3
118,char:80,호감도,5,6,11,0,0,1
119,char:71,호감도,5,5,3,0,0,8
120,char:140,호감도,5,11,9,0,0,2
121,char:220,호감도,5,5,7,0,1,0
122,char:22,호감도,5,12,5,5,0,3
123,char:12,호감도,5,5,25,0,1,0
124,char:432,호감도,5,6,3,1,0,2
125,char:172,호감도,5,9,7,0,1,10
126,char:191,호감도,5,6,3,0,0,5
127,char:201,호감도,5,10,11,0,0,6
128,char:291,호감도,5,5,10,1,0,7
129,char:241,호감도,5,6,7,1,2,4
130,char:210,호감도,5,11,8,0,0,4
131,char:90,호감도,5,15,13,0,1,20
132,char:160,호감도,5,16,5,0,0,0
133,char:150,호감도,5,7,8,0,0,9
134,char:171,호감도,5,9,5,1,0,3
135,char:92,호감도,5,10,16,5,0,0
136,char:231,호감도,5,6,7,2,0,8
137,char:110,호감도,5,9,15,0,2,0
138,char:131,호감도,5,6,4,0,0,2
139,char:30,호감도,5,6,12,0,1,3
140,char:242,호감도,5,5,3,1,0,1
141,char:170,호감도,5,10,12,0,0,0
142,char:142,호감도,5,10,8,1,0,0
143,char:230,호감도,5,3,6,0,0,0
144,char:222,호감도,5,7,9,0,0,0
145,char:120,호감도,5,7,6,1,1,3
146,event_nocallerid,이벤트,13,8,7,0,1,0
147,char:352,호감도,5,10,15,3,2,0
148,ch17,메인,19,27,21,3,1,0
149,sub:제니퍼f_00,서브퀘스트,1,6,5,2,1,0
150,relic:모바일_보이스피싱_광고_모음.zip,유실물,4,0,2,0,0,0
151,relic:니케제작보고서요약본,유실물,3,1,0,1,0,0
152,ch18,메인,20,21,18,0,1,5
153,sub:테트라_커넥트_01,서브퀘스트,1,6,7,0,0,0
154,sub:중앙_정부_공식__02,서브퀘스트,1,5,6,0,0,0
155,sub:김작가_00,서브퀘스트,1,5,3,1,0,0
156,relic:XX중학교가정통신문,유실물,3,0,0,0,0,0
157,event_hightechtoy,이벤트,15,7,16,0,1,2
158,char:100,호감도,5,6,7,0,1,3
159,event_miraclesnow1,이벤트,28,21,16,1,0,8
160,char:193,호감도,5,7,5,1,0,0
161,char:203,호감도,5,10,7,1,0,0
162,char:121,호감도,5,10,4,0,0,4
163,event_brandnewyear,이벤트,15,9,5,0,0,0
164,char:260,호감도,5,8,6,0,0,0
165,ch19,메인,11,17,14,2,0,6
166,sub:데이파라_00,서브퀘스트,1,5,5,1,1,0
167,relic:데일리아크기사스크랩,유실물,5,4,12,1,1,0
168,ch20,메인,15,21,15,1,2,2
169,sub:로망티스트_00,서브퀘스트,1,5,2,1,0,0
170,relic:jonathan_report,유실물,5,0,7,0,0,0
171,event_doutsiders,이벤트,12,8,21,1,1,14
172,char:400,호감도,5,8,5,1,0,0
173,char:401,호감도,5,9,7,3,1,2
174,char:111,호감도,5,8,6,0,0,0
175,char:402,호감도,5,4,3,0,0,0
176,char:112,호감도,5,7,12,0,0,0
177,event_maidinvalentine,이벤트,15,11,6,4,2,1
178,char:311,호감도,5,15,9,5,1,4
179,char:312,호감도,5,4,1,0,0,1
180,char:800,호감도,5,6,19,1,2,0
181,char:801,호감도,5,9,7,1,1,0
182,char:802,호감도,5,7,8,2,0,0
183,event_bowwowparadise,이벤트,15,17,6,11,1,3
184,char:381,호감도,5,9,6,1,1,0
185,event_cherryblossom,이벤트,15,9,20,2,3,7
186,char:261,호감도,5,12,13,1,0,3
187,char:282,호감도,5,5,12,2,0,0
188,event_fullfoolday,이벤트,12,24,10,0,0,0
189,event_ltk,이벤트,15,4,11,0,1,0
190,char:40,호감도,5,7,8,1,0,3
191,ch21,메인,21,19,21,0,0,0
192,sub:에덴_Notice_00,서브퀘스트,1,7,7,0,0,0
193,sub:에덴_Notice_01,서브퀘스트,1,7,4,0,0,0
194,sub:에덴_Notice_02,서브퀘스트,1,10,1,0,0,0
195,relic:특이랩쳐보고서-전,유실물,5,0,1,0,0,0
196,relic:특이랩쳐보고서-후,유실물,4,1,2,0,0,0
197,ch22,메인,17,29,36,6,2,0
198,sub:문구점_00,서브퀘스트,1,5,2,1,0,0
199,sub:중앙정부_트라이앵글_00,서브퀘스트,1,8,9,0,0,0
200,sub:2호_쉘터_관리계정_00,서브퀘스트,1,5,1,0,0,0
201,sub:할아범_01,서브퀘스트,1,5,3,0,0,0
202,relic:에닉탄핵포스터,유실물,5,1,3,0,0,0
203,event_overzone,이벤트,28,12,17,3,1,89
204,erelic:white_memory,유실물,21,6,4,0,0,0
205,char:233,호감도,5,8,10,0,0,0
206,char:392,호감도,5,11,6,5,0,0
207,event_BunnyX777,이벤트,15,17,6,0,0,0
208,char:270,호감도,5,9,5,0,0,0
209,char:271,호감도,5,5,2,0,0,1
210,event_queensorder,이벤트,15,8,13,0,0,6
211,char:280,호감도,5,4,13,0,0,2
212,event_bluewaterisland,이벤트,28,21,22,1,1,16
213,char:132,호감도,5,9,6,0,0,0
214,char:14,호감도,5,7,4,0,0,0
215,event_nyanyaparadise,이벤트,15,8,3,1,0,0
216,char:380,호감도,5,4,3,0,0,0
217,ch23,메인,23,33,35,2,2,0
218,sub:상인연합_달란트_00,서브퀘스트,1,7,2,0,0,0
219,sub:콜렉터_02,서브퀘스트,1,4,3,0,0,0
220,relic:필그림조우보고서,유실물,5,0,7,0,0,0
221,ch24,메인,22,33,35,0,1,0
222,sub:해결사_카페_스위티_00,서브퀘스트,1,8,4,0,0,0
223,relic:긴급뉴스대본_FB_3_final_2.pdf,유실물,5,0,5,0,0,0
224,event_goldenship,이벤트,15,12,8,2,0,5
225,char:350,호감도,5,6,3,1,0,7
226,event_seayouagain1,이벤트,28,18,18,0,1,0
227,char:15,호감도,5,4,2,0,0,0
228,char:351,호감도,5,8,13,0,0,5
229,char:353,호감도,5,16,5,0,0,0
230,event_firstaffection,이벤트,8,14,5,0,0,0
231,char:810,호감도,5,9,9,5,2,0
232,char:812,호감도,5,1,5,1,0,2
233,char:811,호감도,5,2,2,2,0,0
234,event_schooloflock,이벤트,15,18,14,5,0,11
235,char:321,호감도,5,11,0,1,0,0
236,event_dazzlingcupid,이벤트,15,9,3,0,0,3
237,char:450,호감도,5,4,4,0,0,0
238,char:451,호감도,5,13,2,0,0,0
239,event_freezeacpu,이벤트,15,13,8,3,0,12
240,char:33,호감도,5,11,6,0,0,0
241,ch25,메인,16,22,22,0,0,0
242,sub:중앙정부_프로토콜_00,서브퀘스트,1,6,2,0,0,0
243,relic:마더웨일아종목격보고.wav,유실물,4,0,3,0,0,0
244,ch26,메인,18,22,22,0,1,0
245,sub:로망티스트_01,서브퀘스트,1,5,2,0,0,0
246,sub:코인_러시_00,서브퀘스트,1,6,5,0,0,0
247,relic:저주받은보석,유실물,5,0,4,0,0,0
248,event_redash,이벤트,28,17,22,3,3,0
249,erelic:red_ash_lost,유실물,21,9,9,1,0,21
250,erelic:red_ash_mini,유실물,9,9,3,0,0,23
251,char:470,호감도,5,9,12,0,0,0
252,char:224,호감도,5,5,4,0,0,0
253,event_alonesurvivor,이벤트,15,5,12,1,1,0
254,char:192,호감도,5,5,6,0,0,0
255,event_neverland1,이벤트,28,21,20,0,2,2
256,char:194,호감도,5,5,6,0,0,6
257,char:62,호감도,5,7,1,0,0,0
258,event_newyearnewsword,이벤트,15,8,20,1,1,6
259,char:225,호감도,5,8,3,0,0,0
260,event_lionheart,이벤트,15,9,7,1,1,2
261,char:382,호감도,5,5,4,0,0,0
262,event_dirtybackyard,이벤트,15,8,8,1,2,0
263,char:281,호감도,5,19,5,0,0,1
264,event_perfectmaid,이벤트,15,8,10,0,0,2
265,char:313,호감도,5,5,0,0,0,0
266,char:310,호감도,5,4,3,0,0,0
267,ch27,메인,16,17,27,5,7,0
268,sub:피라_00,서브퀘스트,1,4,1,1,0,0
269,sub:피라_01,서브퀘스트,1,4,3,0,0,0
270,sub:피라_02,서브퀘스트,1,5,6,0,0,1
271,sub:트윙클_00,서브퀘스트,1,5,7,1,0,0
272,relic:잘지내라친구,유실물,4,0,3,0,0,0
273,ch28,메인,18,13,17,2,0,0
274,sub:택틱컬틱택_00,서브퀘스트,1,6,6,1,0,0
275,sub:택틱컬틱택_01,서브퀘스트,1,8,5,0,0,0
276,sub:핸섬_커맨더_00,서브퀘스트,1,8,4,2,0,0
277,sub:핸섬_커맨더_01,서브퀘스트,1,6,3,0,0,0
278,sub:MMR지킴이_00,서브퀘스트,1,7,4,1,0,0
279,relic:조난일지,유실물,4,1,1,0,0,0
280,event_boomsday,이벤트,15,8,12,3,1,0
281,char:500,호감도,5,11,4,0,0,0
282,event_killthelord,이벤트,15,11,15,1,1,3
283,char:43,호감도,5,8,6,0,0,0
284,char:822,호감도,5,5,1,1,0,0
285,char:821,호감도,5,7,2,1,0,0
286,char:820,호감도,5,7,3,0,0,0
287,event_liarsend,이벤트,12,29,7,0,0,1
288,side:second_affection,사이드,17,12,11,0,0,0
289,event_onemoretime,이벤트,15,17,7,2,1,1
290,char:550,호감도,5,4,4,0,0,0
291,ch29,메인,20,17,22,1,1,0
292,relic:반드시사수하라,유실물,5,1,4,0,1,0
293,ch30,메인,18,21,31,1,0,0
294,relic:하모니큐브관찰일지,유실물,4,0,3,0,0,0
295,event_lastkingdom1,이벤트,39,15,21,3,3,0
296,char:330,호감도,5,7,7,0,0,0
297,char:361,호감도,5,9,13,0,0,0
298,event_darkhero,이벤트,15,14,21,0,0,0
299,char:501,호감도,5,12,5,0,0,0
300,event_goldencoinrush1,이벤트,38,26,10,1,0,2
301,char:314,호감도,5,5,1,0,0,0
302,char:195,호감도,5,11,4,0,0,0
303,event_claymore,이벤트,15,8,9,0,0,6
304,char:551,호감도,5,12,3,0,0,1
305,event_beautyfullshot1,이벤트,28,16,21,0,2,0
306,char:284,호감도,5,8,3,0,0,0
307,char:283,호감도,5,6,3,0,0,0
308,ch31,메인,13,18,21,1,3,0
309,relic:말뚝프로젝트보고서,유실물,4,0,2,0,0,0
310,ch32,메인,15,23,25,2,2,3
311,sub:관짝이_00,서브퀘스트,1,12,3,0,0,0
312,sub:거울_공주_00,서브퀘스트,1,9,5,1,0,0
313,sub:관짝이_01,서브퀘스트,1,10,7,0,0,0
314,sub:관짝이_02,서브퀘스트,1,10,3,0,0,0
315,sub:거울_공주_01,서브퀘스트,1,11,4,0,0,0
316,relic:수정지역깊은곳어딘가,유실물,4,0,1,0,0,0
317,event_juveniledays,이벤트,15,11,3,0,0,0
318,char:391,호감도,5,6,2,0,0,0
319,event_colorless,이벤트,15,14,10,0,0,4
320,char:390,호감도,5,12,6,0,0,0
321,char:833,호감도,5,2,3,1,0,0
322,char:830,호감도,5,3,5,1,0,0
323,char:831,호감도,5,4,2,1,0,0
324,char:832,호감도,5,8,3,1,0,0
325,event_jinxplayer,이벤트,15,7,3,0,0,2
326,event_nonsensered,이벤트,7,12,3,0,0,0
327,char:272,호감도,5,5,1,0,0,0
328,event_phantomthiefvsdetective,이벤트,15,7,3,1,0,8
329,char:403,호감도,5,12,3,0,0,2
330,char:580,호감도,5,3,8,0,0,0
331,side:wordless,사이드,14,12,20,1,0,10
332,event_lifeagain,이벤트,15,7,6,1,0,0
333,char:240,호감도,5,7,3,0,0,0
334,ch33,메인,13,27,26,1,1,0
335,relic:소녀의일기-절망편-,유실물,4,0,2,0,0,0
336,ch34,메인,15,27,23,4,2,0
337,relic:충격다크매터란무엇인가,유실물,4,0,3,0,0,0
338,event_oldtales1,이벤트,28,20,21,2,1,0
339,erelic:old_tales_dialog,유실물,19,8,6,0,0,0
340,erelic:old_tales_lost,유실물,15,3,8,0,0,0
341,erelic:old_tales_mini_memory,유실물,40,9,9,0,0,0
342,char:226,호감도,5,8,8,0,0,0
343,char:511,호감도,5,10,5,0,0,0
344,char:514,호감도,5,9,7,0,0,0
345,event_secretgarden,이벤트,15,15,10,1,1,0
346,char:411,호감도,5,3,3,0,0,0
347,event_icedragonsaga1,이벤트,28,30,21,1,1,3
348,char:183,호감도,5,13,2,0,0,0
349,char:182,호감도,5,21,5,0,0,1
350,event_footstepwalkrun1,이벤트,28,17,33,5,3,0
351,event_outofuniform,이벤트,6,18,4,0,0,0
352,char:16,호감도,5,7,4,0,0,0
353,event_wisdomspring,이벤트,15,11,12,0,1,9
354,char:290,호감도,5,9,7,0,1,1
355,event_romanticvalentine,이벤트,15,20,15,0,0,15
356,char:354,호감도,5,6,7,0,0,1
357,char:355,호감도,5,10,3,0,0,0
358,ch35,메인,19,35,35,1,0,0
359,relic:알관련전달사항,유실물,4,0,2,0,1,0
360,ch36,메인,13,25,24,2,1,0
361,relic:할일목록,유실물,4,0,1,0,0,0
362,char:836,호감도,5,4,3,1,0,0
363,char:835,호감도,5,6,3,0,0,0
364,char:834,호감도,5,5,2,1,0,0
365,fl:for_rest,이벤트,15,22,13,1,1,29
366,char:412,호감도,5,6,3,0,0,5
367,event_newflavor,이벤트,15,9,9,1,1,0
368,char:520,호감도,5,6,0,0,0,0
369,event_foolburstday,이벤트,16,22,8,1,0,0
370,side:mudfish,사이드,16,12,11,0,0,1
371,event_trueflavor,이벤트,15,14,2,0,0,1
372,char:521,호감도,5,4,6,0,0,0
373,ch37,메인,11,26,24,1,0,0
374,relic:주워갈것들메모,유실물,4,0,2,0,0,0
375,ch38,메인,13,27,25,2,0,0
376,relic:은색액체,유실물,4,0,2,0,0,0
377,event_unbreakablesphere1,이벤트,28,19,27,1,0,9
378,erelic:unbreakable_sphere_dialog,유실물,22,13,3,0,0,0
379,erelic:unbreakable_sphere_lost,유실물,4,4,2,0,0,0
380,char:513,호감도,5,7,5,0,0,8
381,char:590,호감도,5,7,8,0,0,6
382,char:162,호감도,5,8,5,0,0,6
383,event_arcanearchive,이벤트,15,20,25,3,1,0
384,char:581,호감도,5,3,10,0,0,0
385,event_lordforjustice,이벤트,15,14,17,3,0,14
386,char:41,호감도,5,5,5,0,0,0
387,event_ce006,이벤트,34,23,25,4,1,0
388,char:852,호감도,5,4,5,0,0,0
389,char:850,호감도,5,8,7,0,0,0
390,char:851,호감도,5,2,5,0,0,0
391,event_overthehorizon,이벤트,15,8,18,1,2,4
392,char:532,호감도,5,2,5,0,0,0
393,fl:boom_the_ghost,이벤트,28,28,27,7,1,15
394,char:234,호감도,5,1,0,0,0,0
395,char:502,호감도,5,10,3,0,0,0
396,ch39,메인,19,36,39,4,2,0
397,relic:정갈하게쓴기록,유실물,4,1,6,0,0,0
398,ch40,메인,19,40,32,2,2,0
399,relic:어떤소녀의그림일기,유실물,4,0,0,0,0,0
400,fl:absolute,이벤트,28,24,29,0,1,1
401,char:93,호감도,5,2,0,0,0,2
402,char:95,호감도,5,5,6,0,0,0
403,char:94,호감도,5,7,0,0,0,6
404,fl:coins_in_rush,이벤트,28,14,14,1,1,28
405,char:315,호감도,5,4,4,0,0,0
406,char:143,호감도,5,8,5,0,0,0
407,fl:reborn_evil,이벤트,28,16,21,4,4,49
408,char:840,호감도,5,7,10,0,0,0
409,char:842,호감도,5,6,6,0,0,0
410,char:841,호감도,5,4,9,0,0,0
411,side:eden_spear,사이드,13,26,15,0,0,0
412,fl:go_ninja_thief,이벤트,15,9,7,0,0,0
413,char:23,호감도,5,5,3,0,0,6
414,ch41,메인,16,47,38,3,1,0
415,relic:거꾸로적힌기록,유실물,4,4,0,0,0,0
416,ch42,메인,17,50,44,0,2,0
417,relic:주의용광로사용법,유실물,4,2,3,0,0,0
418,event_goddessfall1,이벤트,28,30,32,0,0,0
419,erelic:goddess_fall_mini,유실물,13,10,18,0,0,0
420,char:223,호감도,5,9,9,0,0,0
421,char:331,호감도,5,11,6,0,0,0
422,char:262,호감도,5,4,5,0,0,0
423,fl:blank_ticket,이벤트,15,7,8,1,0,0
424,char:74,호감도,5,4,2,0,0,2
425,fl:terminus_ticket,이벤트,28,14,7,1,0,0
426,char:75,호감도,5,7,3,0,0,11
427,char:73,호감도,5,4,3,0,0,0
428,fl:ark_guardian,이벤트,28,28,34,0,1,0
429,char:471,호감도,5,8,6,0,0,0
430,fl:sin_editor,이벤트,15,6,10,0,0,14
431,char:582,호감도,5,4,3,0,0,1
432,fl:fatal_maid,이벤트,15,14,11,1,0,3
433,char:316,호감도,5,2,0,0,0,0
434,ch43,메인,15,13,20,4,0,16
435,relic:아무한테나말해주는거아니야.wav,유실물,4,0,2,0,0,0
436,ch44,메인,19,62,58,1,0,0
437,relic:거인을찾아서,유실물,4,0,5,0,0,0
438,fl:lie_cause_recoil,이벤트,28,15,12,4,0,34
439,char:860,호감도,5,7,3,0,0,0
440,char:862,호감도,5,5,0,0,0,0
441,char:861,호감도,5,6,0,0,0,0
442,fl:enter_heaven,이벤트,15,10,18,2,0,6
443,char:113,호감도,5,4,5,0,0,0
444,fl:2x2_love_1ch,이벤트,54,14,11,1,0,1
445,fl:2x2_love_2ch,이벤트,63,24,9,1,0,9
446,char:583,호감도,5,3,2,0,0,0
447,side:pretty_star,사이드,15,14,22,2,1,0
448,fl:good_world,이벤트,15,9,20,4,2,16
449,char:620,호감도,5,3,1,0,0,0
450,ch45,메인,11,41,43,0,0,0
451,relic:신에게닿기위한탑,유실물,4,0,5,0,0,0
452,ch46,메인,21,51,46,2,1,0
453,relic:궤도엘리베이터음모론,유실물,4,0,8,0,0,0
454,event_staranis1,이벤트,28,18,24,4,1,0
455,char:17,호감도,5,2,7,0,0,2
456,char:441,호감도,5,6,7,0,0,0
457,char:18,호감도,5,2,4,0,0,0
458,fl:b-side_idol,이벤트,15,13,6,1,0,0
459,char:600,호감도,5,4,0,0,0,0
460,fl:bitter_spice,이벤트,15,7,2,0,0,0
461,char:601,호감도,5,6,0,0,0,0
462,fl:ark_ranger,이벤트,28,30,39,4,0,1
463,char:570,호감도,5,5,6,0,0,0
464,fl:wave_to_you,이벤트,28,20,10,4,1,0
465,char:515,호감도,5,5,2,0,0,0
466,char:322,호감도,5,10,0,0,0,0
467,fl:project_matis,이벤트,28,14,25,2,0,4
468,char:103,호감도,5,6,1,1,0,0
469,char:105,호감도,5,4,7,0,0,0
470,ch47,메인,7,40,44,0,0,0
471,relic:승리를_부르는_그림자,유실물,4,0,4,0,0,0
472,ch48,메인,8,36,26,0,1,12
473,relic:불길한_소리.wav,유실물,4,0,4,0,0,0
474,fl:persona_on_frontline,이벤트,28,32,17,6,0,70
475,char:872,호감도,5,11,2,0,0,0
476,char:870,호감도,5,11,5,0,0,0
477,char:871,호감도,5,12,10,0,0,0
478,fl:great_villain_union,이벤트,15,19,10,0,0,2
479,char:104,호감도,5,2,4,0,0,0
480,char:404,호감도,5,10,7,0,0,0
481,char:405,호감도,5,7,5,0,0,0
