id,topic,unit,order,scene,about,points,text,confidence,status
U2,방주 사회,ch01,2,d_main_01_04_e,concept:니케,,"니케는 스스로를 '피도 눈물도 없는 전투 병기'라 말하며, 지휘관이 있는 자리에서도 오작동 메인터넌스를 위해 옷을 벗는 것을 대수롭지 않게 여긴다",확실,확정
U1,기술,ch01,2,d_main_01af_03,place:시뮬레이션_룸 place:방주,,"방주 기술의 결정체라는 시뮬레이션 룸은 돌발 상황과 랩쳐 전투까지 현실과 같게 재현해, 지휘관 · 니케 스쿼드의 전투력 테스트에 쓴다",확실,확정
U4,기술,ch02,3,d_main_02_01,place:방주 place:지상,,"방주의 하늘은 지직거리는 인공 하늘이라, 처음 지상에 나온 니케는 넓고 지직거리지 않는 하늘을 낯설어한다",확실,확정
U5,기술,ch02,3,d_main_02_01,concept:에블라_입자 person:시프티,,오퍼레이터는 방주에서 지상 작전 지역을 스캔하고 에블라 입자를 정화해 농도를 낮춘 뒤 길을 찾아 준다,확실,확정
U6,지상,ch02,3,d_main_02_02,concept:니케 place:지상,,지상에 나온 니케들 사이에는 '아.'를 단독으로 쓰지 않는 불문율이 있다 — 랩쳐 발견 신호로 들리기 때문이다,확실,확정
U7,기술,ch02,3,d_main_02_03,item:커넥팅_디바이스 person:지휘관,,"지휘관의 핸드폰에는 선을 잡아당겨 지상 기계의 포트에 꽂는 커넥팅 디바이스가 있어, 오퍼레이터가 원격으로 지상 기계를 조종한다",확실,확정
U10,경제,ch02,3,d_main_02_05,place:방주,F33 F37,"방주는 에너지가 빠듯해, 버려진 바닷가 도시의 발전소 하나가 방주의 모든 시설을 두 달 돌릴 살림이다",확실,확정
U8,방주 사회,ch02,3,d_main_02_07,concept:니케 person:지휘관,,"보통 지휘관은 니케를 병기로 여겨 화력으로 밀어붙이는 것을 좋아하고, 자기 몸은 진흙만 튀어도 난리를 피운다",확실,확정
U9,전초기지,ch02,3,d_main_02af_03,place:전초기지,,"막 배속된 전초 기지는 사람도 시설도 없는 황무지로, 니케 숙소는 창고 같고 먹을 것은 유통기한이 간당간당한 통조림 · 전투식량이며 샤워 물도 안 나온다 — 지휘관실만 넓고 소파 · 샤워가 갖춰져 있다",확실,확정
U11,방주 사회,sub:칠리페퍼_00,4,sub:칠리페퍼_00,place:사관학교 place:방주,F48,"사관학교 졸업생은 니케를 부리는 엘리트라 방주 사람들이 주시하고, 졸업과 동시에 개인 정보가 헐값에 팔려 이런저런 사람이 연락해 온다",확실,확정
U15,일상 · 문화,sub:테트라_커넥트_00,5,sub:테트라_커넥트_00,org:테트라_커넥트 concept:니케,F50 F53,"방주의 엔터테인먼트는 니케의 죽음을 '덧없는 아름다움'으로 포장한 헌정 프로그램을 만들며, 시청자의 안타까움을 끌어내려고 최대한 비참한 사망 장면과 죽을 니케의 사전 인터뷰를 원한다",확실,확정
U18,방주 사회,ch03,6,d_main_03_03,person:지휘관 org:3대_기업,F58 F59 F43-2,"지휘관은 첫 작전에서 열에 일곱이 죽어, 살아남은 쓸 만한 지휘관은 3대 회사 CEO에게 거부할 수 없는 비밀 작전으로 일회용처럼 불려 다닌다",확실,확정
U19,방주 사회,sub:세르반_00,7,sub:세르반_00,person:세르반 place:방주,F66 F68,"방주의 로열 계층은 지위 있는 사람이 일을 했으면 그만한 성과가 있어야 한다는 세간의 믿음 때문에, 인맥과 재력으로 지상의 남의 훈장을 사서라도 공적을 꾸민다",확실,확정
U21,방주 사회,ch04,8,d_main_04af_03,person:에닉 place:방주,F78,"에닉이 과거 사례와의 일치율로 내린 판결은 억울해도 뒤집을 수 없고, 니케들은 그것이 방주를 지탱한다며 기억 소거까지 받아들인다",확실,확정
U22,방주 사회,ch04,8,d_main_04af_05,place:아우터_림 person:지휘관,,"니케의 잘못은 명령한 지휘관이 책임지고, 들키면 지휘관은 파직되거나 최악에는 아우터 림으로 쫓겨난다 — 니케는 붙잡히면 뇌를 태워 비밀을 지킨다는 말이 농담처럼 오간다",확실,확정
U26,방주 사회,ch05,9,d_main_05_02,place:방주,,"방주에서 태어난 사람은 진짜 눈을 본 적이 없다 — 인공 눈만 몇 번 본 니케는 눈 밟는 소리를 따라 하고, '예전 사람들은 다 누렸을' 것을 지금 사람들은 손해 본다고 한다",확실,확정
U27,방주 사회,sub:중앙_정부_공식__00,10,sub:중앙_정부_공식__00,org:중앙_정부 person:제인_밀러,F109 F111,"실패만 거듭한 지휘관도 파직되면 중앙 정부에서 다른 보직을 받는다고들 하지만, 지상으로 달아난 지휘관은 증명서 한 권만 주워 온 날로 '작전 중 사망' 처리되고 까닭은 알려 주지 않는다",확실,확정
U33,지상,ch06,11,d_main_06_04,org:언리미티드 place:북부,F116 F117,"지상에서 조난한 니케는 뇌를 떼어 안전한 곳에 숨기고 기적을 기다리며, 북부의 언리미티드는 뇌 없는 바디를 캡슐에 모아 '잠자는 공주님들'로 돌보며 뇌를 찾아 잇는다",확실,확정
U3,구시대,relic:어느남자의수기,12,relic:어느남자의수기_01,concept:랩쳐,F128 F129,"랩쳐 전쟁 때 사람들은 보존식과 전기가 있는 벙커에 숨어 군대의 구조를 기다렸고, TV는 인류가 이기고 있다고만 전했다",확실,확정
U12,방주 사회,sub:콜렉터_00,13,sub:콜렉터_00,place:아우터_림 place:블랙넷,F134 F135 F137,"방주를 감싼 아우터 림은 음식 · 잘 곳 · 일자리가 없어, 시민권 없는 주민은 몰래 지상에 올라가 부서진 랩쳐 부품을 주워 블랙넷에 팔고 그 목숨값으로 일주일 치 식량을 산다",확실,확정
U14,경제,sub:콜렉터_01,14,sub:콜렉터_01,org:중앙_정부 place:아우터_림,F141,지상의 옛 은행 터에서 캔 금괴 같은 유물은 중앙 정부에 제출하면 막대한 보상금을 받는다 — 시민이 아닌 아우터 림 사람은 직접 낼 수 없어 지휘관을 통해야 한다,확실,확정
U13,방주 사회,sub:콜렉터_01,14,sub:콜렉터_01,place:아우터_림,F142,"아우터 림에는 주민을 지켜 줄 법이 없어 큰 폭력이 곧 힘이고, 구역을 지배하는 무리에 상납금을 바쳐야 하루를 버틴다 — 너무 많은 재산은 오히려 독이 된다",확실,확정
U16,구시대,relic:생존가이드1,15,relic:생존가이드1_02,concept:랩쳐,F130,"랩쳐 전쟁 때 지상의 생존자들은 소리를 죽이고 통조림만 먹으며 몸을 묶고 잤고, 잠꼬대하는 동료와는 멀리 떨어져 자라는 수칙으로 버텼다 — 동료가 사라져도 그날 밤은 무사하다",확실,확정
U17,구시대,relic:통화기록017515,16,relic:통화기록017515_03,concept:랩쳐,F131,"랩쳐가 처음 닥치던 날 사람들은 군이 탱크까지 모으는 것을 구경거리로 여겼고, 피난 권고 없이 '대기하라'는 방송만 듣다가 미사일이 떨어진 뒤 정체 모를 것들에게 습격당했다",확실,확정
U20,구시대,relic:방주추첨권,17,relic:방주추첨권_01,item:방주_추첨권,F132 F133,"방주 시민은 추첨권으로 뽑혔는데 당첨 이유가 기밀이라, 떨어진 사람들은 당첨자가 돈으로 샀다고 의심했고 추첨권을 빼앗으려 이웃을 해치기까지 했다",확실,확정
U23,방주 사회,sub:랩칠리언_04,27,sub:랩칠리언_04,person:랩칠리언 org:중앙_정부,F162,"랩쳐를 체계적으로 연구하는 사람이 적어, 지상에 사는 블로거가 임의로 올린 다섯 등급과 '시니스터' 같은 이름을 중앙 정부가 그대로 공식 기준으로 쓴다",확실,확정
U24,방주 사회,sub:랩칠리언_05,28,sub:랩칠리언_05,org:미실리스 place:방주,F168 F169,"방주에 표현의 자유는 없다 — 미실리스가 독점한 포털의 글도 검열 대상이고, 랩쳐와의 공존을 말하면 간첩으로 몰려 원칙상 사형, 대부분 심한 고문을 당한다",확실,확정
U25,구시대,sub:할아범_00,30,sub:할아범_00,person:할아범,F176,"랩쳐 이전 지상에서 가족과 평범하게 살던 집을 기억하는 노인 세대가 남아, 죽기 전 콘크리트 바닥만 남은 그 터를 누군가 확인해 주기를 바란다",확실,확정
U28,구시대,sub:고스트_00,32,sub:고스트_00,person:고스트 place:미들_시티,F180,랩쳐 이전 지상의 도시에는 공기 정화 · 날씨 조정 · 시설 복구를 알아서 해 주는 구역 관리 A.I.가 도시마다 있었다 — 지금 니케들은 살 수도 없는 도시를 복구시키며 '희망'에 기댄다,확실,확정
U29,방주 사회,sub:시리얼_01,34,sub:시리얼_01,person:시리얼 org:중앙_정부,F184 F185,"지상의 식물은 허가 없이 가지면 중범죄라 아이들 사이에서 '친구비'로 뜯기는 귀한 물건이 되고, 신고 한 번에 갱생관으로 끌려간다 — 부모가 높은 사람이면 같은 식물도 문제 되지 않는다",확실,확정
U30,일상 · 문화,sub:산해진미_00,35,sub:산해진미_00,person:산해진미 concept:퍼펙트,J41,"방주 사람들은 인공 식량 퍼펙트를 맛보며 평가하는 모임을 꾸리고, 지상 음식은 백 명 넘는 멤버가 돈을 모아도 맛만 볼 만큼밖에 못 산다 — 송아지도 책에서만 본다",확실,확정
U31,구시대,relic:니케실험대상자모집,37,relic:니케실험대상자모집_02,org:3대_기업,F191,"랩쳐 전쟁 때 3대 기업은 '인류에겐 당신이 필요합니다', '당신의 결심에 인류의 존속이 달려 있습니다'라는 광고로 니케 실험 대상자를 모았고, 차수마다 자격을 더 어린 여성 · 건강 무관으로 넓혔다",확실,확정
U32,구시대,relic:통화기록028594,38,relic:통화기록028594_01,person:레이첼_호프 org:미실리스,F192 F193,"갓데스 광고를 본 어린 딸이 스스로 연구소에 전화해 뇌를 기증하고, 실험 결과는 '군사 기밀'이라 어머니조차 알 수 없다 — 가족은 고발하겠다고 외칠 뿐이다",확실,확정
U34,방주 사회,sub:세르반_01,39,sub:세르반_01,person:세르반,F196,"로열 계층은 아버지 이름만 대면 지상으로 가는 엘리베이터 보안도 통과하고, 양산형 니케 몇 기를 호신용으로 데려다 쓴다 — '평판에 죽고 평판에 사는' 그들에게 거짓말쟁이 소문은 죽음보다 나쁘다",확실,확정
U35,방주 사회,sub:저스틴_00,40,sub:저스틴_00,person:저스틴 place:아우터_림,F199,"방주의 세포 재생 치료는 비용과 시간이 너무 들어 아우터 림 사람들은 받을 수 없고, 리페어 센터 직원이 중앙 정부 눈을 피해 달마다 2세대 니케 부품을 몰래 이식해 준다",확실,확정
U36,구시대,relic:니케실험반대피켓,41,relic:니케실험반대피켓_00,org:3대_기업,F200 F201,"3대 기업의 니케 실험을 '인간의 병기화'라며 멈추라는 시위가 벌어졌고, 자식을 잃은 부모들은 피켓에 사연과 사망률을 적어 진상 조사를 요구했다",확실,확정
U37,지상,ch07,42,d_main_07_05,org:필그림,F203 F206,"필그림은 정비 없이 수십 년 죽어 버린 지상을 떠돌며 '실낱같은 희망을 찾아 헤매는 순례자'로 살고, 방주가 어떤 세계인지도 모른다",확실,확정
U39,방주 사회,ch07,42,d_main_07af_03,org:3대_기업,F214,"3대 기업 CEO는 지휘관을 함부로 대할 수 있을 만큼 힘이 세서, 부사령관이 특수 별동대의 특권에 그것을 막는 조항을 따로 넣는다",추정,확정
U38,방주 사회,ch07,42,d_main_07af_04,concept:헬레틱 org:중앙_정부,F215 F216,"방주에서 헬레틱은 기록이 거의 없어 도시 괴담으로만 떠돌고, 물질 데이터베이스마저 지워져 중앙 정부 라이브러리 말고는 알 길이 없다",확실,확정
U40,방주 사회,sub:중앙_정부_공식__01,43,sub:중앙_정부_공식__01,place:지상 org:중앙_정부,F218,"지상 실종자 찾기는 100번 중 90번 허탕, 10번은 시체라 근거가 없으면 공식 수색도 하지 않고, 인간이 혼자 지상에서 며칠 살아남은 일은 없다고 여겨진다",확실,확정
U41,방주 사회,sub:세르반_02,44,sub:세르반_02,org:동식물_관리국 concept:로열,F222,"방주에서 식물 사업은 동식물 관리국 인가가 있어야 하고 공무원은 식물이라면 뭐든 민감하지만, 로열은 어떤 죄든 사면받는다고들 여긴다",확실,확정
U42,지상,sub:스페이드_00,45,sub:스페이드_00,place:지상 concept:니케,F225,"지상에는 랩쳐 부품이 어디에나 깔려 있지만 니케 바디는 보이는 족족 랩쳐나 콜렉터가 털어 가, 조난한 니케가 남아 있을 확률은 0에 가깝다",확실,확정
U43,방주 사회,sub:스페이드_00,45,sub:스페이드_00,person:스페이드 concept:니케,F224,"조난한 니케의 구조 요청은 대부분 무시되어, 스페이드는 상금 내기로 꾸며 지휘관을 보낸다",추정,확정
U44,일상 · 문화,sub:러블리_드림_00,46,sub:러블리_드림_00,person:러블리_드림☆ concept:니케,F226,"방주에는 신입 지휘관과 니케의 지상 러브 스토리 드라마가 쌓여 있지만 지상 전투는 어설픈 CG와 눈물 대사로 때우고, 니케에게는 촬영 의뢰가 종종 들어온다",확실,확정
U45,구시대,relic:채팅로그_얼리어답터,48,relic:채팅로그_얼리어답터_02,concept:랩쳐,F229,"침공 초기 쉘터는 식량이 모자라 인원을 솎아 밖으로 내보내고 병든 사람도 쫓아냈으며, 남은 이들은 가족을 잃고 울며 폭동 직전까지 갔다 — 쫓겨난 이는 이웃 쉘터에서도 자리를 얻지 못했다",확실,확정
U46,방주 사회,d_ex_elevator_01,49,d_ex_elevator_01,incident:갓데스_폴 concept:니케,F230 F232,"방주는 지친 전쟁의 책임을 니케에게 돌려 니케 인권이 바닥이었고, 갓데스 폴 뒤 나아졌어도 '아직 갈 길이 멀다' — 수리된 엘리베이터는 니케 인권의 상징으로 정치에 쓰이고, 니케들은 그 이야기를 슬퍼한다",확실,확정
U47,방주 사회,ch08,50,d_main_08_02,place:방주 person:아니스,,"아니스는 방주를 '온갖 중상모략이 판치는 시궁쥐 소굴'이라 여기고, 주목받는 스쿼드는 아무도 믿지 말아야 한다고 본다",추정,확정
U50,기업 · 조직,ch08,50,d_main_08_04,org:3대_기업,F236,"기업은 구조 결함이 있는 상자를 대규모 로비로 결함을 숨기고 팔아, 어느 데이터베이스에도 폭발 정보가 없고 현장의 '민간요법'으로만 전해진다",추정,확정
U48,방주 사회,ch08,50,d_main_08_06,org:정보부 concept:니케,F238,"오퍼레이터는 정을 붙일 만하면 니케가 사라져, 행동 강령에 '니케에게 정을 붙이지 말라'는 조항까지 있다고 한다",추정,확정
U49,일상 · 문화,ch08,50,d_main_08_06,person:아니스,,방주에는 '여신전대 아크레인저' 같은 특촬 방송이 있어 오퍼레이터 · 니케가 본방을 챙기고 녹화를 부탁하며 스포일러에 성낸다,확실,확정
U51,전초기지,sub:칠리페퍼_01,51,sub:칠리페퍼_01,place:전초기지,F239 F240,"전초 기지는 방주와 지상을 잇는 허브로 지으려던 지하 도시였는데, 책임자 자리는 로비 · 아첨 · 돈다발로 오갔고 랩쳐가 기어 내려오자 엘리베이터 둘만 남기고 버려졌다",확실,확정
U52,구시대,sub:든_셀_00,52,sub:든_셀_00,concept:에블라_입자,F243,"1차 침공기의 군인들은 에블라 입자로 아군끼리도 통신이 끊겨 개인 폰으로 '뭐라도 걸리라'며 구조 문자를 보냈고, 소리 소문 없이 죽어 존재조차 묻히곤 했다",확실,확정
U53,구시대,relic:광고팜플렛,53,relic:광고팜플렛_01,,F245,"침공으로 집값이 1%로 떨어지고 현금은 사절, 생필품으로만 거래하게 되었다",확실,확정
U54,구시대,relic:광고팜플렛,53,relic:광고팜플렛_02,,F245,'법은 멀고 주먹은 가깝다' — 랩쳐에게서 달아나고 강도에게서 소지품을 지키려 호신술이 필수가 되었다,확실,확정
U55,구시대,relic:UFO챈.zip,54,relic:UFO챈.zip_02,concept:랩쳐,F247,"처음 랩쳐를 '외계인'이라 부르며 합성이라 놀리던 사람들은, 실탄도 대함 미사일도 안 통하자 '총 쏘는 거 = 자살'이라 체념하고 '마지막 그날까지 행복하자'며 입대했다",확실,확정
U57,방주 사회,ch09,55,d_main_09_04,org:트라이앵글 concept:니케,F250,"중앙 정부를 해킹한 니케는 현장에서 사살되고, 사살한 트라이앵글은 '욕심이 과했네, 죽어도 할 말 없지'라며 처리반을 부른다",확실,확정
U56,기업 · 조직,ch09,55,d_main_09_06_e,org:미실리스 person:슈엔,,"미실리스는 등급이 올라갈수록 돈과 권력의 격차가 '차원이 다르게' 벌어지는 등급제로, CEO가 임원급 자리를 미끼로 사람을 낚는다",추정,확정
U58,방주 사회,ch09,55,d_main_09af_05,place:아우터_림 concept:니케,F258,"아우터 림은 이그조틱 말고는 니케에게 반발이 커서, 니케가 발을 딛자마자 퍼펙트 스튜를 뒤집어쓴다",확실,확정
U59,방주 사회,sub:테디_00,56,sub:테디_00,place:사관학교 concept:니케,F263,"사관학교 지휘관 지망생은 니케를 명령을 듣는 병기 · 총알받이로 배우고, '구제불능 니케를 지상에 던져 랩쳐에게 뜯기게 한 뒤 뇌를 바꾸면 딴 인격이 된다'는 소문을 믿으며, 니케와 인간이 동료가 될 수 있다는 생각은 해 본 적도 없다",확실,확정
U60,기업 · 조직,sub:미실리스_연구팀_00,57,sub:미실리스_연구팀_00,org:미실리스,F265,"미실리스는 기술 유출을 막으려 달아난 로봇을 '포획 못 하면 파괴'하라고 지휘관에게 외주를 주고, 두 번 놓치면 '수행 능력 미달'로 다른 지휘관에게 넘긴다",확실,확정
U61,방주 사회,sub:미실리스_연구팀_01,58,sub:미실리스_연구팀_01,concept:니케 org:미실리스,,"명령을 어긴 니케는 처벌받거나 폐기되고, 이름난 지휘관도 대개는 '빈곤한 삶을 사는, 보수에 휘둘리는' 처지로 여겨진다",추정,확정
U62,지상,sub:미실리스_연구팀_03,60,sub:미실리스_연구팀_03,place:지상 person:볼트_MK.II,F272,"지상에는 늑대 무리가 아직 살아 있어, 지하를 떠난 로봇 개가 그 무리에 섞여 야생을 산다",확실,확정
U63,구시대,relic:지휘관모집공고,61,relic:지휘관모집공고_02,concept:니케,F273,"랩쳐 전쟁 중 지휘관 모집은 '인류를 위한 젊은 도전'에서 '싸우지 않아도, 총을 쏠 줄 몰라도 된다 — 승리의 여신들이 싸워 준다'로 바뀌고 자격도 '남성' 하나만 남았다",확실,확정
U64,방주 사회,ch10,62,d_main_10_06,concept:니케,F279,니케의 작전 중 민간인이 휘말려 죽는 일은 '일어날 수 있는 일'이라 책임을 묻지 않고 경위서로 처리된다,확실,확정
U65,방주 사회,sub:코리_00,63,sub:코리_00,place:방주,F281,"지하 도시 방주에는 하늘이 없어 아이는 하늘을 사진으로나 부탁해 보고, 엄마는 '하늘에 있는 하느님'께 기도한다",확실,확정
U66,지상,sub:롬_01,65,sub:롬_01,person:롬 place:지상,F283 F285,"지상에는 인류가 지하로 내려가기 전 쓰던 로봇이 수십 년 혼자 남아, 입력된 명령대로 유물을 모아 옛 번화가를 흉내 낸다",확실,확정
U67,구시대,relic:어느소녀의수기,67,relic:어느소녀의수기_04,concept:니케 concept:랩쳐,F287,"침공 중 아빠는 딸을 데리고 텅 빈 놀이동산으로 마지막 여행을 떠나 랩쳐를 가짜라 속였고, 딸은 알고도 따랐다 — 둘을 구한 니케 '언니'는 아이가 커서 되고 싶은 영웅이 되었다",확실,확정
U68,기업 · 조직,ch11,68,d_main_11_01,org:미실리스 org:앱솔루트,F290,"3대 기업은 서로의 최강 스쿼드를 감시하는 전담 정보부를 두어, 미실리스는 앱솔루트가 어디서 무엇을 하는지 다 보고받고 그 성과를 가로채려 한다",확실,확정
U69,일상 · 문화,sub:음악_애호가_00,69,sub:음악_애호가_00,place:지상,F297,"방주 사람들은 트윙클 트라이 스타 같은 방주 가수의 노래를 듣고, 옛 지상의 노래는 지상에 남은 낡은 주크박스 같은 기계로나 들을 수 있다",확실,확정
U70,구시대,sub:음악_애호가_01,70,sub:음악_애호가_01,place:지상,F298,"피난 무렵 지상의 기차 객실에서 누군가는 지평선을 보며 CD 플레이어로 음악을 듣다 그대로 잠들어, 백골로 남았다",확실,확정
U71,구시대,relic:기업-랩쳐음모론,71,relic:기업-랩쳐음모론_04,place:방주 org:미실리스,F300 F301,"침공 초기에는 랩쳐가 기업의 실패작이라는 '국가안보메일' 음모론이 돌았고, 기업 비리를 고발한 이는 방주 블랙리스트에 올라 출입을 거부당했다며 방주를 '사상과 언론이 통제되는 디스토피아'라 경고했다",확실,확정
U72,구시대,relic:구시대의플레이리스트,72,relic:구시대의플레이리스트_01,concept:랩쳐 place:방주,F302,"침공기의 노래는 방주의 선별을 비꼬고('Welcome to the Ark'), 랩쳐를 '황홀경'에 빗대 어떤 마약보다 빨리 죽인다고 하며, '한 번만 더 견디자'고 서로를 다독였다",확실,확정
U73,구시대,relic:어느의사의수기,75,relic:어느의사의수기_00,incident:랩쳐_침공,F329,침공기 지상에서는 의사 · 간호사가 하나둘 사라져도 남은 이가 무너진 병원 구석에서 약품이 바닥나도록 숨어 사는 환자들을 받아 치료했다,확실,확정
U74,구시대,relic:어느의사의수기,75,relic:어느의사의수기_01,place:방주,F329,"함께 버티던 간호사는 '방주로 가는 게 낫다'는 메모를 남기고 사라졌고, 남은 의사는 방주행을 포기와 같은 것으로 여기며 자리를 지켰다",확실,확정
U75,방주 사회,ch13,76,d_main_13_08_e,person:지휘관,,지휘관은 '박봉에 위험하기만 하고 평균 수명이 30세'라 할 만큼 빨리 죽는 일로 여겨진다,확실,확정
U76,방주 사회,sub:세르반_03,77,sub:세르반_03,concept:로열,F352,"로열에게 명예는 목숨과 같아 마약에 손댄 소문을 막으려 사람을 쏘기까지 하고, 그 아들이 자수해도 부사령관 아버지의 친우인 청장이 24시간 만에 풀어 준다",확실,확정
U77,방주 사회,sub:철도로GO_00,78,sub:철도로GO_00,org:아크_익스프레스,F355,"방주의 철도는 조금 가면 꺾이고 속도가 붙을 만하면 정거장이라, 기관사는 끝없이 이어진 지상의 선로를 사진으로나 보며 달리기를 꿈꾼다",확실,확정
U78,구시대,relic:여자친구의편지,79,relic:여자친구의편지_02,incident:랩쳐_침공,F356 F357,"침공 초기 사람들은 TV의 '별일 없다'는 말을 믿고 '외계인 기계 로봇'을 거짓말로 여기다가, 뉴스를 보고서야 집집이 피난을 준비했다",확실,확정
U79,구시대,relic:여자친구의편지,79,relic:여자친구의편지_03,incident:랩쳐_침공,F356,"임시 대피소의 피난민은 라디오로 부대 전멸 소식을 듣고, 연락이 끊긴 연인 · 가족은 서로의 생사도 모른 채 부칠 수 없는 편지를 썼다",확실,확정
U80,방주 사회,ch14,80,d_main_14_12,place:전초기지,F371,"니케가 인간을 쏠 수 없다는 데 안심한 아우터 림 테러 집단부터 중앙 정부 군인까지가 전초기지를 일방적으로 습격하고, 엘리베이터 경계병은 반나절 만에 매수된다",확실,확정
U81,전초기지,sub:칠리페퍼_02,81,sub:칠리페퍼_02,place:전초기지,F239 F380,"전초기지 공사 책임자는 십 년 가까이 가족을 돌보지 못한 채 일 끝나면 술 한 잔에 취해 잠들었고, 자재를 구하러 지상에 올랐다가 며칠 뒤 '썰렁하게' 사망자 명단에 올랐다",확실,확정
U82,일상 · 문화,sub:알콜러버_00,82,sub:알콜러버_00,place:방주 place:지상,F382,"방주의 웬만한 술은 다 마셔 본 애주가도 지상의 술은 구할 길이 없어, 메신저로 지휘관에게 웃돈을 얹어 부탁하고 맨정신에 한 모금씩 음미하겠다고 한다",확실,확정
U83,구시대,relic:기후변화보고서,83,relic:기후변화보고서_01,incident:랩쳐_침공,,침공 직전의 정치가들은 빙하가 깨지고 남쪽이 물에 잠기는 기후 변화 보고를 '따뜻해져서 좋다'며 흘려들었다,확실,확정
U84,구시대,relic:기후변화보고서,83,relic:기후변화보고서_02,incident:랩쳐_침공,F383 F384,"침공 뉴스가 한창일 때도 어떤 이는 외계인 이야기를 '인구가 줄어 나쁘지 않다'고 냉소했고, 그해 겨울 쉘터에 오래 숨었다 나와서야 인간이 살 수 없게 될까 두려웠음을 깨달았다",확실,확정
U85,구시대,relic:인터넷BJ라이브방송녹화분,84,relic:인터넷BJ라이브방송녹화분_01,incident:랩쳐_침공,F385,침공 초기 인터넷 방송인은 외계인을 '조회 수 떡상' 콘텐츠로 삼아 시청자가 건 후원금을 받고 손수 만든 무기로 사냥 생방송에 나섰다,확실,확정
U86,경제,ch15,85,d_main_15_02,org:달란트,F387,"방주에서는 물건에 사연이 붙을수록 값이 올라, 쇼핑몰 대표가 테트라TV BJ를 겸하며 '지상에서 역경을 뚫고 가져온' 원정을 생중계해 간접 광고한다",확실,확정
U87,전초기지,ch15,85,d_main_15_03,place:전초기지 org:카운터스,F386,"테러에 털린 뒤 전초기지는 전기 · 가스가 간당간당하고 샤워실엔 찬물만 나오며 배급이 반토막 나, 니케들은 남의 간식으로 연명하고 밤마다 지휘관실의 따뜻한 물을 찾아든다",확실,확정
U88,방주 사회,ch15,85,d_main_15_04,org:미실리스,F388,"시민들은 기억 소거 없이 침식된 니케가 방주에 있다는 것만으로 겁을 먹고, 그 신뢰가 무너지자 3대 기업의 주가가 반토막 나 니케 상인까지 손해를 메우려 지상에 오른다",확실,확정
U89,구시대,relic:종말의서,86,relic:종말의서_00,incident:랩쳐_침공,F402,침공기에는 랩쳐를 '하늘에서 내려온 금속의 심판자'로 받들며 맞서지 말고 종말을 맞으라는 종말론 경전이 돌았다,확실,확정
U90,방주 사회,ch16,87,d_main_16_03,place:방주 concept:니케,F406 F407,"니케가 지상에서 싸우는 동안 방주 시민들은 학교 · TV · 연애의 평화로운 일상을 살며 지상에 던져진 니케에게 관심이 없고, 니케에게 인권이 있다는 생각 자체가 불법이다",확실,확정
U91,방주 사회,ch16,87,d_main_16_06,concept:아웃로,,방주 사람들은 아웃로를 날 때부터 망가져 남도 망가져야 한다고 믿고 남의 약점을 들쑤시는 자들로 본다 — 라피도 그렇게 말한다,확실,확정
U92,방주 사회,ch16,87,d_main_16_10,org:미실리스 person:JohnD,F415,'미실리스 주가 대격변' 생방송과 여러 커뮤니티의 음모론이 그럴듯한 사진 · 보고서를 들먹이며 하루아침에 여론을 뒤집는다,확실,확정
U93,방주 사회,ch16,87,d_main_16af_02,place:로열_로드 place:아우터_림,,"퇴직한 미실리스 연구원들은 로열 로드에서 잘 먹고 잘 살지만, 아우터 림은 통신이 열악해 전파가 안 닿는 일이 흔하다",확실,확정
U94,방주 사회,sub:방주_난민_00,88,sub:방주_난민_00,person:방주_난민 place:방주,F422,"부모의 빚을 떠안은 청년은 어려서부터 죽도록 일해도 10분의 1밖에 못 갚고, 남은 출구로 '뇌 기증해서 니케가 되는 것'을 비웃으며 차라리 지상으로 달아나는 길을 고른다",확실,확정
U95,지상,sub:방주_난민_01,89,sub:방주_난민_01,person:방주_난민 place:지상,F424,"방주를 떠난 사람은 빗물 정화 시설이 있는 버려진 벙커에서 소파 · 침대 · 부엌을 갖추고 살며, 아크레인저 블루레이와 배양육 캔을 부탁하고 시와 소설을 쓰며 지낸다",확실,확정
U96,방주 사회,sub:방주_난민_02,90,sub:방주_난민_02,place:방주 place:지상,,벙커 밖에서 들리는 새소리 · 맑아지는 풀 냄새는 방주 사람들이 평생 가도 못 누릴 호사다,확실,확정
U97,구시대,relic:장보기목록,92,relic:장보기목록_03,incident:랩쳐_침공,F428,"둘째 딸 생일 케이크와 미역을 사던 가족이 속보가 나오고 며칠 만에 마지막 남은 마트에서 통조림 · 물 · 에너지 바를 쟁이고, 마트가 다 털리자 다음 지역으로 옮겨 간다",확실,확정
U99,방주 사회,ch17,148,d_main_17_11,org:갓데스 place:방주,F687 F2375,"방주에서 갓데스는 최초의 니케 · 최후의 방어선이라는 '상식 중의 상식'인 영웅담으로 전해지고, 방어벽을 지키다 모두 잘못되었다고 알려져 있다",확실,확정
U98,방주 사회,ch17,148,d_main_17af_01,org:미실리스 concept:NIMPH,F689,"시민 단체가 며칠째 미실리스 본사 앞에 현수막을 걸고 'NIMPH 없는 니케는 칼잡이 없는 칼날', '니케에게 통제를!'을 선창 · 후창으로 외치고, 뉴스는 슈엔이 메티스와 시민 중 누구를 고를지 주목한다",확실,확정
U100,방주 사회,sub:제니퍼f_00,149,sub:제니퍼f_00,org:방주_아동_보호_센터,F693 F694,"학대받거나 집 없는 아이를 보호한다는 비영리 센터가 아이들에게 위치 추적 장치를 달아 두고, 아이들 사이에는 '성인이 되면 강제로 뇌를 기증시켜 니케로 만든다'는 소문이 돌아 추적 장치를 단 채 지상으로까지 달아난다",확실,확정
U101,구시대,relic:모바일_보이스피싱_광고_모음.zip,150,relic:모바일_보이스피싱_광고_모음.zip_01,incident:랩쳐_침공,F695,외계인 습격으로 폭락장이 이어지자 '정부가 방주 이주를 위해 통조림을 대량 매입 중'이라는 주식 리딩 문자가 돌았다 — 재난 적금 · 쉘터 현금 대출 · 방주 당첨권 링크까지 공포를 노린 광고 문자가 쏟아졌다,확실,확정
U102,기술,relic:니케제작보고서요약본,151,relic:니케제작보고서요약본_00,concept:니케,F696,"니케 제작 실험에는 우울증으로 삶의 의욕을 잃고 스스로 뇌를 기증한 사람, 건강한 19세 범죄자, 본인은 거부했지만 부모 동의로 뇌가 기증된 사망 원인 불명의 21세가 쓰였고, 실패하면 처분되었다",확실,확정
U103,방주 사회,ch18,152,d_main_18_01,place:방주,F697,"방주 인근에 랩쳐가 나타나면 긴급 경보 사이렌과 함께 시위대도 시민도 지정 피난소로 사라지고, TV는 '우리를 구할 히어로는 없는가'라며 재난을 생중계한다",확실,확정
U104,기업 · 조직,sub:테트라_커넥트_01,153,sub:테트라_커넥트_01,org:테트라_커넥트,F709,"방주의 엔터테인먼트 회사는 지휘관을 '떠오르는 신성'이라 추켜세우며 광고라 속여 실전 영상을 받아 내고, 진위보다 자극을 믿는 사람들을 노린 선동 영상으로 돈을 번다 — 상대에게 CEO 뒷배가 있으면 곧장 손을 뗀다",확실,확정
U105,일상 · 문화,sub:김작가_00,155,sub:김작가_00,person:김작가,,"방주에서 인기 로맨스 소설은 웹툰 · 애니메이션 · 드라마로 옮겨지고, 슬럼프에 빠진 작가는 화제의 지휘관과 니케의 '금단의 사랑'을 새 소재로 노린다",확실,확정
U106,구시대,relic:XX중학교가정통신문,156,relic:XX중학교가정통신문_01,incident:랩쳐_침공,F712,"외계 생명체가 나타나자 중학교는 원격수업으로 바꾸고 가정에 아이들의 큰소리 · 웃음소리 · 외출을 막고 생존 가이드를 가르쳐 달라고 당부했지만, 교사와 학생이 실종되며 두 달 만에 문을 닫았다",확실,확정
U107,일상 · 문화,event_brandnewyear,163,event_brandnewyear_01_s,place:어드마이어_호,F670,"새해가 되면 어드마이어 호에서 차려입은 귀빈 · 장교들이 며칠씩 신년 선상 파티를 즐기고, 마지막 밤은 불꽃축제로 끝난다",확실,확정
U108,방주 사회,event_brandnewyear,163,event_brandnewyear_06_e,place:방주 place:지상,,"방주에서 자란 니케들은 바다도 일출도 본 적이 없어, 지상에서 처음 보고 넋을 놓는다 — 겨울 공기조차 방주에선 맡기 어렵다",확실,확정
U109,지상,ch19,165,d_main_19af_01,place:에덴,F750,"황무지 한가운데 광학미채로 숨은 에덴에서는 수목 · 가축을 되살린 정원에서 황금빛 사과를 따 먹는다 — 방주에는 없는 맛이고, 낙원의 것은 반출하지 않는다",확실,확정
U110,지상,ch19,165,d_main_19af_01,place:에덴,F749 F752,"에덴은 인간 · 니케 모두 스스로 살아남을 힘을 요구해, 니케는 타일런트 급 가상 적과 훈련하고 손님도 목숨을 건 '낙원의 시련'을 통과해야 들어온다",확실,확정
U111,방주 사회,sub:데이파라_00,166,sub:데이파라_00,org:구원의_성화,F757 J32,"방주에는 랩쳐를 신으로 모시는 사이비 [구원의 성화]가 숨어 있어 신도가 지상 제단까지 나가고, 들키면 감옥으론 끝나지 않아 가족은 숨기며 몰래 찾는다",확실,확정
U112,방주 사회,relic:데일리아크기사스크랩,167,relic:데일리아크기사스크랩_00,incident:2차_지상_탈환전 place:방주,F758,"2차 탈환전 무렵 시민들은 '방주 인구가 늘어 한 평이라도 지상을 되찾지 않으면 서로 죽이게 된다'며 니케 100배 증산에 환호했다가, 패전하자 '세금 폭탄과 경기 침체밖에 안 남았다'고 등을 돌렸다",확실,확정
U113,방주 사회,relic:데일리아크기사스크랩,167,relic:데일리아크기사스크랩_04,place:방주,F760,"방주 여론은 영웅 샛별을 '그는 신인가'라 떠받들다 한 번의 실패에 '퇴물' · '잿별'이라 조롱하고, 진상을 말하는 댓글은 '쉴드'로 묻힌다",확실,확정
U114,지상,ch20,168,d_main_20_09,place:에덴 concept:NIMPH,F764,"에덴의 니케들은 NIMPH 없이 저마다의 긍지로 움직여, 지휘관이 작전을 물으면 각자 의견을 내고 도로시의 계획도 거스른다 — 도로시는 '방주에 가서 NIMPH라도 심고 왔냐'고 비꼰다",확실,확정
U115,일상 · 문화,sub:로망티스트_00,169,sub:로망티스트_00,place:방주,F774,"방주에서 낚시는 역사 속으로 사라진 놀이라 진짜 낚싯대는 박물관에만 있고, 애호가는 욕조에 손수 만든 낚싯대를 드리우거나 수영장에서 연습한다",확실,확정
U116,지상,relic:jonathan_report,170,relic:jonathan_report_01,place:지상 concept:니케,F775,"지상에 오른 지휘관은 통신기가 부서지면 방주에 보고할 길조차 없고, 로드 급 앞에서는 양산형을 먹이로 내주는 판단을 내린다 — 동료의 희생을 못 견딘 니케는 사고 전환을 일으킨다",확실,확정
U121,기술,event_doutsiders,171,event_doutsiders_01_s,place:방주,F777,"방주의 하늘은 인공 조명 이터널 스카이라, 테러로 꺼지자 빛 한 점 없는 시내와 공원의 주민들이 패닉 · 폐소공포증 · 외상 후 장애를 호소했다",확실,확정
U119,경제,event_doutsiders,171,event_doutsiders_02_e,place:아우터_림 org:이그조틱,F778,"아우터 림의 마약 거래상은 물량을 못 맞추면 팔다리를 내놓으라 하고, 정부 첩보 스쿼드 이그조틱은 이들을 단속 대신 '관리'하며 정보부 앞에서 커버를 쳐 준다",확실,확정
U118,방주 사회,event_doutsiders,171,event_doutsiders_intermission_01,place:아우터_림 place:방주,F780 F783,"방주 시민권은 칩 하나에 달려, 칩을 도난당한 회사원은 경찰에게 아우터 림 불법 탈출범으로 잡혀 하류인간 틈에 내던져진다 — 게이트 밖으로 잘못 나온 비시민권자는 사살된다",확실,확정
U120,일상 · 문화,event_doutsiders,171,event_doutsiders_03,place:아우터_림,,"아우터 림 최대 환락가 배드 드림에는 로열 로드의 부자부터 중앙 정부 간부까지 드나들고, 외부와 통신이 끊기는 곳이라 밀담 장소로도 쓰인다",확실,확정
U117,방주 사회,event_doutsiders,171,event_doutsiders_05_s,place:아우터_림,F782,"격벽으로 갈린 아우터 림에는 식량 공급도 빛도 없어, 주민들은 '하루 한 시간만이라도 빛을 쬐게 해 달라'고 호소하지만 방주 시민은 손해 볼 이유가 없어 외면한다",확실,확정
U122,일상 · 문화,event_cherryblossom,185,event_cherryblossom_prologue,place:방주,F836,드라마가 퍼뜨린 '지상에서 온 벚나무 아래 맹세의 키스' 소문을 좇아 방주 사람들이 첫 민간 개방된 벚꽃 축제에 몰린다,확실,확정
U123,기업 · 조직,event_cherryblossom,185,event_cherryblossom_prologue,org:세이메이카이,F828,"방주에서 가장 오래된 조직 세이메이카이는 혈통으로 후계를 이어, 식솔들이 당주에게 부군을 들이라고 몰려와 조른다",확실,확정
U124,방주 사회,event_cherryblossom,185,event_cherryblossom_03_s,place:방주,F834,아무도 머물 땅을 주지 않는 이들이 신생 갱단을 꾸려 생활 지구의 축제 거리를 제 '구역'이라며 쇠 파이프로 자릿세를 뜯는다,확실,확정
U125,방주 사회,event_cherryblossom,185,event_cherryblossom_04_e,org:세이메이카이,F834,뒷세계 조직은 꺾은 소규모 갱단을 식솔로 받아 잠자리와 밥을 주고 '교육'한다 — 축제를 치를 때마다 식구가 는다,확실,확정
U126,구시대,ch21,191,d_main_21_02_s,concept:랩쳐,F860,1차 침공 초기 랩쳐는 마구 죽이고 부수다 곧 사람과 동물을 사로잡아 동력 재료로 삼았다 — 인류가 방주로 옮기고 10년쯤 뒤에야 그쳤다,확실,확정
U127,방주 사회,ch21,191,d_main_21_06,place:방주,F867,방주 사람들은 '구린 비밀 한두 개는 가져야 방주 인간'이고 '방주에서 배신 안 당한 사람 찾기가 더 힘들다'고 여긴다,확실,확정
U128,기술,ch21,191,d_main_21_07_e,concept:NIMPH,F865,"인류는 무엇인지 · 어디서 왔는지도 모르는 NIMPH를 복사 · 작은 개조만 해 모든 니케 머리에 넣고, 편리하다는 이유로 기억 제어에 쓴다 — 남는 기억과 행동 강령은 니케마다 제각각이다",확실,확정
U129,방주 사회,ch21,191,d_main_21af_03,place:방주,F872,"방어전 승리 기념 행사가 열리면 시민들이 모두 몰려가 거리가 텅 비고, 순찰 니케는 인적 드문 때를 경계한다",확실,확정
U130,지상,sub:에덴_Notice_00,192,sub:에덴_Notice_00,place:에덴,F873,"황무지 한가운데의 에덴은 채집한 식물 샘플로 유전자를 조합해 작물을 계속 개발하며 종의 다양성을 지켜, 퍼펙트를 주식으로 삼지 않는다",확실,확정
U131,지상,sub:에덴_Notice_01,193,sub:에덴_Notice_01,place:에덴,F875,"광학미채는 장막일 뿐이라 이따금 넘어오는 랩쳐를 에덴 사람이 직접 나가 처리하고, 수십 km에 터렛 · 전자전 장비 · 데코이 · 트랩을 깔아야 1시간 안에 랩쳐를 만나는 지상에서 하루를 버틴다",확실,확정
U132,지상,relic:특이랩쳐보고서-전,195,relic:특이랩쳐보고서-전_00,place:지상,F879,"지상 임무에서 랩쳐와 동귀어진해 홀로 남은 이는 다리가 부서진 채 동굴에 숨어, 닿는지도 모를 구조 신호를 보내며 기록을 남긴다",확실,확정
U133,일상 · 문화,ch22,197,d_main_22_02_e,place:방주 org:A.C.P.U.,,방주에는 자동차가 거의 없어 엄청난 부자가 아니면 타지 않고 애초에 많이 만들지도 않는다 — 교통경찰이 무엇을 하는지 아무도 모른다,확실,확정
U134,일상 · 문화,ch22,197,d_main_22_04_s,place:코인_러시 org:777,F883,코인 러시는 '방주에서 가장 안전한 성인들의 놀이터'를 내세우지만 돈을 빌려 달라 · 잭팟이 먹혔다 · 배탈이 났다며 생떼를 쓰는 진상 손님이 들끓는다,확실,확정
U135,방주 사회,ch22,197,d_main_22_05_s,org:모란회 org:언더월드_퀸,F1269,"뒷세계 조직은 가게를 지켜 주고 보호비를 받는다 — 모란회는 장사에 지장이 없을 만큼 음식 같은 가게 물건으로 받고, 돈을 받으면 양아치라 여긴다",확실,확정
U136,경제,ch22,197,d_main_22_07,place:블랙넷,,"블랙넷에서는 돈만 있으면 니케용 소총부터 쓸 데 없는 굴착용 폭탄까지 무엇이든 살 수 있고, 파는 쪽은 그것이 어디에 쓰일지 조금도 관심이 없다",확실,확정
U137,방주 사회,ch22,197,d_main_22_08,place:아우터_림 place:지상,F888,"방주에서 아무것도 받지 못하는 아우터 림 사람들은 지상으로 눈을 돌려, 몇 남지 않은 엘리베이터로 지상에 올라 랩쳐를 피해 다니며 방주의 허술한 엘리베이터로 드나든다",확실,확정
U138,방주 사회,ch22,197,d_main_22_09,place:아우터_림 org:중앙_정부,F889,중앙 정부 고위층에게 아우터 림은 사람이 사는 곳이 아니라 쓰레기를 버리는 곳이다 — '너희는 사람이 아니다',확실,확정
U139,기술,ch22,197,d_main_22_10,place:방주 place:지상,F891,방주는 아우터 림에도 버리지 못할 위험 폐기물을 전용 엘리베이터(J-910)로 지상에 내다 버린다,확실,확정
U142,기술,sub:문구점_00,198,sub:문구점_00,place:방주,F899,"피난 중에도 배달 로봇이 마트와 쉘터를 오가며 물건을 날라 쉘터 사람들의 끼니와 충전을 대고, 사람들은 블라블라의 기계어 번역 채널로 로봇의 말을 옮겨 본다",확실,확정
U144,기술,sub:중앙정부_트라이앵글_00,199,sub:중앙정부_트라이앵글_00,org:트라이앵글 concept:니케,F900,방주 방위군 니케는 지상이나 특별 임무가 아니면 비전투용 바디로 지내 방주 안에서는 '인간'처럼 산다 — 갑작스러운 습격에 바디를 바꾸지 못하면 랩쳐와 싸우지 못한다,확실,확정
U143,방주 사회,sub:중앙정부_트라이앵글_00,199,sub:중앙정부_트라이앵글_00,place:방주 place:아우터_림,F901,"쉘터는 긴급 상황용이라 인식 칩도 확인하지 않아, 부동산 사기로 재산과 칩까지 판 사람이 빈 쉘터에 숨어 살기도 한다 — 들키면 칩이 없어 아우터 림으로 추방된다",확실,확정
U145,방주 사회,sub:2호_쉘터_관리계정_00,200,sub:2호_쉘터_관리계정_00,place:방주,F903,"침공의 부상자 · 사망자 0이라는 수치에 모두 매달려, 쉘터 실종자 하나도 크게 다뤄지고 관리자가 위에서 추궁받는다",확실,확정
U140,방주 사회,sub:할아범_01,201,sub:할아범_01,place:방주,F904,"비좁은 방주는 죽은 사람 둘 곳도 없어 대부분 화장한 유골을 집에 두고, 깨끗한 납골당 자리는 오래 기다려야 겨우 난다",확실,확정
U141,방주 사회,sub:할아범_01,201,sub:할아범_01,org:중앙_정부,F905 F2581,"화장은 중앙 정부 소관이라 유족은 특별한 일이 없으면 지켜볼 수 없고, 받은 유골함을 열어 보는 것은 고인 모독이라 여긴다",확실,확정
U146,방주 사회,relic:에닉탄핵포스터,202,relic:에닉탄핵포스터_01,person:에닉 place:방주,F906,에닉이 날씨 · 판결 · 퍼펙트 생산 · 인프라를 도맡자 일자리를 빼앗겼다며 일을 인간에게 나누라는 에닉 탄핵 포스터가 나붙는다,확실,확정
U147,구시대,event_overzone,203,event_overzone1_01_s,concept:침식 concept:양산형_니케,,"1차 침공 끝 무렵 침식된 니케는 동료가 날마다 머리를 쏘아 보내 주고, 말할 수 없어 이름도 모른 채 인식표로만 안다",확실,확정
U148,구시대,event_overzone,203,event_overzone1_03_s,place:방주,F911,"방주에 들지 못한 사람들은 입구에 텐트 · 버려진 차로 캠프를 차리고 결원을 기다렸지만, 빈자리는 다른 후보가 채워 그곳에서 죽어 갔다",확실,확정
U149,구시대,event_overzone,203,event_overzone1_06_s,concept:양산형_니케 concept:사고_전환,F912,"칼로리가 필요 없는 양산형 니케도 먹지 않아도 된다고 여기는 순간 사고 전환이 오기에, 지상의 니케들은 일부러 끼니와 잠을 챙긴다",확실,확정
U150,방주 사회,event_overzone,203,event_overzone2_03_s,place:방주,,"밀봉 직후 방주는 한꺼번에 옮겨 온 사람들로 정리할 것 · 정할 것이 쌓인 혼돈의 도가니였지만, 랩쳐의 공포에서 벗어나 모두 희망에 차 있었다",확실,확정
U152,일상 · 문화,event_overzone,203,event_overzone2_04_s,concept:퍼펙트,F922,방주의 주식 퍼펙트는 처음부터 회반죽 같고 맛이 끔찍하지만 이론상 완벽해 그것만 먹어도 장수할 수 있는 식품으로 만들어졌다,확실,확정
U151,방주 사회,event_overzone,203,event_overzone2_04_e,org:갓데스 place:방주,F920,방주는 갓데스를 들이는 대신 초대형 승리의 여신상을 세우고 갓데스를 신격화한 서적 · 광고를 퍼뜨려 모두가 우러러보게 하겠다고 했다,확실,확정
U153,방주 사회,event_overzone,203,event_overzone2_epilogue,org:필그림 org:갓데스,F927,"밀봉 50년쯤 뒤 지상에 오른 방주의 니케들 사이엔 갓데스 이야기가 유일한 낙이고, '필그림'이라는 이름이 거의 공식처럼 쓰인다",확실,확정
U154,구시대,erelic:white_memory,204,erelic:white_memory_02,place:지상,,밀봉 무렵 지상의 니케들은 사슴 사냥 · 덫 · 맨손 낚시 · 버려진 공장에서 통조림 깡통 요리로 먹을 것을 구하며 초소로 돌아왔다,확실,확정
U155,일상 · 문화,event_bluewaterisland,212,event_bluewaterisland1_intermission_01,place:방주,,"밀물 · 썰물은 구시대엔 널리 알려진 현상이었지만 지금은 서적 속 구시대 상식이라, 의사도 눈앞의 바닷길과 잇지 못한다",확실,확정
U156,방주 사회,event_bluewaterisland,212,event_bluewaterisland2_04_s,place:방주,,"방주엔 인공 태양과 수영장뿐이라, 진짜 햇빛 · 진짜 바다가 있는 지상의 섬은 '누가 더 안 있고 싶어하겠냐'는 곳이다",확실,확정
U157,일상 · 문화,event_bluewaterisland,212,event_bluewaterisland2_05_s,place:방주,,"방주에는 강아지가 드물어, 개를 산책시키며 마음이 치유되는 일을 겪어 본 사람이 거의 없다",확실,확정
U158,방주 사회,event_bluewaterisland,212,event_bluewaterisland2_05_s,place:리페어_센터,F972,"리페어 센터는 환자가 수천 명이고 의사 하나가 하루 서른 명 안팎을 보며, 다 낫지 않은 채 퇴원했다 중환자실로 돌아오는 단골이 있다",확실,확정
U159,방주 사회,ch23,217,d_main_23_03_e,place:아우터_림,,"아우터 림의 피난 캠프는 구색만 맞춘 곳이라 랩쳐가 오면 먼저 도망갈 뿐이고, 일하러 나간 사이 흩어진 가족은 '괜찮기를 바라야죠, 언제나 그랬듯이'라 할 수밖에 없다",확실,확정
U160,방주 사회,ch23,217,d_main_23_03_e,place:아우터_림 org:중앙_정부 person:E.H.,F991,"아우터 림 주민들은 방주 테러를 E.H.의 짓으로 믿고 원망하며, 중앙 정부가 눈엣가시인 자기들을 쓸어버릴 기회로 삼을까 두려워 군인을 보자마자 '우린 아무것도 모른다'고 몸을 사린다",확실,확정
U161,방주 사회,ch23,217,d_main_23af_01,org:갓데스 place:방주,F1000,"갓데스를 기리는 승리의 여신상이 방주 곳곳에 잘 관리되어 서 있고, 말썽을 부린 경찰은 그 여신상을 닦는 벌을 받는다 — 갓데스는 이름도 모르는 신화로 남았다",확실,확정
U163,방주 사회,sub:상인연합_달란트_00,218,sub:상인연합_달란트_00,org:달란트 place:방주,F1001,"쉘터는 최대 수용 인원에 맞춰 물품을 두므로 사람이 몰리면 보급이 모자라 상인 연합이 물 · 음식 · 생필품을 날라 대고, 가장 급한 '필수품'은 화장실 용품이다 — '그런 것부터 사람이 무너진다'",확실,확정
U162,방주 사회,sub:콜렉터_02,219,sub:콜렉터_02,place:아우터_림 place:방주,F1002,"아우터 림 사람들은 랩쳐를 피해 다니는 데 이골이 나 알아서 숨고, 격벽이 열리자 어차피 죽을 거면 '꿈에 그리던 방주 땅이나 밟아 보고 죽겠다'며 벽 밖으로 나간다",확실,확정
U164,방주 사회,ch24,221,d_main_24_01,place:방주 concept:니케,F1022,"쉘터 사태에서 랩쳐를 처음 맞닥뜨린 시민들은 '방주는 끝났다'고 겁에 질리면서도 '니케가 아니었으면 죽었다, 니케가 싫었지만 생각이 바뀌었다'고 수군대고, 한편에선 랩쳐를 부른 게 니케라는 소문이 돈다",확실,확정
U165,방주 사회,ch24,221,d_main_24_09,org:테트라 org:중앙_정부,F1020,"언더월드 퀸을 구하려 테트라의 메인 방송 채널이 중앙 정부로 넘어가, 이제 중앙 정부가 방주의 방송을 멋대로 주무르게 된다",확실,확정
U166,기업 · 조직,sub:해결사_카페_스위티_00,222,sub:해결사_카페_스위티_00,org:카페_스위티 org:중앙_정부,F1040,"랩쳐가 남은 시내에서 중앙 정부는 쉘터 · 의료 센터로 가는 의료품 배달을 해결사 스쿼드에 맡기고, 카페 스위티는 셋이 오토바이 한 대에 매달려 도로에 쌓인 물자를 지나가며 낚아채 나른다",확실,확정
U167,방주 사회,relic:긴급뉴스대본_FB_3_final_2.pdf,223,relic:긴급뉴스대본_FB_3_final_2.pdf_02,org:중앙_정부 place:방주,F1041,"중앙 정부의 긴급 뉴스는 피드백을 거쳐 시간 · 피해 · '전투'라는 말을 지우고 '일방적으로 이기는 느낌'이 나게 고쳐지며, 사망자는 실제와 상관없이 0명이어야 한다",확실,확정
U168,일상 · 문화,event_freezeacpu,239,event_freezeacpu_prologue,place:방주,F1092,"방주는 TV로 할로윈 대규모 이벤트를 홍보하고, 공원 전체와 큰길을 써서 밤새 미션을 깨 사탕을 모으는 축제를 연다 — 저녁엔 가족, 새벽엔 젊은이가 남는다",확실,확정
U169,방주 사회,event_freezeacpu,239,event_freezeacpu_01_e,org:A.C.P.U. org:카운터스,,"체포 · 제압은 경찰 니케 A.C.P.U.만 하고, 지휘관과 카운터스는 행사 순찰을 돕는 '지켜야 할 시민'이다",확실,확정
U170,방주 사회,event_freezeacpu,239,event_freezeacpu_06_s,org:A.C.P.U.,,"A.C.P.U.는 범인이 달아날까 시민을 대피시키지 않고, 위험한 사탕 회수를 '빌런과 탐정이 사탕을 뺏는' 깜짝 이벤트 방송으로 꾸며 시민이 불안해하지 않게 한다",확실,확정
U171,방주 사회,ch25,241,d_main_24af_04,place:방주 org:중앙_정부,F1096,"랩쳐 · 헬레틱을 막아 낸 뒤 방주 전체가 니케를 다시 보고, 승리에 들떠 '할 만한데 왜 지상에 나가지 않느냐'는 말이 중앙 정부 안에서도 돈다",확실,확정
U173,지상,ch25,241,d_main_25_07_s,place:에덴 place:지상,,"에덴 사람들은 지상의 과일 · 고기 · 야채를 먹지만, 방주 니케는 지상 먹거리를 찾을 줄 몰라 야영에서도 방주에서 싸 온 것을 먹는다",확실,확정
U172,경제,ch25,241,d_main_25_07_s,org:미실리스 org:메티스 concept:퍼펙트,,"미실리스의 고급 야전 물자(하이퍼 칼로리 바 · 급속 냉동 과일 · 순수 지상 재료 퓨어 초코바)는 광고로만 보고 너무 비싸 못 사, 메티스나 먹고 카운터스는 허구한 날 퍼펙트다",확실,확정
U174,방주 사회,sub:중앙정부_프로토콜_00,242,sub:중앙정부_프로토콜_00,place:방주 place:쉘터,F1110,"방주가 괜찮다고 알려지자 사람들은 쉘터 안에서도 평소 일을 다시 시작하고, 즐기던 게임이 안 되면 '진짜 큰일'로 여긴다 — 서버가 열리자 접속자가 몰리고, 이런 때 도는 괴문서는 단속한다",확실,확정
U175,지상,ch26,244,d_main_26_03_s,org:바이스리터 org:필그림,F1119,"소속 없는 필그림 크라운 · 차임은 지도 대신 지형과 건물을 외워 지상을 누비며 보물과 '백성'을 모으고, 은혜를 입은 이는 거부권 없이 백성으로 삼는다",확실,확정
U176,구시대,ch26,244,d_main_26_07_s,person:레드_후드,F1118 F1126,"레드 후드의 어린 시절 고향 — 옥수수밭과 축사의 시골에서 태양열 카세트 플레이어를 선물로 받으면 보물이었고, '고향은 먼 곳' 같은 노래가 고전 명작으로 남았다",확실,확정
U177,기업 · 조직,ch26,244,d_main_26_11,org:미실리스 person:슈엔,,"방주가 무너진 직후에도 기업은 군 간부와 사업체 대표를 부르는 승전 행사를 로비로 준비하고, 지상 탈환 지원은 그 뒤로 미루려 한다",확실,확정
U178,방주 사회,sub:로망티스트_01,245,sub:로망티스트_01,place:방주 person:로망티스트,F1136,"시민이 지상행 엘리베이터를 몰래 타면 곧바로 들켜 옥에 갇힌다 — 옥에서도 점호가 있고, 취미가 통하는 간수장은 수감자에게 핸드폰을 쓰게 해 주기도 한다",확실,확정
U179,기업 · 조직,sub:코인_러시_00,246,sub:코인_러시_00,place:코인_러시 org:테트라,F1137,"방주 사태로 건물이 무너지고 많은 이가 죽자, 테트라의 니케는 슬퍼하는 사람들이 잠시라도 아픔을 잊게 안정 선언이 나자마자 광장 퍼레이드를 열려고 미리 리허설을 준비한다",확실,확정
U180,방주 사회,relic:저주받은보석,247,relic:저주받은보석_00,,,"말단 지휘관은 능력 파악용 '버리는 패'가 될 걸 알면서도 보수가 좋은 특이 랩쳐 조사를 맡아, 한참 못 보낸 돈을 가족에게 부치려 한다",확실,확정
U181,방주 사회,relic:저주받은보석,247,relic:저주받은보석_04,concept:기억_소거,,"끔찍한 일을 겪은 뒤 지휘관은 휴가를 내고, 함께 살아남은 니케는 스스로 기억 소거를 희망한다",확실,확정
U183,구시대,event_redash,248,event_redash2_03_e,org:갓데스,F1164,"1차 침공 때 갓데스는 TV로 알려진 '승리의 여신'이라 피난민마다 좋아하는 멤버가 있는 팬이고, 그들을 보면 포기했던 희망을 얻는다",확실,확정
U182,구시대,event_redash,248,event_redash2_03_e,place:방주 item:방주_추첨권,,"방주에는 추첨권이 있어야 들어갈 수 있어, 피난민은 랩쳐에 죽은 이들의 시체에서 '필요한 다른 사람'을 위해 추첨권을 챙긴다",확실,확정
U184,방주 사회,event_redash,248,event_redash2_epilogue,concept:양산형_니케,F1173,"방주 시대의 양산형 니케는 이름 없이 인식표 번호(RR-15436)로 불리고, 스스로도 '양산형인 저에겐 이름 같은 건 없다'고 여긴다",확실,확정
U185,구시대,erelic:red_ash_lost,249,erelic:red_ash_lost_07,org:V.T.C.,F1178,"1차 침공 때 세상은 생존이 우선되어 인간의 존엄성이 무너졌고, 교단의 차기 여교황조차 기도와 신앙으로는 할 수 있는 일이 없어 무기를 들었다",확실,확정
U186,구시대,erelic:red_ash_mini,250,erelic:red_ash_mini_04,person:도로시,F1187,랩쳐 전쟁 시대에는 무기 대신 양산을 들고 햇빛 아래를 천천히 걷는 일이 '특별한 사람'이 된 듯한 사치였다,확실,확정
U187,전초기지,event_newyearnewsword,258,event_newyearnewsword_prologue,place:전초기지 person:노이즈,F1228,1년의 마지막 밤 전초기지에 작은 콘서트가 열려 카운터스부터 언리미티드까지 여러 스쿼드의 니케가 한자리에 모인다,확실,확정
U188,구시대,event_newyearnewsword,258,event_newyearnewsword_03_e,org:근접_전투_스쿼드,,랩쳐 전쟁 때 니케들은 전쟁이 끝나면 일주일 내내 침대에 있기 · 따뜻한 수프를 냄비 가득 끓여 마시기 · 보고 싶던 만화책 다 보기 같은 '시답지 않은 것'을 꿈속에서만 누렸다,확실,확정
U189,구시대,event_newyearnewsword,258,event_newyearnewsword_05_e,concept:양산형_니케 org:인류연합군,F1235,"1차 침공기 양산형 니케는 임무를 거부하면 사고 전환으로 판단되어 처분되었고, 지휘관 자리는 '좋은 곳에서 평생 안전하게 살게 해 준다'는 약속으로 채워졌다",확실,확정
U190,방주 사회,event_dirtybackyard,262,event_dirtybackyard_prologue,place:포그_할로우 place:아우터_림 org:모란회,,"아우터 림의 공장 마을 포그 할로우는 매연과 안개로 늘 뿌옇고, 주민들은 과로하며 가족을 먹여 살리고 언더월드 조직(모란회)이 뒤를 봐주는 구역이라 아무도 건드리지 않는다",확실,확정
U191,방주 사회,event_dirtybackyard,262,event_dirtybackyard_02_s,concept:미스트 place:아우터_림,F1258,"미스트 중독자들은 아우터 림 입구에서 시신 더미를 밟고 격벽에 손을 뻗거나 시신 더미에 절하며 미스트를 빌고, 배가 베여도 웃으며 목단을 '구세주'라 부른다",확실,확정
U192,방주 사회,event_dirtybackyard,262,event_dirtybackyard_epilogue,org:모란회,F1264 F1267,"사람들은 조작된 뉴스를 그대로 믿어 모란회를 쓰레기 취급하고, 날마다 모란회 벽에 '살인자' · '모란회를 해체하라' 같은 욕설을 쓴다",확실,확정
U193,지상,ch27,267,d_main_26af_01,place:탈환지_01,F1287,"탈환지로 가는 보급은 택배 로봇이 랩쳐 동선을 피해 험지를 꾸역꾸역 지나 날라 오는 것이라, 상자가 터지고 분실되기 일쑤다",확실,확정
U194,경제,ch27,267,d_main_27_03_s,org:해머&드릴 person:해머링 person:리버린,F1292,"방주 인근 광맥이 바닥난 채광 스쿼드는 한 달씩 놀며 폐기를 걱정하고 고보수 아르바이트를 놓지 못하며, 택배 니케는 실수 없는 로봇 · 드론에게 일을 빼앗긴다",확실,확정
U195,방주 사회,ch27,267,d_main_27_03_e,place:방주 person:리버린,F1293,돈과 시간은 있고 자극이 모자란 높으신 분들은 극적인 순간 선물을 전하며 대사를 읊고 비위를 맞춰 주는 니케 '이벤트 도우미'를 산다,확실,확정
U196,지상,sub:트윙클_00,271,sub:트윙클_00,place:탈환지_01 place:방주,F1306,"방주 사람들에게 지상은 늘 불안과 공포가 전제인 곳이고 방주의 하늘은 지상 하늘을 재현한 것이라, 깃발을 세운 '우리 땅' 탈환지에서야 처음 마음 놓고 진짜 구름을 올려다본다",확실,확정
U197,구시대,relic:잘지내라친구,272,relic:잘지내라친구_02,item:방주_추첨권,F1307,"방주 추첨권은 시골 촌구석까지 오지 않아, 갈 곳 없는 시골 사람들은 고향에 남아 술을 마시며 지내고 이웃끼리 결혼하며 살았다",확실,확정
U198,방주 사회,ch28,273,d_main_28_10,place:방주,F1320,"천만 명이 사는 방주는 아우터 림만 빼면 누구나 높은 인프라를 아무렇지 않게 누리지만, 발전소 하나 없이 돌아가는 그 에너지가 어디서 오는지는 아무도 묻지 않는다",확실,확정
U199,기업 · 조직,sub:택틱컬틱택_00,274,sub:택틱컬틱택_00,concept:양산형_니케 org:엘리시온,F1323,"양산형 니케의 탈주는 가끔 있는 일로, 대개 니케가 된 직후 양산형이 되었다는 절망감과 이질감 때문에 일어난다",확실,확정
U200,기업 · 조직,sub:택틱컬틱택_01,275,sub:택틱컬틱택_01,concept:양산형_니케 org:엘리시온 concept:기억_소거,F1325,사람처럼 대해 주던 회사에서도 큰 공을 세운 양산형 니케가 '기밀'이라는 말 한마디로 기억 소거를 받는다 — 동료들은 결국 병기 취급이라며 믿음을 잃는다,확실,확정
U201,방주 사회,sub:핸섬_커맨더_01,277,sub:핸섬_커맨더_01,place:방주 person:이안_맥스,F1329,"줄도 빽도 없는 지휘관에게 바깥 탐색 같은 위험한 작전은 출세길이었다 — 방주는 한때 사람과 니케를 들이붓다 소득이 없자 그만두었고, 돌아오지 못한 이들의 생사는 정부에 물어도 답이 없었다",확실,확정
U202,기술,sub:MMR지킴이_00,278,sub:MMR지킴이_00,person:에테르 org:M.M.R.,F1333,"M.M.R.의 에테르는 정체 모를 점액질을 직접 확인하러 지상에 바디를 올려 보내고, 다녀온 바디는 곧바로 폐기한다 — 위험한 조사는 갈아 끼울 바디로 한다",확실,확정
U205,기업 · 조직,event_boomsday,280,event_boomsday_01_s,org:미실리스 org:일렉트릭_쇼크,,"개발 스쿼드 니케도 기업 홍보 영상 인터뷰에 불려 나가 '회사 기밀 · CEO 앞에서 할 수 있는 말만' 하고, 낯가리는 니케는 영상에 나오면 주가가 떨어질까 겁낸다",확실,확정
U204,방주 사회,event_boomsday,280,event_boomsday_01_e,place:방주,F1337,"작은 정전이 해마다 여러 번 나도 시민에게는 알리지 않고, 혼란이 퍼지기 전에 개발 스쿼드에 기한을 주어 몰래 고치게 한다",확실,확정
U203,일상 · 문화,event_boomsday,280,event_boomsday_03_e,place:방주 org:아크레인저,,"방주 최대 게임 축제 [아크 게임쇼]가 일주일 열려 게임사 신작 · 현장 이벤트 · 레트로 게임 초회판 전시 · 코스프레 · 아크레인저 팬미팅이 열리고, 2인 1조 특전 의상을 노린 게이머가 몰린다",확실,확정
U206,방주 사회,event_killthelord,282,event_killthelord_02_s,concept:로열,,로열들은 낡은 건물을 다 헐고 다시 지은 초고가 아파트에 모여 살고 — 로열도 대부분 값 때문에 못 들어간다 — 부부 동반 사교 모임에서 사업 · 돈 이야기로 인맥을 넓힌다,확실,확정
U207,일상 · 문화,event_killthelord,282,event_killthelord_02_s,concept:로열,,"생화는 구하기 어려운 귀한 것이라, 특수 용액으로 시들지 않게 한 프리저브드 플라워가 이웃 선물이 되고 생화로 꾸민 저택은 '진짜 부자'의 표시다",확실,확정
U208,방주 사회,event_killthelord,282,event_killthelord_05_s,org:화양연화,F1347 F1350,"간절한 바람이 있거나 집에서 맞고 사는 이들이 기적을 약속하는 모임을 찾아 스스로 집을 떠나 기도방에 기거하고, 정체가 밝혀져도 모임을 찾는 사람은 늘어난다",확실,확정
U209,방주 사회,event_killthelord,282,event_killthelord_06_e,org:중앙_정부,F1345 F1350,"높은 분의 딸 일은 조사도 남에게 떠넘기고, 남편의 죽음이나 환각 물건 사용도 높은 분의 입막음 · 개입으로 처벌 없이 조용히 처리된다",확실,확정
U211,방주 사회,side:second_affection,288,side:second_affection_04,place:방주,,"방주에서 자란 니케에게 고기는 냉장고에서 나오는 것이라, 낚싯대로 물고기를 낚는다는 말을 거짓말로 듣는다",확실,확정
U210,지상,side:second_affection,288,side:second_affection_05,place:지상 org:필그림,F1362,"지상의 필그림은 잠도 야영도 피해 쉬지 않고 걷고, 주인 없는 민가에서 담요 · 땔감 · 책을 얻으며 개울에서 낚은 물고기를 소금 없이 쇠막대에 꽂아 굽는다 — 늪은 무거운 니케에겐 끝장이다",확실,확정
U213,방주 사회,ch29,291,d_main_29_01_s,person:지휘관 person:시프티,,지휘관보다 오퍼레이션 디바이스가 더 비싸다는 우스갯소리가 돌 만큼 지휘관은 값싸게 여겨진다,확실,확정
U212,경제,ch29,291,d_main_29_08_e,person:드릴리 org:해머&드릴,,"장식 말고는 쓸 데 없는 보석이 고가라, 그 채광이 일 없는 니케에게 수입 좋은 장기 아르바이트가 된다",확실,확정
U214,지상,relic:반드시사수하라,292,relic:반드시사수하라_01,item:하모니_큐브 concept:니케,F1393,고래에 실려 권외까지 온 니케 부대는 지휘관이 녹아 죽자 '이래서 인간은' 하며 스스로 진을 치고 하모니 큐브를 지켜 방주와 통신하려 한다,확실,확정
U216,경제,ch30,293,d_main_30_02,person:리버린 org:패스파인더,F1398,로봇에게 일자리를 잃은 니케가 뒷세계 운반책으로 큰돈을 벌어 넓은 집 · 고급 브랜드 옷 · 좋은 음식을 누린다,확실,확정
U215,방주 사회,ch30,293,d_main_30_03_e,concept:니케 org:패스파인더,F1402,"니케는 생명활동에 자원이 필요 없다는 논리로, 일이 끊긴 니케 스쿼드도 인원 제한의 예외를 받지 못하고 생계가 막힌다",확실,확정
U217,지상,relic:하모니큐브관찰일지,294,relic:하모니큐브관찰일지_03,concept:니케 item:하모니_큐브,F1421,"랩쳐와 싸우다 흘러든 니케는 코어 출력이 바닥나 움직이지 못한 채 가상 키보드로 일지를 쓰며 죽음을 기다리고, 큐브의 재료가 되는 것도 '초석'이라 받아들인다",확실,확정
U218,지상,event_lastkingdom1,295,event_lastkingdom1_01_e,place:크라운_왕국 place:지상,,"지상의 고성에 사는 니케들은 털 많은 거미를 통째로 씹는 식사를 차리고, 처음 지상 음식을 먹는 방주 니케는 그 앞에서 기절한다",확실,확정
U219,지상,event_lastkingdom1,295,event_lastkingdom1_02_s,place:크라운_왕국,F1425,"지상의 작은 왕국은 바깥을 돌며 배터리 · 전자 제품 · 금속 · 나무 순으로 쓸 만한 것을 주워 오고, 낡은 관광지 고성의 성벽을 회반죽으로 메꿔 산다",확실,확정
U222,기업 · 조직,event_lastkingdom1,295,event_lastkingdom1_03_s,person:킬로 concept:양산형_니케,F1423,양산형보다 스펙이 낮고 특화 능력도 없는 니케는 이 스쿼드 저 스쿼드로 굴려지다 시험 병기의 파일럿 자리에 떨어진다,확실,확정
U220,지상,event_lastkingdom1,295,event_lastkingdom1_03_e,place:크라운_왕국 org:필그림,F1435,"신호 차폐 성벽 안에는 통신 시스템이 없어, 위급하면 봉화를 올려 지상을 떠도는 동료가 봐 주기를 바란다",확실,확정
U221,구시대,event_lastkingdom1,295,event_lastkingdom1_04_e,concept:하이퍼_푸드,F1427,"하이퍼 푸드는 식량난을 끝내고 식문화를 바꿀 것이라 기대받았지만, 농업 종사자들의 과격 시위가 잇따랐다",확실,확정
U225,일상 · 문화,event_darkhero,298,event_darkhero_01_s,place:방주,F1464,엘리시온 · 미실리스 · 테트라 니케가 한방에 모여 온라인 게임 신규 레이드를 반나절씩 공략하고 격투 게임으로 밤을 새운다 — 게임이 기업을 넘는 '화합의 장'이다,확실,확정
U223,방주 사회,event_darkhero,298,event_darkhero_01_s,org:중앙_정부 org:일렉트릭_쇼크,F1465,중앙 정부가 직접 섭외한 방송 · 인터뷰로 정전을 해결한 니케를 [방주의 히어로]로 띄우고 시민들도 그렇게 부른다 — 말을 더듬은 트로니는 통편집된다,확실,확정
U224,일상 · 문화,event_darkhero,298,event_darkhero_06_s,place:방주 org:아크레인저,,"방주 아이들은 꿈을 물으면 의사나 아크레인저 같은 히어로를 말하고, '하늘을 보는 것'이라는 꿈은 웃음거리가 된다",확실,확정
U226,방주 사회,event_beautyfullshot1,305,event_beautyfullshot1_01_e,place:방주,F1507,"얼굴이 보도된 이는 진위와 상관없이 길에서 낯선 이가 TV · 인터넷 소문(실종된 PD를 묻었다 · 간부에게 로비한다)을 들이대며 캐묻고, 부정하면 긍정으로 받아들인다 — 커진 소문은 일부 강경한 이들을 움직인다",확실,확정
U227,방주 사회,event_beautyfullshot1,305,event_beautyfullshot2_03_e,org:이그조틱 place:아우터_림,F1514,"이그조틱으로 시궁창에 던져진 니케는 낡은 핸드폰 하나가 전부라 보트 · 서핑은 엄두도 못 내고 철 지난 잡지로 아는 척하지만, 가진 니케는 마음만 먹으면 수영용 바디로 휙휙 갈아 끼운다",확실,확정
U228,기술,ch31,308,d_main_31_03,item:A_필러 item:하모니_큐브,F1526,"방주를 짓는 하모니 큐브 · A 필러는 물리 법칙을 벗어나 원리가 극비이고, 엘리트 니케도 '알 필요도 없다'며 모른 채 쓴다",확실,확정
U229,기술,relic:말뚝프로젝트보고서,309,relic:말뚝프로젝트보고서_02,item:A_필러,F1539,말뚝(A 필러)은 무에서 구조물을 솟게 하지 않고 주변 재료를 써서 — 사막 · 숲에서는 재료가 모자라 실패하고 무너진 도시에서야 구축에 성공했다,확실,확정
U230,기업 · 조직,side:wordless,331,side:wordless_02,org:미실리스 org:워드리스,F1616,"테러범을 낸 기업은 위상이 떨어져 모든 스쿼드가 '이미지 쇄신 성과'를 강요받고, 죄수가 된 니케도 가둬 두기보다 써먹는다",확실,확정
U231,방주 사회,side:wordless,331,side:wordless_09,concept:니케 place:방주,F1615,"다시 롤아웃된 니케는 넘겨받은 자료로 제 과거를 익히는데, 범죄자에게 연민 · 감화되지 않게 흉악범과 얽힌 정보는 빠지고 범죄자 기록은 누구에게도 전해지지 않는다",확실,확정
U232,방주 사회,ch33,334,d_main_33_01,place:방주 org:중앙_정부,F1624,"헬레틱이 아군이 되었다는 소식은 방주를 뒤집을 일이라 극비로, 중앙 정부 안에서도 부사령관끼리 정보를 막는다",확실,확정
U233,일상 · 문화,ch33,334,d_main_33_04,concept:니케,,"하루하루 살아가기 급급한 세상이라 니케에게 아름다움은 '전설의 동물'처럼 챙길 수도, 챙겨서도 안 되는 것으로 여겨진다",확실,확정
U235,기술,ch34,336,d_main_34_af_01,person:해머링 item:브레인_셸터,F1659,수정에 먹힌 니케는 수정을 떼지 못한 채 특수 브레인 셸터에 머리만 보관하며 뇌파로 상태를 지켜본다,확실,확정
U234,방주 사회,ch34,336,d_main_34_af_02,place:방주 place:지상,F1660,"첫 지상 탐색에서 하모니 큐브 · 수정 같은 귀한 것을 얻자 지상 탐색의 값이 올라, 방주가 탐색 인원을 대폭 늘리고 스쿼드끼리 따로 팀을 꾸려 겨루게 될 판이다",확실,확정
U236,지상,relic:충격다크매터란무엇인가,337,relic:충격다크매터란무엇인가_02,org:포비스트 concept:다크_매터,F1661,"포비스트는 한 헬레틱이 다크 매터를 다루어 나머지에게 두르게 하고 닳으면 채워 주며, 설명서를 정말 읽었는지 불시에 '1111'로 확인하겠다고 할 만큼 넷이 엮여 산다",추정,확정
U237,구시대,event_oldtales1,338,event_oldtales1_prologue,place:지상,,1차 침공 때 무너지는 도시에서 사람이 사람을 구하지 않고 밀치고 버렸다,확실,확정
U239,구시대,event_oldtales1,338,event_oldtales1_01_s,org:V.T.C.,F1664,"인류연합군과 V.T.C.가 2세대가 누구의 것이냐는 이권으로 다투느라, 준비 만전인 최고 전력을 전시에 테스트만 시켰다",확실,확정
U238,구시대,event_oldtales1,338,event_oldtales1_01_e,org:갓데스,,"갓데스의 전투는 영상 리포트로 돌아 팬들이 챙겨 보고, 갓데스 지휘관은 'PR'을 위해 쇼맨십과 이름 대기를 시켰다",확실,확정
U240,구시대,event_oldtales1,338,event_oldtales1_04_e,concept:양산형_니케,,"양산형 니케는 시설 경비에 쓰였고, 개발자에게는 2세대 하나보다 못한 방패로 여겨졌다",확실,확정
U241,구시대,event_oldtales1,338,event_oldtales2_05_e,person:신데렐라,F1685,"랩쳐가 자연재해처럼 여겨지자 가족 · 친구를 잃은 이들의 복수심이 단 하나뿐인 아나키오르에게 몰렸고, 정부는 그 처단을 사기 진작에 쓰려 했다",확실,확정
U242,지상,event_oldtales1,338,event_oldtales2_epilogue,place:지상,F1693,밀봉 10여 년 뒤 지상에 나온 방주 연구원들은 구시대 양산형을 붙잡아 1년 동안 열어 보며 한몫 잡을 로스트 테크놀로지를 찾았다,확실,확정
U243,구시대,erelic:old_tales_dialog,339,erelic:old_tales_dialog_08,place:지상,F1696,아나키오르에게 고향과 가족을 잃은 정부 간부 · 연구원들은 침식된 니케를 동정하지 말라며 연구를 빌미로 한 복수를 묵인했다,확실,확정
U244,구시대,erelic:old_tales_mini_memory,341,erelic:old_tales_mini_memory_01,org:인류연합군,F1704,"1차 침공기 병사들은 윗선이 시켜 쉘터로 피난한 가족에게 편지를 썼고, 갓데스 후속기의 배치 소식에 휴가와 종전을 기대했다",확실,확정
U245,방주 사회,event_footstepwalkrun1,350,event_footstepwalkrun1_01_s,org:중앙_정부 incident:1차_지상_탈환전,,1차 지상 탈환전을 앞두고 어느 채널을 틀어도 중앙 정부 간부의 탈환전 선전만 나온다,확실,확정
U246,방주 사회,event_footstepwalkrun1,350,event_footstepwalkrun1_01_e,person:라피,F1740,"가족 없는 희귀병 아이는 지원금으로만 굴러가는 병원에 누워 입양도 인계도 안 되고, 병원은 살아남으려 위험한 임상 실험을 받는다",확실,확정
U247,일상 · 문화,event_footstepwalkrun1,350,event_footstepwalkrun1_02_e,place:방주,,방주 번화가 사람들은 귀에 뭔가를 꽂고 바삐 오가며 아무도 낯선 이와 눈을 마주치지 않는다,확실,확정
U248,방주 사회,event_footstepwalkrun1,350,event_footstepwalkrun1_02_e,concept:니케 org:중앙_정부,F1741,"양산형 니케들이 '니케는 생명체다' · '갓데스 폴을 잊었는가'를 외치며 시위하고, 중앙 정부는 폭격과 총격으로 강경 진압한다",확실,확정
U249,방주 사회,event_footstepwalkrun1,350,event_footstepwalkrun1_04_e,concept:With_Nikke person:프리티,F2547,"갱생관 복도 TV에 '그녀들은 마음 없는 병기가 아닙니다'라는 테트라 후원 With Nikke 광고가 흐르고, 이어지는 프리티의 20초 무대를 양산형들이 손꼽아 기다린다",확실,확정
U250,방주 사회,event_footstepwalkrun1,350,event_footstepwalkrun1_05_e,concept:니케,F1746,"양산형 스쿼드는 대부분 코드로 불리고 실력 좋은 곳만 이름을 얻으며, 갓데스 폴 뒤 대우가 좋아진 전투 특화가 양산형이라면 누구나 탐내는 자리다",확실,확정
U251,경제,event_footstepwalkrun1,350,event_footstepwalkrun1_06_s,org:테트라,,"테트라 니케 아이돌 오디션 참가 티켓은 돈 주고도 못 사 암표로 고가에 팔리고, 가짜 티켓 주의 뉴스가 나온다",확실,확정
U254,방주 사회,event_wisdomspring,353,event_wisdomspring_02_s,org:M.M.R.,F614,지상에서 병을 얻어 온 사람은 M.M.R. 연구소에 와서 치료받아야 한다,확실,확정
U252,기업 · 조직,event_wisdomspring,353,event_wisdomspring_intermission_01,org:M.M.R. place:M.M.R._심층부,F1768,"M.M.R. 연구원은 사유서로 승인받은 시간대로만 심층부에 드나들어 그 시간을 바꿀 수 없고, 안에서는 바깥과 연락이 끊긴다 — 조직이 연구원조차 믿지 않는다",확실,확정
U253,기술,event_wisdomspring,353,event_wisdomspring_intermission_01,org:M.M.R. concept:니케,F1769,"방주 이주 뒤 뛰어난 예술가 · 기술자 · 과학자를 니케로 만들어 지식을 보존했고, 수명에 매이지 않고 연구를 끝내려 니케가 되기를 자청한 이도 많다",확실,확정
U255,방주 사회,ch35,358,d_main_35bf_02,place:방주,F1788,"방주는 우상화를 견제해 공적 기사도 하루 5회, 유동인구가 가장 적은 때만 시내 스크린에 튼다 — 그래도 알아본 시민들이 손을 흔든다",확실,확정
U256,구시대,ch35,358,d_main_35_01,place:지상,F1791,"랩쳐 전쟁 전 그 정글은 자연 가치를 지키려 인간 문명이 최소한으로만 손댄 보존 지역이라, 지금은 쓸 만한 시설이 거의 없다",확실,확정
U257,기업 · 조직,ch35,358,d_main_35_07,org:메티스 org:미실리스,F1796 F1616,"기업 니케 스쿼드는 회사의 얼굴이라, 방주 테러에 랩쳐를 불러들인 일 뒤 메티스는 일감이 끊기고 히어로 타이틀이 퇴색해 오너의 위기도 막지 못한다",확실,확정
U258,일상 · 문화,ch36,360,d_main_36_04,org:T.T.STAR org:테트라,,"아이돌의 SNS 메시지는 매니저나 회사가 먼저 걸러, 옛 멤버가 보내도 사칭으로 여겨 닿지 않는다",확실,확정
U259,경제,ch36,360,d_main_36_08_s,org:카운터스,F1818,"상인들이 유명한 스쿼드에게만 오랜 기간 값을 서서히 올리는 바가지가 흔해, 거래를 끊겠다고 으름장을 놓아야 정상화된다",확실,확정
U260,일상 · 문화,ch36,360,d_main_36_08_e,place:방주,,"TV는 영향력이 줄었어도 여전히 메이저 매체라 광고가 1년 치 넘게, 마이너 채널까지 예약이 차 있다",확실,확정
U263,일상 · 문화,event_newflavor,367,event_newflavor_prologue,concept:퍼펙트 place:방주,F590,식당의 '이달의 추천 메뉴' 수비드 안심 스테이크도 소 안심을 흉내 낸 퍼펙트에 가니쉬를 곁들인 것이다,확실,확정
U264,일상 · 문화,event_newflavor,367,event_newflavor_02_s,org:쿠킹오일 person:엠마,F1834,니케들도 쿠킹오일의 요리 방송 [아삭바삭 쿠킹 클래스]를 보며 따라 요리한다,확실,확정
U262,경제,event_newflavor,367,event_newflavor_intermission_01,concept:퍼펙트,,맛 이상 소문이 돌자 음식점들은 이전 제조분 재료를 사재기한다,확실,확정
U261,방주 사회,event_newflavor,367,event_newflavor_06_e,concept:퍼펙트 place:방주,F1836,"퍼펙트가 잘못되자 위에서는 '확인 중'으로 시간을 끌다 보관 기계 오작동이라 발표하고 손해 본 가게에 지원금을 줘, 불만은 들어가고 '대처 잘했다'는 말만 남는다",확실,확정
U266,지상,side:mudfish,370,side:mudfish_05,place:지상,,홀로 지상에 남은 니케는 폐가에서 이불 · 통조림 · 퍼펙트를 주워 동굴에서 버틴다,확실,확정
U265,지상,side:mudfish,370,side:mudfish_07,concept:니케 place:지상,F1845,"지상의 니케들은 검은 물을 흘리는 니케를 괴물이라 보는 대로 쏘고, 낙오된 그 니케는 도움을 청하지도 못한 채 랩쳐를 유도해 시선을 돌리며 살아남는다",확실,확정
U267,일상 · 문화,ch37,373,d_main_37_03,place:방주,,"방주 사람들은 미디어를 엄청나게 소비해 마이너 채널도 평균 시청률 2% · 편성당 게시물 천여 개가 붙고, 콘텐츠는 초반에 승부를 못 보면 끝이다",확실,확정
U268,기업 · 조직,ch37,373,d_main_37_05,place:지상 org:엘리시온,F1858,"지상 탐색은 방주의 오랜 숙원이라 기업은 물론 민간까지 참가를 원하고, 작은 성과라도 얻으면 방주 안 입지가 굳어진다",확실,확정
U269,기업 · 조직,ch37,373,d_main_37_05,org:이지스,F670,"이지스는 어드마이어 호 유지비 때문에 늘 잘릴까 걱정하다, 작전 지원 대가로 미실리스가 유지비를 대자 '한동안 안 잘린다'고 안도한다",확실,확정
U270,방주 사회,ch38,375,d_main_38_05_s,person:아니스 place:방주,F2705,"얼굴이 뉴스에 나온 니케가 이상한 방송을 내면 사람들은 멋대로 짐작하고 헐뜯으며, 자기 말이 공신력이라도 있는 듯 반영을 요구한다",확실,확정
U271,일상 · 문화,ch38,375,d_main_38_06,person:민트 concept:니케,,"연예계 니케는 가장 사람에 가까운 일상용 바디를 써 상처가 나도 파츠를 못 갈아 끼우고, 리얼리티를 위해 상처 · 멍이 낫는 과정까지 보여 준다",확실,확정
U272,일상 · 문화,ch38,375,d_main_38_06,org:T.T.STAR person:민트 person:프리카,F1874,"요즘 아이돌은 춤 · 노래보다 캐릭터성의 시대라, 인기 없는 전 아이돌은 곡 · 의상 · 무대를 구해 줄 이 없이 요리 프로 · 액세서리 사업으로 산다",확실,확정
U273,방주 사회,ch38,375,d_main_38_07_e,place:아우터_림,F2061,"아우터 림은 중앙 정부의 감시 밖이라 자극을 찾는 출소자가 니케 퇴폐 업소로 파티하러 가고, 거기서 사라져도 수사하지 않으며, 감찰 부대는 가기만 해도 뇌물 누명을 쓴다",확실,확정
U274,방주 사회,event_unbreakablesphere1,377,event_unbreakablesphere1_03_e,person:미하라,,"'쉽사리 남을 돕지 않고, 도울 수 없는 시대'라 이유 없는 호의가 낯설어 나쁜 꿍꿍이부터 의심한다",확실,확정
U275,기업 · 조직,event_unbreakablesphere1,377,event_unbreakablesphere1_04_s,org:미실리스 person:모리,F1890,"미실리스는 막 깨어난 니케를 지식 · 지구력 · 전투 평가로 스쿼드에 배정하고, 재능이 없으면 '덜떨어진' 불량품이라 일반 니케도 양산형 스쿼드에 밀어 넣는다",확실,확정
U276,방주 사회,event_unbreakablesphere1,377,event_unbreakablesphere1_04_s,person:모리,,똑같은 얼굴의 양산형 니케들은 자기 얼굴과 이름으로 불리는 일반 니케를 질투하고 따돌린다 — 배식 사용권을 미리 써 버려 굶기는 식이다,확실,확정
U277,일상 · 문화,event_unbreakablesphere1,377,event_unbreakablesphere1_04_e,person:세이렌 person:모리,,니케에게는 생일이라는 개념이 없다 — 세이렌은 태어난 걸 축하하는 날을 생일로 삼자며 모리의 생일을 정해 준다,확실,확정
U278,일상 · 문화,event_arcanearchive,383,event_arcanearchive_03_e,place:방주 person:아르카나,,"방주 사람의 생활은 핸드폰 결제 내역에 다 남고, 니케도 카페 · 디저트 가게 · 액세서리 · 네일 숍 · 미용실 · 맛집 · 스티커 사진으로 하루를 논다",확실,확정
U279,기업 · 조직,event_arcanearchive,383,event_arcanearchive_04_e,org:베스트셀러 concept:기억_소거 org:엘리시온,F1927,"금서고 관리자는 퇴근한 뒤 엘리시온 본사까지 따로 가서 매일, 많게는 열 번 넘게 기억 소거를 받는다 — 보안 때문에 장치를 곁에 둘 수도 없다",확실,확정
U280,방주 사회,event_arcanearchive,383,event_arcanearchive_05_s,place:금서고 place:방주,F1931,"세계사 · 대중가요 · 영화 같은 인류의 과거 기록까지 금서고의 최고 기밀로 감춰지고, 그마저 공간이 모자라 또 증축한다",확실,확정
U281,구시대,event_arcanearchive,383,event_arcanearchive_05_e,incident:아크_가디언_작전,F1934,"랩쳐 침공부터 아크 가디언까지 싸운 이들 — 퇴각을 엄호하다 전사한 23세 기관총 사수, 16세에 니케로 자원한 소녀, 피난 중 실종된 38세 — 의 기록은 최후 정보가 모자라 '추가 요망'으로 남았다",확실,확정
U282,경제,event_arcanearchive,383,event_arcanearchive_epilogue,person:아르카나 place:방주,,"니케 아르카나는 방주 시내에 월세 점집을 내 부업을 하는데, 재계약일을 놓치자 월세를 밀린 적 없는데도 건물주가 하루도 봐주지 않고 내보냈다",확실,확정
U283,방주 사회,event_lordforjustice,385,event_lordforjustice_04_s,place:방주 place:아우터_림 org:저지스,F1960,"방주는 사회 구조와 분위기만으로 범죄 조직과 사회 불안이 절로 생겨 저지스가 슬럼가를 따로 만들 필요가 없었고, 시민은 랩쳐를 볼 일이 없어 경각심이 날로 낮아진다",확실,확정
U284,방주 사회,event_lordforjustice,385,event_lordforjustice_05_s,place:포그_할로우 org:모란회,F1965,"괴멸한 포그 할로우에서는 남은 주민과 모란회 조직원이 함께 마을을 다시 세우고, 언덕의 무덤 수십 개에 술을 따른다",확실,확정
U285,방주 사회,event_ce006,387,event_ce006_1_01_s,org:중앙_정부,Q107 F1987,"'지상 생존자 0명'은 중앙 정부의 [공식] 입장으로 통하고, 니케들도 그대로 믿기보다 '일단은 그렇다'고 받아들인다",확실,확정
U286,지상,event_ce006,387,event_ce006_1_01_e,org:카운터스,,"방주에서 부품을 조달하면 오래 걸려, 카운터스는 급한 부품을 지상의 고철을 뒤져 구한다",확실,확정
U287,방주 사회,event_ce006,387,event_ce006_1_intermission_01,org:중앙_정부,F1981,개정된 지상 지도는 중앙 정부 직속 부대원에게만 지급되어 '특권' · '정보를 쥐고 흔든다'는 말을 듣는다,확실,확정
U288,구시대,event_ce006,387,event_ce006_2_02_e,org:인류연합군,F1986,랩쳐 침공 뒤 인류연합군은 예술 도시를 지키는 이들을 [무기를 든 예술가들]로 내세워 사기를 올리다 지원을 끊었다,확실,확정
U289,방주 사회,event_ce006,387,event_ce006_2_03_e,org:중앙_정부,,"꽉 막힌 방주는 절대적으로 신용받는 중앙 정부 위에 서 있어, 그 신용이 무너지면 모든 게 끝난다고 여긴다",확실,확정
U292,기술,event_ce006,387,event_ce006_2_04_s,,,"100년 전 벙커의 저장 장치 데이터는 지금 핸드폰 하나에 들어갈 만큼 저장 기술이 발전했지만, 옛 규격이 맞지 않아 지상의 옛 데이터 센터에서 장치를 찾아야 했다",확실,확정
U290,구시대,event_ce006,387,event_ce006_2_05_s,person:헤르민,F1989,"구조를 기다리던 벙커에서는 말없이 떠나는 이들이 이어지고, 추위에 예술품 천 · 목조상을 쓰려는 이들을 헤르민이 막았다",확실,확정
U291,구시대,event_ce006,387,event_ce006_2_05_s,concept:니케,F1990,"랩쳐 전쟁 때는 자살이나 마찬가지인 작전이 흔해, 무리한 명령을 거부하고 탈주하는 니케들이 있었다",확실,확정
U293,일상 · 문화,event_ce006,387,event_ce006_2_06_e,place:방주,F1999,지상에서 옮겨 온 예술 데이터가 퍼지자 방주 곳곳에서 강연 · 공연 · 전시가 열리고 매체가 옛 예술 이야기로 가득 찼다,확실,확정
U294,일상 · 문화,event_ce006,387,event_ce006_3_epilogue,concept:양산형_니케,F2002,양산형 니케도 예술에 재능이 있으면 화가로 활동하며 개인전을 연다,확실,확정
U297,일상 · 문화,event_overthehorizon,391,event_overthehorizon_04_e,place:코스모_버거,,"보육원 아이들은 코스모 버거를 사 오는 니케 '언니'에게 몰려들고, 함께 비행기 놀이 · 술래잡기를 한다",확실,확정
U298,방주 사회,event_overthehorizon,391,event_overthehorizon_06_s,place:아우터_림,F2013,아우터 림 사람 대다수는 어디서 태어났는지 모른 채 그곳에서 자란다,확실,확정
U296,지상,event_overthehorizon,391,event_overthehorizon_06_e,place:지상 place:승리의_날개_호,F2014,콜렉터들은 아지트 벽에 승리의 날개 호 흔적 좌표와 핀잔 · '다음에 다 같이 가보자' 같은 메모를 붙여 가며 함께 지상을 뒤진다,확실,확정
U295,방주 사회,event_overthehorizon,391,event_overthehorizon_06_e,place:아우터_림,F2013,"콜렉터는 아우터 림에서도 위험한 존재로 취급받아 방주에 도울 이가 없고, 사비로도 모자라 지상 물자를 몰래 들여와 장기 탐색을 버틴다",확실,확정
U301,방주 사회,fl:boom_the_ghost,393,fl:boom_the_ghost_03,person:도로시 org:필그림,,"방주 사람들에게 도로시는 헬레틱과 싸워 준 은인이면서도 '지금 방주에 있다는 필그림'이라 두려운 존재이고, 대가 없는 호의를 의심받는다",확실,확정
U300,구시대,fl:boom_the_ghost,393,fl:boom_the_ghost_14,place:유토피아_호,F2024,"옛 호화 크루즈는 문 여닫기부터 요리 · 잠자리까지 고유 A.I.를 단 홀로그램이 시중드는 것처럼 연출했고, 아이도 어른도 다가가기 쉽게 이름을 유아틱하게 지었다",확실,확정
U299,구시대,fl:boom_the_ghost,393,fl:boom_the_ghost_20,place:유토피아_호,F2027,"랩쳐 침공 뒤 살길이 없던 이들 가운데는 랩쳐가 닿지 않는 바다로 호화 크루즈를 띄워, 한 달 치 물자로 파티를 즐기며 두려움 없이 최후를 맞으려는 선택이 흔했다",확실,확정
U302,경제,fl:boom_the_ghost,393,fl:boom_the_ghost_26,person:얀 person:도로시,F609,"목련 같은 진짜 찻잎은 돈이 있어도 구할 수 없어, 상인 얀조차 어디서 구했냐며 밀수를 의심한다",확실,확정
U303,지상,ch39,396,d_main_39_04,concept:웨일리 person:랩칠리언,F2044,"바람 한 점 · 기압 차 없는 웨일리의 등 위에 각종 채소를 키우는 텃밭이 있고, 숨구멍이 정화한 바닷물을 스프링클러처럼 뿌린다",확실,확정
U304,지상,ch39,396,d_main_39_06,org:필그림,,"필그림을 사칭하는 것만큼 쉬운 게 없어, 필그림이라 해도 곧이듣지 않는다",확실,확정
U305,방주 사회,ch39,396,d_main_39_af_01,place:배드_드림 place:아우터_림,F2061,"무법지대 아우터 림의 최대 환락가 배드 드림에는 방주 고위층이 버젓이 드나들며 자극을 좇고, 안의 욕망은 절대 밖으로 새지 않는다",확실,확정
U307,방주 사회,ch39,396,d_main_39_af_03,place:아우터_림 person:엔드리스 person:이터니티,F2059,"감시 니케가 오자 아우터 림 사람들 일부는 드디어 중앙 정부가 신경 써 준다며 치안 강화와 더 인간다운 삶을 기대했지만, 그것들은 방주에 위협이 될 때만 움직인다",확실,확정
U306,방주 사회,ch39,396,d_main_39_af_04,place:배드_드림 person:라이온,F2061,"아우터 림의 환락가는 대부분 안에서 무슨 일을 당해도 알 길 없는 위험한 곳이지만, 중앙 정부에 연줄 닿는 조직 라이온이 관리하는 배드 드림만은 돈만 있으면 안전하다",확실,확정
U308,일상 · 문화,ch39,396,d_main_39_af_05,person:아니스 org:T.T.STAR,F2063,아이돌 카페에는 옛 그룹의 복귀설 하나에 200여 개의 글이 올라 응원과 '지상에서 죽었으면' 같은 악플이 뒤섞인다,확실,확정
U309,방주 사회,ch39,396,d_main_39_af_06,place:리페어_센터 concept:니케,,리페어 센터 간호사는 일로 니케를 많이 만나 그들이 얼마나 고되게 사는지 알고 늘 고마워한다,확실,확정
U310,일상 · 문화,ch39,396,d_main_39_af_08,person:아니스 person:아비스타,F2066,"팬은 음성 합성으로 멤버의 인사 영상을 만들어 돌리고, 거짓 사건에 휘말린 아이돌을 대중은 '마음껏 두들겨 패도 되는 장난감'으로 삼는다",확실,확정
U311,기술,ch39,396,d_main_39_af_08,concept:니케 person:아비스타,F2066,"유복한 집 사람은 유서로 니케가 되기를 남길 수 있고, 한 가지 목적의 자아가 뚜렷하면 양산형이 아닌 이름 있는 니케가 된다",확실,확정
U312,방주 사회,ch40,398,d_main_40_af_01,place:배드_드림 person:라이온 concept:인식_칩,,"배드 드림에서 돈을 못 낸 일반인은 각서를 쓰고 인식 칩을 빼앗기는 게 관례지만, 연줄 없는 사람은 '통조림을 만들어도 밖에선 모른다'는 취급을 받는다",확실,확정
U313,방주 사회,ch40,398,d_main_40_af_04,place:아우터_림 person:E.H.,,"아우터 림 대부분은 방주의 빛이 닿지 않는 어둠이고, 늘 다니는 곳은 그나마 번화가라 사람 사는 곳으로 만들려 별짓을 다 한 결과다",확실,확정
U314,경제,ch40,398,d_main_40_af_04,place:아우터_림 place:지상,F2088,"방주 초기에 마구잡이로 지어 관리되지 않는 수천 개 엘리베이터로 아우터 림 사람들은 지상에 올라가 랩쳐 부품을 모으거나 거래하며, 고장 나지 않기만 빌며 목숨을 걸고 먹고산다",확실,확정
U315,일상 · 문화,ch40,398,d_main_40_af_07,org:T.T.STAR person:노이즈,,"톱 아이돌의 연습실은 한 칸 값이 언더 그룹 연습실만 한 초고해상도 미러 디스플레이를 두르지만, 언더 출신은 체육관을 빌려 쓰는 게 고작이다",확실,확정
U316,경제,fl:absolute,400,fl:absolute_02,concept:양산형_니케 concept:블랙스미스,,"자원 채취에 나선 양산형 스쿼드의 지휘관은 자원을 잃고 니케가 침식되자 '먹고살려면' 보고서에 적을 뒷수습이라도 맡겠다며, 쓰러진 타일런트 급의 파편에서 돈 될 것을 뒤진다",확실,확정
U317,방주 사회,fl:absolute,400,fl:absolute_02,concept:침식,,침식된 지 얼마 안 된 니케는 제압탄으로 멈춰 방주로 데려가 기억 소거를 받으면 처분을 면할 수도 있다,확실,확정
U318,방주 사회,fl:absolute,400,fl:absolute_04,place:사관학교 org:앱솔루트,,"사관학교 근처 버려진 놀이터에는 '인류는 우리 지휘관이 구원한다'는 예비 지휘관들의 기합이 울리고, 뉴스는 앱솔루트를 지상을 탈환할 방주 최강의 스쿼드로 띄운다",확실,확정
U319,지상,fl:absolute,400,fl:absolute_06,org:언리미티드 place:북부,,"북부 기지의 언리미티드는 새로 공수한 찻잎으로 차를 나누며 지내고, 눈보라가 심하면 방주와 통신이 닿지 않아 조난 신호를 받아도 사람을 방주로 보내 지원을 청한다",확실,확정
U320,일상 · 문화,fl:absolute,400,fl:absolute_08,place:로열_로드 org:앱솔루트,,쉬는 날 니케 스쿼드는 로열 로드에서 서로 옷을 골라 주고 장난감 가게 · 카페 파르페 · 숙소 파자마 파티로 하루를 보낸다,확실,확정
U321,방주 사회,fl:absolute,400,fl:absolute_14,concept:지상_탈환,,"실패가 익숙해진 세상이라 지상 탈환이 가능하다고 믿는 사람은 드물고, 사람들은 적당히 현재에 만족하며 살아간다",확실,확정
U322,방주 사회,fl:coins_in_rush,404,fl:coins_in_rush_02,org:중앙_정부 place:아우터_림,F2116,"아우터 림에서 사업을 벌이다 붙잡힌 이도 쓸모를 입증하면 풀려나, 중앙 정부 지정 협력업체인 유령 단체를 내걸고 비밀리에 정부의 지원을 받는다",확실,확정
U323,경제,fl:coins_in_rush,404,fl:coins_in_rush_09,place:코인_러시,,"사업가들은 담당자에게 줄을 대 사업 허가를 따 내고 투자자의 가족까지 챙기며 손을 잡고, 머스탱이 술 · 여자를 막아 둔 코인 러시를 술과 도박과 여자로 채우려 노린다",확실,확정
U324,일상 · 문화,fl:coins_in_rush,404,fl:coins_in_rush_10,org:쉐이드 org:테트라,F2118,"테트라의 비밀 스쿼드는 연예계에 흔한 음모론의 심화판 같은 소문으로만 돌아, 들어 본 이조차 드물다",확실,확정
U325,경제,fl:coins_in_rush,404,fl:coins_in_rush_16,concept:크레디트,,1억 크레디트 현상금이 걸리자 이벤트 손님들이 무작정 사람을 찾아다니며 '매주 복권 사는 것보다 희망차다'고 한다,확실,확정
U326,일상 · 문화,fl:coins_in_rush,404,fl:coins_in_rush_18,person:머스탱 place:코인_러시,,"손님들은 머스탱이 우승 상품으로 장난친 적이 없다고 믿고, 상품이 아니어도 이벤트 자체를 즐기러 코인 러시를 찾는다",확실,확정
U327,방주 사회,fl:reborn_evil,407,fl:reborn_evil_00,org:중앙_정부 place:방주,F2125,"잇단 실종에 중앙 정부는 연쇄 실종이 아니고 발견된 랩쳐 부품도 무관하다고 발표하지만, 시민 사이엔 은폐 의혹과 '제2차 방주 테러 밑작업' 음모론이 돈다",확실,확정
U328,방주 사회,fl:reborn_evil,407,fl:reborn_evil_00,place:방주,F2125,지상에서 다리를 잃은 전직 지휘관은 오랜 음주에 시달리다 딸의 권유로 상담 치료를 받는다 — 지상의 일로 PTSD를 앓는 퇴역 지휘관,확실,확정
U332,일상 · 문화,fl:reborn_evil,407,fl:reborn_evil_03,place:아우터_림,,"아우터 림에는 '불행을 피하고 싶으면 저택엔 얼씬도 하지 마라'는 금기가 있어, 폐허 속에 그 저택만 멀쩡히 남아 있다",확실,확정
U329,기술,fl:reborn_evil,407,fl:reborn_evil_17,concept:니케,,"로드 급 랩쳐를 만난 스쿼드에서 뇌가 무사한 니케는 바디를 다시 찍어 전장에 돌아가지만, 함께 간 인간 지휘관은 깨어나지 못한 채 남는다",확실,확정
U330,방주 사회,fl:reborn_evil,407,fl:reborn_evil_18,org:블레이즈_아웃 place:아우터_림 org:중앙_정부,F2132,"방주에 전염병이 돌 기미면 [블레이즈 아웃]이 주변 거주지 — 심하면 아우터 림 전체 — 를 불태우고, 중앙 정부는 다수를 위해 아우터 림을 버리는 것을 '최선의 수'라 한다",확실,확정
U331,방주 사회,fl:reborn_evil,407,fl:reborn_evil_24,place:아우터_림,,"아우터 림 주민은 방주가 버린 쓰레기 더미에서 쓸 만한 것을 골라 팔아 살아, 악취에도 익숙해질 수밖에 없다",확실,확정
U333,지상,side:eden_spear,411,side:eden_spear_10,place:에덴,,"방주 회선을 쓰지 않는 에덴은 기상 예측도 못 한 몇 주짜리 폭우에 장거리 통신이 끊기고, 방주 니케 파피용은 TV도 SNS도 없이 창밖만 본다",확실,확정
U335,일상 · 문화,ch41,414,d_main_41_af_01,org:T.T.STAR,,공짜 공연은 안티가 표를 다 사들일 수 있어 복귀 공연도 돈을 받아야 한다 — 아이돌을 괴롭히러 표를 사는 안티 문화,확실,확정
U334,방주 사회,ch41,414,d_main_41_af_01,person:프리티 concept:니케,F2199,"지상 탈환전 실패를 니케 탓으로 돌려 니케포비아가 양산되고 니케가 배척되던 때, 아이돌 프리티가 사람과 니케의 거리를 다시 좁혔다",확실,확정
U336,기업 · 조직,ch41,414,d_main_41_af_01,org:테트라 concept:스마일_박스,F2200,"테트라 법무팀이 '스마일 박스' 글을 2초 만에 지우고 연락해 와, 한 그룹의 이명 자체가 금지어가 되었다",확실,확정
U337,일상 · 문화,ch41,414,d_main_41_af_02,person:트리키_보이,F2202,"구독자 · 도네로 먹고사는 생중계 방송인이 옛 아이돌을 찾아 자극적인 장면을 찍고, 구독자가 줄어 빚이 쌓이면 갱생관에 끌려간다",확실,확정
U338,방주 사회,ch41,414,d_main_41_af_02,place:방주,,"봉변 앞에 모여든 사람들은 모두 웃으며 핸드폰으로 찍고, 테트라 법무팀이 소송을 들먹이자 삽시간에 흩어진다",확실,확정
U339,방주 사회,ch41,414,d_main_41_af_06,concept:미스트 place:방주,F2209,닫힌 방주의 자극은 끝에 닿아 마약 미스트가 아우터 림 밖 방주에서도 암암리에 돌고 수뇌부 몇몇까지 중독되었다,확실,확정
U340,방주 사회,ch42,416,d_main_42_af_01,place:펑크_스트리트 person:에닉,F2232,"수정이 번진 거리를 콘크리트 격벽으로 막아 갇힌 211명은 수정이 차면 다 죽는데도, 에닉은 '적절한 대안이 없다'며 방주 전체를 위해 그 거리를 버린다",확실,확정
U341,방주 사회,ch42,416,d_main_42_af_03,place:아우터_림 place:펑크_스트리트,F596,"막힌 출구 앞에서 피신민들은 '갇힌 우리들은 버려졌다'고 깨닫고, 버려진 것들이 가는 곳 아우터 림으로 향한다 — 터널엔 '진입 시 안전을 장담할 수 없습니다' 표지판",확실,확정
U342,방주 사회,ch42,416,d_main_42_af_03,place:아우터_림 person:에닉 person:E.H.,F2234,"에닉은 아우터 림은 방주가 아니라 염두에 두지 않고 거기 사는 이는 스스로 시민이길 포기했다 하고, E.H.는 그들에게 선택지가 없었다 맞선다 — 격벽은 무인 로봇 · 포대가 지키고 넘은 이는 사살되었다",확실,확정
U344,방주 사회,ch42,416,d_main_42_af_05,place:아우터_림,,방주 사람들 사이엔 아우터 림 사람들이 사람 고기도 먹는다는 소문이 돈다,확실,확정
U343,방주 사회,ch42,416,d_main_42_af_05,person:아니스 concept:니케,,피신민들은 니케가 많은데 왜 못 지켰냐 · 다친 피해보상은 니케에게 청구하냐 · 니케가 무능해서다라며 구해 준 니케에게 불평을 쏟는다,확실,확정
U345,일상 · 문화,ch42,416,d_main_42_af_05,person:아니스,F2240,재난 속 낯선 이들이 서로 물을 건네고 얼굴을 씻기고 옷을 찢어 감아 주고 음식을 떠먹여 준다,확실,확정
U346,일상 · 문화,ch42,416,d_main_42_af_05,place:지상 org:중앙_정부,F2241,방주 테러 뒤 민간인이 지상에 촬영용 드론을 띄워 생중계하는 채널이 늘었다 — 대부분 불법이지만 몇은 민심 안정 · 랩쳐 경각심을 이유로 중앙 정부 승인을 받았다,확실,확정
U347,방주 사회,ch42,416,d_main_42_af_06,person:에닉 person:머스탱 place:방주,F2243,테러 뒤 치솟는 불안을 가라앉히려 에닉은 괴물 요격을 쇼로 만드는 것을 허락한다 — 방주 최강의 장거리 병기가 생중계 무대 [스타 스테이지]가 된다,확실,확정
U348,지상,event_goddessfall1,418,event_goddessfall1_01_s,org:파이오니아,,수십 년 정비도 보급도 없이 지상을 떠돈 파이오니아는 고기 · 빵 · 과일을 '요구해도 되나' 하고 일일이 놀란다,확실,확정
U349,구시대,event_goddessfall1,418,event_goddessfall1_02_e,place:방주 concept:니케,F2267,방주가 밀봉된 뒤 지상에 남은 니케들은 열리지 않는 방주의 문을 두드리다 모두 죽어 입구 인근 민간 캠프에 시체 산이 되었다,확실,확정
U350,지상,event_goddessfall1,418,event_goddessfall2_02_e,person:나유타,F2296,"지상 곳곳에 흩어진 분신들은 사슴 무리를 돌보고, 길 잃은 니케를 안내하고, 허수아비와 친구가 되고, 해변에 집을 짓고 파도만 보며 저마다 살았다",확실,확정
U351,지상,erelic:goddess_fall_mini,419,erelic:goddess_fall_mini_02,concept:니케 place:방주,F2325,"지상에서 코어가 망가진 니케는 동료에게 랩쳐 앞 미끼로 버려지고, 버린 쪽도 방주에 구조 요청을 보내던 단말기를 쥔 채 또 다른 미끼로 죽는다 — '흔하디흔한 일'",확실,확정
U352,방주 사회,erelic:goddess_fall_mini,419,erelic:goddess_fall_mini_03,incident:2차_지상_탈환전 place:방주,F2327,"2차 지상 탈환전의 패잔병은 '있을 곳이 없다'며 다시 지상 엘리베이터에 실려 올라가고, 죽어 가는 동료를 살려 달라는 연락은 '랩쳐의 첩자냐'는 조롱을 받는다",확실,확정
U353,지상,erelic:goddess_fall_mini,419,erelic:goddess_fall_mini_06,place:에덴 concept:퍼펙트,,"에덴 초기의 끼니는 매번 같은 통조림이다 — 심어 둔 열매가 자라기 전까진 어쩔 수 없고, 그래도 퍼펙트보단 낫다는 말을 듣는다",확실,확정
U354,지상,erelic:goddess_fall_mini,419,erelic:goddess_fall_mini_08,place:에덴 concept:퍼펙트,,에덴이 처음 수확한 사과를 여섯 조각으로 똑같이 나눠 맛보고 '퍼펙트랑은 비교도 안 된다 · 이건 진짜'라 한다,확실,확정
U355,방주 사회,erelic:goddess_fall_mini,419,erelic:goddess_fall_mini_09,incident:2차_지상_탈환전 org:중앙_정부 person:요한,F2334,"2차 지상 탈환전은 '1차 대비 100배 규모 · 전설의 지휘관 샛별'로 선전되고, 실패하자 돈을 들였다며 후퇴를 막은 뒤 방송은 '샛별의 무모한 작전' 탓으로 돌린다",확실,확정
U358,구시대,fl:ark_guardian,428,fl:ark_guardian_04,org:갓데스 org:중앙_정부,,"병사들은 갓데스를 '종교도 아니고' 싶을 만큼 우러르고, 중앙 정부 인트라넷에는 익명으로 릴리바이스의 별명 · 이모티콘이 돈다",확실,확정
U356,구시대,fl:ark_guardian,428,fl:ark_guardian_05,place:방주,F2359 F2360,"방주 입구로 끝없이 이어지는 피난 행렬 — 들어갈 수 있는 이는 전체 인구의 한 자릿수 % 아래이고, 사람용 입구는 선별을 위해 하나뿐이다",확실,확정
U357,구시대,fl:ark_guardian,428,fl:ark_guardian_06,place:방주,F2361,"피난민은 가족 단위로 오고, 보호자 없는 아이는 고아원으로 가며 성인 남성 혼자서는 원칙상 보호자가 될 수 없다",확실,확정
U359,방주 사회,fl:sin_editor,430,fl:sin_editor_02,place:방주,F2381,뉴스 앱 헤드라인은 '지상 자원 회수 목표치 90% 달성 · 방주의 지휘관이 빚어낸 경이로운 성과'처럼 지상 작전을 늘 성공으로 알린다,확실,확정
U361,일상 · 문화,fl:sin_editor,430,fl:sin_editor_03,place:금서고,,수위가 너무 높은 신간은 방주에서 금서로 지정되어 도서관 금서고로 간다,확실,확정
U360,방주 사회,fl:sin_editor,430,fl:sin_editor_12,place:방주,F2380 F2382,"보도되는 숫자는 고쳐 쓰여, 지상에서 돌아오지 못한 이들은 죽은 것이 아니라 아무 일도 없었던 것처럼 방주 사람들의 기억에서 사라진다 — 오늘 먹을 식량 · 내일 전기를 걱정하느라 미래를 생각할 여유도 없는 사람이 많다",확실,확정
U362,방주 사회,ch43,434,d_main_43_04,place:아우터_림,F2396,"주인 없는 땅이 대부분인 아우터 림에선 터널 바닥에 노란 선으로 그은 칸을 관리 조직에 돈을 내고 사서 [집]으로 삼고, 주인이 안에 있을 때만 경비원이 안전을 보장한다",확실,확정
U363,경제,ch43,434,d_main_43_04,place:아우터_림 org:엔터_헤븐,F2397,"랩쳐 부품 뜯기 · 시체 팔기 · 암거래도 아우터 림에선 직업이고, 아무것도 안 하는 사람은 아우터 림을 좀먹는 자나 자살 희망자로 여겨진다",확실,확정
U364,방주 사회,ch43,434,d_main_43_06,place:아우터_림 concept:퍼펙트,,"구역을 지키는 경비원은 늘 심드렁하게 주위를 둘러보다, 지쳐 돌아온 아이에게 말없이 초코맛 퍼펙트를 던져 준다",확실,확정
U365,경제,ch43,434,d_main_43_07,place:아우터_림,,"환락가 방 청소로 일당을 받고, 점심에 잡은 쥐는 손질해 교환소에서 쿠키와 바꾸며, 방주에서 유행한다는 풍선껌 · 먹다 남은 소시지가 귀한 것이 된다",확실,확정
U366,방주 사회,ch43,434,d_main_43_10,place:배드_드림,F2399,배드 드림 공용 화장실의 마지막 잡동사니 칸은 '산부인과'라 불린다 — 거기서 발견된 아이는 부모를 모른 채 '셋째'처럼 순번으로 불린다,확실,확정
U367,방주 사회,ch43,434,d_main_43_11,place:아우터_림 place:방주,,"아우터 림과 방주를 잇는 격벽의 개구멍은 뒷돈을 찔러 주고 드나드는 곳이라, 허가 없이 넘다간 '벌집 희망자'가 된다",확실,확정
U368,방주 사회,relic:아무한테나말해주는거아니야.wav,435,relic:아무한테나말해주는거아니야.wav_01,place:아우터_림,F2417,"아우터 림에선 불쌍해 보이는 이를 어설프게 돕는 것이 가장 위험하다 — 도움받는 이도 지켜본 이도 ""호구""로 찍어, 다 같이 불쌍한 처지에 동정은 사치다",확실,확정
U369,방주 사회,relic:아무한테나말해주는거아니야.wav,435,relic:아무한테나말해주는거아니야.wav_02,place:아우터_림,F2417,"잘 때는 힘센 자 옆에서 자야 해서, 깨어 있는 동안 아부를 떨거나 공물을 바쳐 잘 보이고 다들 그 앞에 줄을 선다",확실,확정
U370,방주 사회,ch44,436,d_main_44_af_02,person:버닝엄,F2441,"대단한 가문의 유일한 아이는 지상에 나갈 수 없어, 지휘관의 꿈을 접고 중앙 정부 요직에서 손짓으로 사람을 부린다",확실,확정
U371,기업 · 조직,ch44,436,d_main_44_af_04,place:아우터_림,,"뒷세계 조직은 서로 동등하다는 규칙을 내세우지만 결국 힘센 쪽이 약한 쪽 사업을 엎고, 밀린 조직은 큰 조직 밑에 들어가 보호를 산다",확실,확정
U372,경제,ch44,436,d_main_44_af_04,person:라이온,,"뒷골목 양아치는 인생을 바꿀 기회에 걸 것이 없어 겁내며, 그냥 열심히 니케 장사나 하며 산다",확실,확정
U373,경제,ch44,436,d_main_44_af_05,org:모란회 concept:퍼펙트,,평판이 바닥난 작은 조직원들은 배양육은커녕 아무 맛도 안 나는 플레인 퍼펙트를 씹는다,확실,확정
U374,기업 · 조직,ch44,436,d_main_44_af_05,place:아우터_림 org:모란회,,"먹고살려 온갖 지저분한 일을 하는 아우터 림에도, 제 이득으로 그곳을 망치는 짓은 안 된다는 뒷마당의 법칙이 있다",확실,확정
U375,경제,ch44,436,d_main_44_af_06,person:프레자일 person:리버린,F2451,"운송 업무에 로봇이 대량 투입되어 운송 니케들이 일을 잃고, 에닉의 눈도 닿지 않는 빈민촌 단칸방에 셋이 모여 근근이 산다",확실,확정
U376,방주 사회,ch44,436,d_main_44_af_09,place:아우터_림,,아우터 림에는 불법이지만 제대로 된 리페어 센터가 있다,확실,확정
U377,방주 사회,ch44,436,d_main_44_af_09,place:방주,F2459,"식스오를 쫓아 방주 곳곳의 에닉 사각지대에 감시 카메라를 달아, 2주면 에닉이 못 보는 곳이 없어진다",확실,확정
U378,지상,relic:거인을찾아서,437,relic:거인을찾아서_02,place:지상,,높은 곳으로 올라가길 바라는 조사원이 무섭다며 내려가자는 니케들을 데리고 지상의 흔적을 쫓는다,확실,확정
U379,방주 사회,fl:enter_heaven,442,fl:enter_heaven_08,place:아우터_림,F2486,"아우터 림에선 외지인에게 시비를 걸고, 천장 없는 집에 살며, 눈을 감으면 도둑이 찾아온다 — 빛은 방벽 너머로 새는 이터널 스카이의 옅은 빛뿐이다",확실,확정
U380,방주 사회,fl:enter_heaven,442,fl:enter_heaven_09,place:방주 place:아우터_림,F2498,"방주 시민 대다수는 아우터 림의 외침에 귀를 막고 핸드폰만 보며 지나가고, 취객은 시끄럽다며 때린다 — 폭언 · 폭력은 차라리 듣기라도 한 것이다",확실,확정
U381,방주 사회,fl:enter_heaven,442,fl:enter_heaven_10,place:아우터_림,,"아우터 림에선 많은 이가 병으로 죽고, 아이들은 빛을 못 봐 눈이 멀어 가며, 쓰레기에 섞여 온 폭탄을 잘못 건드려 터져 죽는다",추정,확정
U382,방주 사회,side:pretty_star,447,side:pretty_star_00,place:방주 concept:니케,,"방주로 내려오자 위험하고 전문성이 필요한 일은 니케가 맡아, 특무대원 같은 사람들은 챙겨 줄 때 하나둘 은퇴한다",확실,확정
U383,방주 사회,side:pretty_star,447,side:pretty_star_00,concept:니케포비아 org:니케_인권_위원회 org:중앙_정부,F2540,"거리에서 니케 인권 위원회의 행진을 니케포비아가 훼방하고, 중앙 정부는 최루 가스로 흩을 뿐 욕받이로 내버려 둔다",확실,확정
U384,기술,side:pretty_star,447,side:pretty_star_01,concept:니케 org:중앙_정부,F2541,"사후 니케 전환에 서명해 두면 전신 마비만으로도 니케가 될 수 있고, 중앙 정부 요직 보호자는 회사 · 배치 스쿼드까지 고르는 '어드밴티지'가 붙는다",확실,확정
U385,기업 · 조직,side:pretty_star,447,side:pretty_star_01,org:테트라 concept:니케,F2542,테트라는 '안 늙고 뇌를 좀 지지면 고분고분해지는' 니케를 파는 엔터 독점권을 위해 방주를 지을 때 윗선에 막대한 돈을 먹였다,확실,확정
U386,방주 사회,side:pretty_star,447,side:pretty_star_02,place:방주,F2546,"사립 학교에선 돈을 대는 집 아이가 반장이고, 이사장이 신문 장식용으로 뿌린 취약 계층 특별 입학생은 교사에게도 막말을 듣는다 — 그건 방주 이전부터의 문화라 한다",확실,확정
U387,방주 사회,side:pretty_star,447,side:pretty_star_02,place:방주,,"태어나자마자 버려진 아이는 시설을 전전하며, 감사 편지는 뜯기지도 않고 버려지고 그리운 자원봉사자는 디지털 묘비로 남는다",확실,확정
U388,일상 · 문화,side:pretty_star,447,side:pretty_star_04,person:프리티 place:방주,F2545,프리티의 데뷔 무대는 방주 전역에 라이브로 송출되어 방주 전체에 노래가 울려 퍼졌고 시청률 41%가 나왔다,확실,확정
U389,방주 사회,side:pretty_star,447,side:pretty_star_05,org:중앙_정부 concept:니케포비아,,"니케 혐오자와 옹호자가 서로 싸우는 동안 중앙 정부는 욕먹지 않고, 불미스러운 일은 아무나 붙잡아 광장에 매달면 된다고 여겨진다",확실,확정
U390,일상 · 문화,side:pretty_star,447,side:pretty_star_07,person:프리티 org:테트라,,"최초의 니케 연예인은 하루 3시간을 자며 SNS의 실수 이야기를 견디고, 일정 뒤 파티에선 웃음을 판다",확실,확정
U391,방주 사회,side:pretty_star,447,side:pretty_star_09,org:중앙_정부 concept:니케,F2551,"니케포비아 습격을 진압한 뒤 간부는 니케들의 파편을 밟으며 CEO에게 아부하고, 양산형 니케만 홀로 동료의 잔해를 치운다",확실,확정
U392,방주 사회,side:pretty_star,447,side:pretty_star_10,concept:니케 place:방주,F2551,"프리티가 무너진 뒤 거리의 니케는 빈 캔을 받고, 음식물을 맞고, 물건을 못 사고, '너희들이 지는 바람에'라는 울분의 욕받이가 되어도 아무도 말리지 않는다",확실,확정
U393,방주 사회,side:pretty_star,447,side:pretty_star_13,concept:니케 org:A.C.P.U.,F2555,"프리티가 죽은 뒤 같은 거리에서 시민들이 니케 편에 서서 가해자와 맞서고, A.C.P.U.가 니케를 괴롭힌 학생들을 연행한다",확실,확정
U397,방주 사회,fl:good_world,448,fl:good_world_04,place:방주,,방주의 열차 AZX는 복지사업이라 표 없이 무료로 탄다,확실,확정
U396,기술,fl:good_world,448,fl:good_world_06,item:이터널_라이프,F1828,"이터널 라이프를 꾸준히 맞은 노인은 젊은 모습으로 살고, 오래 끊으면 노환으로 갑자기 죽는다",확실,확정
U394,방주 사회,fl:good_world,448,fl:good_world_06,place:방주,F2562,"부모 없이 방주에 들어온 전쟁고아들은 재단 후원으로 자라며 해마다 방주의 변화를 편지로 써 보냈고, 100명 넘는 아이 가운데 계약을 끝까지 지킨 이는 셋뿐이었다",확실,확정
U395,방주 사회,fl:good_world,448,fl:good_world_06,concept:니케,F2540,"지상이 아직 전쟁 중인 것을 잊을 만큼 평화로워지자 시민들은 고마움을 잊고, 사건이 날 때마다 책임을 니케에게서 찾는다",확실,확정
U399,방주 사회,fl:good_world,448,fl:good_world_07,place:방주,,"의료가 발달했어도 병원에는 팔다리 파츠를 잃은 니케가 실려 오고, 사람들은 병 · 사고로 수심에 차 차례를 기다린다",확실,확정
U398,기술,fl:good_world,448,fl:good_world_08,place:코스모_버거,,"가게는 직원 대신 무인 키오스크로 주문 · 계산을 받고, 길에는 지도 대신 휴대폰 지도를 본다",확실,확정
U400,일상 · 문화,fl:good_world,448,fl:good_world_09,place:방주,,"시내에선 가족이 손잡고 길을 건너고, 노인이 쉬고, 상인이 투닥이며 사람들이 사소한 일에 울고 웃는 일상을 보낸다",확실,확정
U402,방주 사회,ch45,450,d_main_45_03,place:아우터_림,,"아우터 림은 전력을 방주에 기대 정전 때 함께 꺼지면서도 방주로 치지 않고, 그 사람들은 절차 없이는 방주로 나갈 수 없다",확실,확정
U401,방주 사회,ch45,450,d_main_45_04,place:방주 concept:방주_동력원,F2581,"방주는 시신을 묻지 않고 니케엔 뇌만 쓰며, 피임구 없이 출산율이 지상의 다섯 배인데도 인구는 초창기 그대로다",확실,확정
U403,방주 사회,ch45,450,d_main_45_08,place:방주,F2591,"알리지 않은 정전과 솟는 수정 속에서 시민들은 남을 밀치고 내달리기도, 쓰러진 이를 업고 아이 손을 잡고 달리기도 한다",확실,확정
U404,방주 사회,ch45,450,d_main_45_10,place:아우터_림 concept:미스트,,"아우터 림의 이름 없는 골목엔 낙오자 중의 낙오자와 말도 안 통하는 미스트 중독자들이 모여, 타블렛을 소변기 덮개로 쓴다",확실,확정
U405,구시대,relic:신에게닿기위한탑,451,relic:신에게닿기위한탑_03,place:궤도_엘리베이터,,"20년 차 기자는 인맥을 다 동원해 공사 인부로 들어가고, 간식 · 술값을 돌리고 신도인 척 술 취한 인부의 출입증을 훔쳐 특종을 좇았다",확실,확정
U406,방주 사회,ch46,452,d_main_46_af_02,place:아우터_림 place:배드_드림,F2637,"아우터 림 사람들은 찾아온 중앙 정부 군인에게 굽신거려 음식 · 돈을 얻고, 모두의 꿈인 인식 칩이 방주에선 한 달 시중으로 손에 들어온다",확실,확정
U407,방주 사회,ch46,452,d_main_46_af_02,place:아우터_림 org:중앙_정부,F2638,"아우터 림을 사람 사는 곳으로 치지 않는 정책으로 골치 아픈 일을 다 버려, 아우터 림이 지옥이 될수록 방주 시민의 삶의 질이 올랐다",확실,확정
U408,일상 · 문화,ch46,452,d_main_46_af_07,place:방주,,감방 면회에 사 온 민트 초코 해물 과자 · 튀긴 라면 · 만두 · 팥 든 꽃빵 — 방주의 군것질과 '붕어빵에 진짜 붕어' 같은 옛이야기,확실,확정
U409,방주 사회,ch46,452,d_main_46_af_08,place:방주 concept:방주_동력원,F2656,"꺼져 가는 동력원에 방주는 빛과 물을 유지하는 데만 막대한 전력을 쓰고, 흔들린 민심 속에 수상한 집단이 늘어난다",확실,확정
U410,구시대,relic:궤도엘리베이터음모론,453,relic:궤도엘리베이터음모론_02,place:궤도_엘리베이터 org:V.T.C. org:미실리스,,"랩쳐 침공 중에도 '[충격]' 제목의 음모론 글이 돌며, 정부 · 기업 · 종교를 다 의심하고 첩자를 잡자고 사람들을 부추겼다",확실,확정
U411,방주 사회,event_staranis1,454,event_staranis1_01_s,place:방주,F2671,"중앙 정부가 개인 차량 신규 등록을 막아 높은 사람만 차를 새로 들이고, 이미 등록된 차는 값이 열 배 넘게 뛰어 거리에 차가 사라져 간다",확실,확정
U412,일상 · 문화,event_staranis1,454,event_staranis1_01_s,,F2670,"프리티가 죽은 뒤 사람들이 스스로 니케가 되어 포스트 프리티를 꿈꿔, 곡 · 안무 · 캐릭터성까지 프리티를 흉내 내는 아이돌과 작은 사무실이 발에 챌 만큼 넘친다",확실,확정
U413,일상 · 문화,event_staranis1,454,event_staranis1_01_e,,,"아이돌이 넘쳐 고정 공연 · 광고 · 드라마 한 컷을 따려는 로비가 오가고, 스폰서가 원하는 로비는 입에 담기 어려운 종류다",확실,확정
U414,경제,event_staranis1,454,event_staranis1_02_s,,,배양육을 팔고 요리하는 가게가 시내에 줄줄이 신장개업한다,확실,확정
U415,일상 · 문화,event_staranis1,454,event_staranis1_02_e,,,"아이돌 팬은 '내가 1세대'라는 자부심으로 신예를 찾아 홍보해 주고, 팬덤은 넷의 아이돌 카페에 상주한다",확실,확정
U416,방주 사회,event_staranis1,454,event_staranis1_02_e,,F2673,지상 탈환전이 실패한 뒤 사람들은 죽은 눈으로 다니며 열심히 하는 이를 비웃는다,확실,확정
U417,기업 · 조직,event_staranis1,454,event_staranis1_03_e,,,테트라 전용 프로그램이 없으면 곡 파일을 열지도 못해 정가 2억을 내야 한다 — 독과점,확실,확정
U418,경제,event_staranis1,454,event_staranis1_04_s,,,"작은 아이돌은 선입금 뒤 일방 통보로 불러 위약금을 노리는 업체에 시달리고, 일을 거절하면 '콧대가 높아졌다'는 언론 플레이를 당한다",확실,확정
U419,기술,event_staranis1,454,event_staranis1_05_e,,F2681,니케 아이돌을 굴리다 사고 전환 직전에 실려 오는 일이 리페어 센터에 한 달에도 여러 번이다,확실,확정
U420,방주 사회,event_staranis1,454,event_staranis1_06_s,,,"중앙 정부 채널 연예 뉴스는 아이돌의 학교 폭력 · 기업 뒷돈을 QR코드 자료까지 붙여 흥밋거리로 다루고, '기업 경쟁 시대라 비밀이 없는 사회'라 웃으며 니케포비아의 AZX 테러를 다음 소식으로 넘긴다",확실,확정
U421,일상 · 문화,event_staranis1,454,event_staranis1_06_e,,F2686,"몰락한 아이돌의 인간 시절 이름 · 사진까지 아이돌 카페에 아무렇지도 않게 나돌고, 몇 페이지를 넘겨도 욕뿐이다",확실,확정
U422,기업 · 조직,event_staranis1,454,event_staranis2_01_s,org:테트라,,"아이돌 판은 메이저 · 마이너 차트로 갈려 메이저가 1년 반 동안 그대로였고, 테트라는 '마이너에서 피 터지게 싸워라, 올라오면 키워 주겠다'로 굴리며 아무도 대들지 못한다",확실,확정
U423,기업 · 조직,event_staranis1,454,event_staranis2_01_e,org:테트라,,테트라 아이돌 숙소는 5성급 호텔 수준으로 룸서비스 · 마사지 · 사우나 · 연습실 · 리페어 센터 · 드레스룸까지 건물 안에 있어 밖에 나갈 필요가 없다,확실,확정
U424,일상 · 문화,event_staranis1,454,event_staranis2_02_e,place:방주,F2689 F2692,스마일 박스의 [팬]들은 형편없는 제 인생을 견디려 '시궁창에 있어 줘'라며 웃는 아이돌에게 모욕과 열등감을 쏟는다,확실,확정
U425,방주 사회,event_staranis1,454,event_staranis2_03_e,place:방주,F2698,아이돌이 공격받고 매니저가 오열해도 아무도 말리거나 돕지 않고 멀찍이서 사진 · 영상만 찍는다,확실,확정
U426,일상 · 문화,event_staranis1,454,event_staranis2_intermission_01,place:방주,F2696,"아이돌 카페는 리스의 죽음 자체엔 관심 없이 '누구 때문에' 죽었는지 억측으로 탓할 사람만 찾고, 사과나 죄책감의 글은 하나도 없다",확실,확정
U427,방주 사회,event_staranis1,454,event_staranis2_06_s,place:방주 org:테트라,F2703,"방주 시민은 쉽게 잊는다 — 악덕 기업이던 테트라를 금세 좋은 기업이라 하고, 스마일 박스에서 아이돌을 괴롭힌 이들도 아무 일 없이 살며 그를 알아보지 못한다",확실,확정
U428,일상 · 문화,fl:ark_ranger,462,fl:ark_ranger_01,org:아크레인저,F2726,"아이들은 새로 나온 아크레인저 트레이딩 카드를 보물처럼 쥐고 배우에게 사인을 청하며, 카드 배틀을 하고 다닌다",확실,확정
U429,기술,fl:ark_ranger,462,fl:ark_ranger_02,place:리페어_센터 concept:니케,,"과격한 액션용 초경량화 바디를 쓰는 니케 배우는 다치면 리페어 센터에서 바디째 '바로바로' 갈아 끼우고, 배우가 다치면 일자리를 잃는 사람이 한둘이 아니다",확실,확정
U430,방주 사회,fl:ark_ranger,462,fl:ark_ranger_03,org:중앙_정부 place:로열_로드 org:A.F.F.,F2728,화재 현장에 구경꾼이 몰려 소방 진입이 막히자 중앙 정부는 5분 뒤 강제 해산하고 그때 다친 몸은 보상하지 않겠다고 발표한다,확실,확정
U431,일상 · 문화,fl:ark_ranger,462,fl:ark_ranger_13,org:아크레인저,F2732,"정전 속 광장의 시민들은 '아크레인저도 여기 있다'는 말에 불안을 가라앉히고, 넘어진 소녀의 핸드폰에는 아크레인저 영상이 흐른다",확실,확정
U432,기업 · 조직,fl:ark_ranger,462,fl:ark_ranger_15,org:메티스 place:방주,,"랩쳐가 방주를 건드리지 않아 전투 특화 스쿼드는 적고, 흔들리는 민심에 메티스는 방주 인근을 지키는 모습을 보이며, 3대 회사는 전투력과 상징성을 갖춘 차세대 스쿼드를 키우려 애쓴다",확실,확정
U433,방주 사회,fl:ark_ranger,462,fl:ark_ranger_17,person:에닉 org:블레이즈_아웃,F2735,"화학물질이 엘리베이터 통로로 들 수 있다는 계산에 에닉은 반경 2km를 콘크리트로 덮어 봉쇄하고, 안의 2048명이 죽자 생물학적 재해 통제 센터의 블레이즈 아웃이 지역째 태워 지도에서 지운다",확실,확정
U434,방주 사회,fl:ark_ranger,462,fl:ark_ranger_21,person:머스탱 org:테트라 org:중앙_정부,F2741,"머스탱 · 테트라 · 중앙 정부는 '가짜를 진짜로, 진짜를 가짜로' 만들 수 있다 — 랩쳐 습격을 빌런의 짓으로 꾸며 극장판으로 방주 전역에 실시간 방영한다",확실,확정
U435,기업 · 조직,fl:project_matis,467,fl:project_matis_01,org:미실리스,,"오너 일가의 아이는 '적통이라 어디든 간다'고 큰소리치지만 회사 안 아무 데나 갈 권한은 CEO뿐이고, 연구원 고용 계약에 '꼬맹이 보호'는 없다",확실,확정
U436,방주 사회,fl:project_matis,467,fl:project_matis_01,org:중앙_정부 org:미실리스,F2771,"2차 지상 탈환전이 실패하자 중앙 정부는 총지휘관에 이어 3대 회사로 탓을 돌리고, 여론은 CEO의 '개발 방향'을 비난한다",확실,확정
U437,기술,fl:project_matis,467,fl:project_matis_05,item:이터널_라이프 concept:니케,,"많은 연구원이 오래 연구하려 자진해 니케가 되지만, 방주 안에서는 이터널 라이프로 수명을 늘릴 수 있어 굳이 니케가 될 까닭이 없다는 이도 있다",확실,확정
U438,방주 사회,fl:project_matis,467,fl:project_matis_09,org:미실리스 item:이터널_라이프,,"정재계 인사가 모인 취임 연회 — 어린 CEO에게 깔보는 · 가치를 재는 · 걱정하는 · 질투하는 · 의심하는 시선이 쏟아지고, 이터널 라이프를 맞는 CEO는 자리를 안 넘긴다는 말이 오간다",확실,확정
U444,기업 · 조직,fl:project_matis,467,fl:project_matis_11,org:M.M.R.,,"M.M.R.은 방주 아래 지하에 있어 '하는 일이 다르다'는 말을 듣고, 그곳에 내려간 지엔은 '니케 개발에 어둠과 빛이 따로 있나, 사람 갖고 개발하는 거 다 똑같지'라 한다",확실,확정
U439,방주 사회,fl:project_matis,467,fl:project_matis_12,concept:니케,,"새 니케 프로젝트 지원자는 급한 돈 · 소문에 홀린 호기심 · 가족의 등 떠밂 · 숙식 때문에 온다 — '니케가 어떻게 만들어지는지 모르는 사람은 없고, 다들 어쩔 수 없어서 개인의 목적으로 니케가 되는 시대'",확실,확정
U440,방주 사회,fl:project_matis,467,fl:project_matis_14,concept:니케,,"가난한 골목에서 술에 전 아버지가 병약한 딸이 '얼른 죽어 니케가 돼 돈을 받게' 되기를 바라며 때리고, 아이는 신고로 맡겨진 병원에서도 쫓겨나 떠돈다",확실,확정
U441,방주 사회,fl:project_matis,467,fl:project_matis_19,org:미실리스,,"실험 사고가 나자 매체는 '엔메가 폐기하라던 설계도' 소문으로 CEO를 탓하고, 니케 인권 단체는 비인륜적 인체 실험이라며 중단 시위를 벌인다",확실,확정
U442,기업 · 조직,fl:project_matis,467,fl:project_matis_22,org:미실리스,F702,"CEO는 시위대 · 유족에게 돈을 쥐여 주면 조용해지고, 성능 좋은 니케 하나로 사망 사고가 '숭고한 희생'으로 바뀔 거라 여긴다",확실,확정
U443,일상 · 문화,fl:project_matis,467,fl:project_matis_22,item:이터널_라이프 place:로열_로드,,이터널 라이프로 젊음을 유지하던 연구원은 은퇴하면 퇴직금으로 로열 로드에서 돈을 쓰다 이터널 라이프를 끊고 곱게 늙어 죽는 삶을 그린다,확실,확정
U445,지상,ch47,470,d_main_47_01,place:에덴 org:포비스트,F2624,"에덴 로비에서 헬레틱 바하무트가 '뭐든 물어보세요' 강의를 열고, 수색에서 막 돌아온 파피용과 포비스트 · 필그림이 붙들려 듣는다 — 헬레틱과 니케가 한 지붕 아래 사는 에덴의 일상",확실,확정
U446,일상 · 문화,ch47,470,d_main_47_07,place:방주,F2818 F2817,"전쟁을 앞두고 T.T. STAR부터 연 릴레이 콘서트와 CEO의 암시 발언으로 민심을 다잡고, 헬레틱 격추를 생중계해 방주를 들끓게 한다 — 두려운 전쟁을 엔터테인먼트로 희석한다",확실,확정
U447,방주 사회,ch47,470,d_main_47_07,place:방주 place:아우터_림,F2819,"방주를 띄우려 확장 시설과 엘리베이터를 철거하고 집 · 일자리를 잃은 이에게 임시 숙소 · 일자리를 주며, 부상 때는 모두 피난용 쉘터에 들어가고 인프라가 멈춘다 — 사람 취급도 못 받던 아우터 림 주민은 이를 '청소'로 오해한다",확실,확정
U448,구시대,relic:승리를_부르는_그림자,471,relic:승리를_부르는_그림자_03,place:승리의_날개_호 org:갓데스,F2821,"날마다 전장에 나가 동료를 잃으며 이길 기대도 없던 병사들은, 머리 위에 승리의 날개 호의 그림자가 지기만을 바라며 버틴다",확실,확정
U449,기술,ch48,472,d_main_48_03,concept:니케,F2827,브레인 셸터와 바디 메이커가 늘어선 리페어 센터는 '영안실' 같다 — 니케는 자기들이 기계에서 [생산]되는 걸 알면서도 되살아나는 과정을 눈으로 보기는 힘들어한다,확실,확정
