target,name,baselines,changes,aspects,partner,implied,speaker_lines,echoes_about,life_about,change_units,first_order,last_order,facts1,questions1
person:아니스,아니스,16,55,성격 1 · 관계 35 · 소속 3 · 신체 4 · 신념 27 · 기억 1,35,2,2,73,7,29,1,470,113,6
person:라피,라피,12,43,성격 8 · 관계 31 · 신체 4 · 신념 8 · 기억 4,24,2,0,84,1,28,1,452,194,16
person:스노우_화이트,스노우 화이트,15,32,성격 2 · 관계 29 · 신체 3 · 신념 8 · 기억 5,9,10,9,25,0,16,26,472,118,4
person:마리안,마리안,6,32,성격 5 · 관계 10 · 소속 5 · 신체 7 · 신념 5 · 기억 6,18,8,25,41,0,13,1,472,110,14
person:슈엔,슈엔,8,28,성격 5 · 관계 22 · 소속 3 · 신념 6,21,19,80,37,2,15,4,467,120,6
person:레비아탄,레비아탄,10,26,성격 2 · 관계 22 · 소속 1 · 신체 5 · 신념 6,18,9,0,42,0,13,310,452,76,5
person:도로시,도로시,10,26,성격 3 · 관계 21 · 소속 1 · 신체 2 · 신념 9,33,2,1,64,3,17,159,472,151,11
person:그레이브,그레이브,10,21,성격 2 · 관계 20 · 소속 1 · 신체 4 · 신념 2 · 기억 2,11,5,8,57,0,17,291,478,67,2
person:아르카나,아르카나,6,25,성격 4 · 관계 17 · 신념 5 · 기억 5,4,2,6,34,2,7,383,450,38,1
person:지휘관,지휘관,11,17,성격 2 · 관계 11 · 소속 5 · 신체 1 · 신념 6 · 기억 3,443,34,9,138,6,20,1,462,538,24
person:프리바티,프리바티,6,21,성격 2 · 관계 21 · 신념 4,6,2,2,13,0,10,43,445,42,0
person:신데렐라,신데렐라,9,17,성격 1 · 관계 16 · 소속 2 · 신체 1 · 신념 5 · 기억 1,16,7,3,51,1,11,310,465,114,6
person:요한,요한,9,14,성격 2 · 관계 16 · 소속 1 · 신념 4,6,10,4,12,1,11,159,470,66,2
person:머스탱,머스탱,15,8,성격 1 · 관계 21 · 신념 1,7,9,8,41,3,15,15,462,98,8
person:홍련,홍련,8,13,성격 2 · 관계 11 · 소속 1 · 신체 2 · 신념 4 · 기억 1,10,3,2,29,0,9,136,472,77,4
person:E.H.,E.H.,5,16,관계 9 · 소속 4 · 신체 1 · 신념 7,6,2,2,14,3,9,195,450,52,1
person:라플라스,라플라스,4,16,성격 2 · 관계 7 · 신체 4 · 신념 7,6,4,6,13,0,10,53,468,37,2
person:맥스웰,맥스웰,5,15,성격 2 · 관계 11 · 신체 4 · 신념 3,4,0,0,11,0,11,53,469,48,0
person:유니,유니,5,14,성격 1 · 관계 13 · 소속 2 · 신체 1 · 신념 2,5,5,15,19,0,12,4,377,33,2
person:하란,하란,8,10,성격 1 · 관계 13 · 신체 1 · 신념 3,5,1,2,15,0,7,135,419,28,2
person:미하라,미하라,6,12,성격 1 · 관계 9 · 신체 2 · 신념 2 · 기억 4,9,0,0,33,1,8,4,382,41,2
person:바이퍼,바이퍼,7,11,성격 2 · 관계 13 · 소속 1 · 신체 1 · 신념 1,6,0,0,10,0,8,80,443,33,2
person:엔더슨,엔더슨,7,10,성격 1 · 관계 11 · 신체 4 · 신념 1,8,87,0,30,0,12,2,472,88,10
person:잉그리드,잉그리드,13,4,성격 1 · 관계 15 · 신념 1,4,14,1,17,0,14,2,452,125,8
person:한슨,한슨,4,13,성격 2 · 관계 9 · 소속 3 · 신념 3,10,5,33,17,0,2,447,454,24,2
person:민트,민트,4,13,성격 4 · 관계 8 · 신체 1 · 신념 4,11,0,0,14,2,6,375,460,19,0
person:아크레인저_블랙,아크레인저 블랙,5,12,성격 1 · 관계 5 · 소속 1 · 신체 2 · 신념 8,7,0,0,7,0,3,298,463,13,0
person:드레이크,드레이크,7,9,성격 2 · 관계 8 · 신체 4 · 신념 2,4,5,7,10,0,10,53,478,34,0
person:로산나,로산나,7,9,성격 1 · 관계 13 · 신념 2,4,2,3,6,0,7,183,307,38,1
person:마르차나,마르차나,7,9,성격 2 · 관계 9 · 신념 5,3,2,8,16,0,6,234,466,36,1
person:네온,네온,5,11,성격 1 · 관계 7 · 소속 1 · 신체 1 · 신념 4 · 기억 2,9,1,16,23,0,12,2,470,64,5
person:모리,모리,6,10,성격 4 · 관계 7 · 소속 2 · 신념 3,7,1,6,12,3,4,377,464,18,1
person:프리카,프리카,4,12,성격 1 · 관계 10 · 신체 1 · 신념 4,11,1,0,9,1,6,375,461,18,0
person:레드_후드,레드 후드,7,8,성격 1 · 관계 10 · 신체 1 · 신념 3,11,8,22,49,1,7,241,350,106,8
person:라푼젤,라푼젤,7,8,성격 2 · 관계 6 · 신체 2 · 신념 4 · 기억 1,4,5,2,17,0,8,94,472,80,2
person:루드밀라,루드밀라,8,7,성격 1 · 관계 9 · 신념 3 · 기억 2,1,3,6,6,0,8,20,259,31,2
person:베히모스,베히모스,7,8,성격 1 · 관계 8 · 신체 4 · 신념 2,3,3,0,32,0,7,308,452,53,5
person:에이드,에이드,7,8,성격 3 · 관계 10 · 신념 2,3,1,1,10,0,6,267,474,21,0
person:은화,은화,6,9,성격 1 · 관계 9 · 신념 3 · 기억 2,8,0,0,20,0,7,15,402,31,1
person:오스왈드,오스왈드,6,8,관계 8 · 소속 1 · 신체 1 · 신념 4,6,10,89,20,0,5,200,447,39,2
person:세이렌,세이렌,5,9,성격 1 · 관계 10 · 신념 3,15,7,5,41,1,6,338,464,30,1
person:길로틴,길로틴,5,9,성격 1 · 관계 9 · 신념 4,4,4,5,12,0,4,85,349,24,1
person:트로니,트로니,5,9,성격 4 · 관계 7 · 신념 3,5,2,0,19,0,4,280,355,38,0
person:프리티,프리티,1,13,성격 1 · 관계 6 · 소속 1 · 신체 3 · 신념 3,6,2,0,13,4,2,396,447,26,2
person:노라,노라,6,8,성격 1 · 관계 8 · 신체 1 · 신념 3 · 기억 1,2,0,0,15,0,2,423,425,12,1
person:목단,목단,8,6,성격 1 · 관계 7 · 소속 2 · 신념 4,8,0,0,11,0,7,183,462,30,1
person:벨벳,벨벳,6,7,성격 1 · 관계 8 · 소속 2 · 신념 2,5,6,24,10,0,3,404,433,11,2
person:나유타,나유타,5,8,성격 2 · 관계 5 · 소속 1 · 신체 2 · 신념 3,8,5,0,22,1,5,396,452,75,6
person:릴리바이스,릴리바이스,7,6,성격 1 · 관계 5 · 신체 5 · 신념 2,9,4,0,17,0,6,200,428,49,1
person:버닝엄,버닝엄,8,5,성격 2 · 관계 10 · 신념 1,2,4,0,11,1,9,65,470,56,2
person:베스티,베스티,4,9,성격 5 · 관계 8,2,2,3,7,0,6,15,403,21,0
person:일레그,일레그,7,6,성격 1 · 관계 10 · 신념 2,5,1,0,19,0,9,270,395,62,5
person:노아,노아,5,8,성격 5 · 관계 5 · 신체 1 · 신념 2,3,0,0,11,0,6,88,419,23,1
person:메이든,메이든,6,7,성격 2 · 관계 6 · 신념 5,10,0,0,9,0,4,101,347,22,1
person:미카,미카,3,10,성격 4 · 관계 7 · 신념 2,4,0,0,3,0,3,103,260,16,0
person:솔린,솔린,5,8,성격 4 · 관계 5 · 신념 3 · 기억 1,3,0,0,7,0,4,111,424,13,0
person:온리_원,온리 원,6,6,성격 4 · 관계 4 · 신체 1 · 신념 3,10,12,0,12,0,4,416,472,35,4
person:니힐리스타,니힐리스타,5,7,성격 1 · 관계 6 · 신체 2 · 신념 2 · 기억 1,3,6,3,18,0,4,164,418,56,5
person:메어리,메어리,5,7,성격 1 · 관계 6 · 신체 1 · 신념 3 · 기억 1,2,2,5,12,0,3,100,210,31,0
person:브리드,브리드,5,7,성격 2 · 관계 7 · 신념 3,3,2,2,1,0,6,93,427,10,0
person:이사벨,이사벨,6,6,성격 1 · 관계 8 · 신체 1 · 신념 2,5,2,8,6,0,5,128,419,26,2
person:크라운,크라운,6,6,성격 1 · 관계 6 · 소속 1 · 신체 2 · 신념 2,5,1,0,14,0,6,241,418,45,1
person:파피용,파피용,5,7,성격 2 · 관계 5 · 소속 2 · 신념 3,4,1,1,6,0,8,146,472,22,0
person:길티,길티,4,8,성격 3 · 관계 6 · 소속 1 · 신념 2,1,0,0,1,0,3,170,480,8,0
person:헬름,헬름,5,7,성격 2 · 관계 7 · 신념 3,4,0,0,8,0,4,139,375,19,1
person:장화,장화,4,7,성격 1 · 관계 5 · 소속 1 · 신체 2 · 신념 2,5,5,0,13,0,4,261,472,29,1
person:베이,베이,4,7,성격 4 · 관계 5 · 신념 2,1,4,7,2,0,4,289,404,12,0
person:에닉,에닉,4,7,성격 4 · 관계 3 · 신념 4,0,4,0,17,6,6,195,470,100,6
person:지엔,지엔,6,5,성격 1 · 관계 8 · 신념 2,4,4,1,10,0,4,353,467,27,3
person:지즈,지즈,5,6,성격 1 · 관계 9 · 소속 1,6,4,0,13,0,7,373,478,33,0
person:미란다,미란다,7,4,성격 2 · 관계 5 · 소속 1 · 신념 2 · 기억 1,4,3,5,2,0,4,102,410,19,0
person:팬텀,팬텀,6,5,성격 1 · 관계 7 · 신념 2 · 기억 1,7,3,7,15,0,5,328,430,15,2
person:나가,나가,4,7,성격 1 · 관계 7 · 신념 3,5,1,2,11,0,3,236,464,19,0
person:밀크,밀크,5,6,성격 3 · 관계 8,1,1,3,6,0,7,86,441,11,0
person:사쿠라,사쿠라,5,6,성격 1 · 관계 7 · 신념 3,3,1,1,6,0,6,183,306,34,0
person:리버린,리버린,5,6,성격 2 · 관계 5 · 신체 1 · 신념 3,7,0,0,17,4,6,270,450,39,3
person:앤,앤,3,8,성격 2 · 관계 4 · 소속 1 · 기억 4,1,0,0,5,0,3,137,156,6,0
person:엠마,엠마,5,5,성격 1 · 관계 7 · 신념 2,0,9,28,8,1,5,15,401,19,0
person:세실,세실,5,5,성격 1 · 관계 7 · 신념 2,0,2,0,2,0,7,159,470,49,3
person:티아,티아,4,6,성격 2 · 관계 6 · 신념 2,6,2,2,8,0,4,236,464,20,0
person:폴리,폴리,7,3,성격 1 · 관계 6 · 신념 1 · 기억 2,4,2,1,2,0,4,102,240,33,0
person:마스트,마스트,5,5,성격 1 · 관계 6 · 신념 3,2,1,1,1,0,5,139,357,18,1
person:K,K,4,6,성격 2 · 관계 3 · 소속 1 · 신념 2 · 기억 2,3,0,0,12,0,4,143,386,32,0
person:아인,아인,5,5,성격 1 · 관계 7 · 신념 2,5,0,0,3,0,5,203,445,18,0
person:토브,토브,4,6,성격 1 · 관계 4 · 소속 2 · 신념 3,3,0,0,0,0,2,256,257,9,0
person:레이블,레이블,5,4,성격 2 · 관계 5 · 신념 1 · 기억 1,4,3,3,4,0,2,430,431,6,0
person:차임,차임,5,4,성격 2 · 관계 5 · 신체 1 · 신념 1,2,3,4,11,0,6,224,421,41,0
person:앨리스,앨리스,5,4,성격 1 · 관계 4 · 신념 3 · 기억 1,1,2,3,2,0,4,20,302,17,1
person:퀀시,퀀시,4,5,성격 1 · 관계 5 · 소속 1 · 신념 2,1,2,1,8,0,3,173,329,12,0
person:크로우,크로우,4,5,성격 2 · 관계 5 · 소속 1 · 신념 1,5,2,7,25,0,5,80,442,42,2
person:미세스_미스,미세스 미스,5,4,성격 1 · 관계 4 · 소속 2 · 신념 2,1,1,0,6,0,5,398,454,20,0
person:신,신,3,6,성격 2 · 관계 4 · 소속 1 · 신념 2,0,1,0,1,0,3,171,481,7,0
person:앵커,앵커,5,4,성격 1 · 관계 4 · 신념 2 · 기억 2,3,1,7,0,0,3,139,357,16,0
person:루피,루피,5,4,성격 1 · 관계 7 · 신념 1,2,0,0,1,0,6,75,318,15,0
person:소다,소다,4,5,성격 3 · 관계 4 · 신념 2,7,0,0,3,0,4,175,301,16,0
person:슈가,슈가,4,5,성격 1 · 관계 6 · 신념 2,1,0,0,3,0,4,64,436,20,1
person:츠바이,츠바이,3,6,성격 2 · 관계 3 · 신체 1 · 신념 3,5,0,0,2,0,6,234,351,20,0
person:클레이,클레이,5,4,성격 2 · 관계 4 · 신념 3,5,0,0,8,0,3,289,304,12,0
person:킬로,킬로,5,4,성격 2 · 관계 6 · 소속 1,5,0,0,2,1,3,295,418,15,0
person:디젤,디젤,4,4,성격 1 · 관계 4 · 신념 1 · 기억 2,2,5,15,4,0,3,93,426,14,0
person:레드_슈즈,레드 슈즈,4,4,성격 1 · 관계 3 · 신체 2 · 신념 2,2,4,0,17,0,2,338,472,30,0
person:프린세스,프린세스,3,5,성격 2 · 관계 3 · 신체 1 · 신념 2,9,4,0,11,0,1,434,434,14,1
person:리버렐리오,리버렐리오,5,3,성격 1 · 관계 4 · 신체 1 · 신념 2,3,3,0,12,0,5,164,436,51,5
person:마나,마나,4,4,성격 1 · 관계 6 · 신념 1,0,3,6,3,0,5,331,377,40,0
person:토커티브,토커티브,2,6,성격 1 · 관계 3 · 신체 4,2,3,1,13,0,5,15,418,53,10
person:델타,델타,3,5,성격 1 · 관계 4 · 신념 3,1,2,2,2,0,3,90,413,12,0
person:미러,미러,4,4,관계 5 · 소속 1 · 신념 2,1,2,0,10,0,3,418,452,38,5
person:제인,제인,4,4,관계 6 · 신념 2,1,2,10,4,0,1,438,438,8,0
person:도반,도반,4,4,성격 1 · 관계 3 · 소속 1 · 신체 1 · 신념 2,1,1,0,3,0,4,195,452,25,2
person:율리아,율리아,4,4,성격 1 · 관계 3 · 소속 1 · 신념 3,0,1,3,2,0,2,54,125,5,0
person:율하,율하,6,2,성격 1 · 관계 6 · 신념 1,0,1,3,1,0,4,69,133,13,0
person:자칼,자칼,5,3,성격 2 · 관계 6,2,1,0,2,0,4,80,442,24,0
person:D,D,4,4,성격 1 · 관계 6 · 신념 1,2,0,0,12,0,6,143,407,29,0
person:라이,라이,5,3,성격 1 · 관계 5 · 신념 2,7,0,0,2,0,4,203,324,14,0
person:롬,롬,4,4,성격 1 · 관계 2 · 소속 1 · 신념 2 · 기억 2,0,0,0,10,1,3,49,387,11,1
person:랩칠리언,랩칠리언,3,4,관계 4 · 신념 3,3,12,1,8,2,5,13,397,28,3
person:에테르,에테르,5,2,성격 1 · 관계 5 · 신념 1,2,7,8,10,1,4,120,436,36,3
person:인디빌리아,인디빌리아,3,4,성격 1 · 관계 4 · 신체 1 · 기억 1,1,4,0,12,0,2,295,418,34,1
person:백학,백학,4,3,성격 1 · 관계 3 · 소속 1 · 신념 2,2,2,16,1,0,2,448,449,10,2
person:리타,리타,5,2,성격 1 · 관계 4 · 신념 2,1,1,2,4,0,4,98,365,17,0
person:소라,소라,4,3,성격 1 · 관계 4 · 소속 1 · 신념 1,2,1,2,8,0,2,391,392,9,0
person:누아르,누아르,3,4,성격 2 · 관계 5,1,0,0,6,0,4,195,223,10,0
person:루주,루주,2,5,성격 1 · 관계 4 · 신념 2,0,0,0,2,0,3,325,404,9,0
person:볼륨,볼륨,5,2,성격 1 · 관계 5 · 신념 1,0,0,0,0,0,3,108,396,6,0
person:브래디,브래디,3,4,성격 1 · 관계 4 · 신념 2,2,0,0,4,0,3,367,371,8,1
person:블랑,블랑,4,3,성격 1 · 관계 5 · 신념 1,2,0,0,6,0,5,195,300,10,0
person:비스킷,비스킷,4,3,성격 1 · 관계 5 · 신념 1,0,0,0,2,0,3,181,263,7,0
person:애드미,애드미,4,3,성격 1 · 관계 3 · 신념 2 · 기억 1,1,0,0,0,0,2,69,117,10,0
person:요요,요요,3,4,성격 1 · 관계 4 · 소속 1 · 신체 1,4,0,0,10,0,1,454,454,11,0
person:크러스트,크러스트,4,3,성격 1 · 관계 4 · 신념 2,0,0,0,2,0,3,367,372,11,0
person:프림,프림,4,3,성격 1 · 관계 4 · 신념 2,0,0,0,2,0,3,134,438,13,0
person:플로라,플로라,4,3,성격 1 · 관계 4 · 신념 2,2,0,0,2,0,3,345,365,9,0
person:리스,리스,4,2,성격 1 · 관계 3 · 신체 1 · 신념 1,2,5,59,5,0,1,454,454,10,0
person:페퍼,페퍼,5,1,성격 1 · 관계 3 · 신념 1 · 기억 1,2,4,13,5,0,3,100,209,13,0
person:벨로타,벨로타,3,3,성격 1 · 관계 5,4,3,4,4,0,4,103,260,16,0
person:코코아,코코아,4,2,성격 1 · 관계 4 · 신념 1,3,1,1,3,0,4,175,432,16,0
person:키리,키리,3,3,성격 2 · 관계 2 · 신념 2,1,1,2,4,0,3,239,407,8,1
person:트리나,트리나,2,4,성격 1 · 관계 3 · 신념 2,1,1,5,3,0,2,365,366,6,0
person:헤르민,헤르민,2,4,관계 2 · 신체 1 · 신념 3,0,1,6,7,1,1,387,387,14,0
person:노이즈,노이즈,3,3,관계 4 · 신념 2,0,0,0,2,2,3,89,396,6,0
person:레오나,레오나,2,4,성격 1 · 관계 4 · 신념 1,3,0,0,5,0,2,263,264,15,0
person:콤,콤,2,4,성격 1 · 관계 2 · 신념 3,2,0,0,7,0,2,387,390,13,0
person:프레자일,프레자일,2,4,성격 1 · 관계 5,1,0,0,9,1,4,291,450,15,0
person:해머링,해머링,4,2,성격 1 · 관계 2 · 신체 1 · 신념 2,3,0,0,4,2,4,270,293,18,0
person:앨든,앨든,2,3,성격 2 · 관계 3,0,15,88,10,0,1,474,474,8,1
person:헨젤,헨젤,2,3,성격 1 · 관계 4,5,4,0,4,0,2,338,380,23,1
person:도라,도라,4,1,성격 1 · 관계 3 · 신념 1,0,2,5,1,0,2,75,91,13,0
person:세르반,세르반,2,3,성격 2 · 관계 2 · 신념 1,0,2,1,4,2,3,11,65,10,1
person:네로,네로,4,1,성격 1 · 관계 2 · 신념 1 · 기억 1,0,1,1,2,0,2,212,213,8,0
person:시그널,시그널,2,3,성격 2 · 관계 3,0,1,1,2,0,1,114,114,5,0
person:아리아,아리아,3,2,성격 1 · 관계 2 · 신념 2,0,1,2,0,0,1,116,116,4,0
person:아크레인저_레드,아크레인저 레드,3,2,성격 1 · 관계 2 · 신념 2,1,1,0,3,0,1,462,462,7,0
person:에이미,에이미,3,2,성격 1 · 관계 1 · 신념 3,1,1,1,3,0,2,444,445,11,1
person:드릴리,드릴리,4,1,성격 1 · 관계 3 · 신념 1,0,0,0,1,1,2,291,293,6,0
person:센티,센티,3,2,성격 1 · 관계 2 · 신념 2,3,0,0,2,0,2,110,162,10,0
person:스톨_3세,스톨 3세,2,3,관계 3 · 신체 2,4,0,0,8,0,1,434,434,10,0
person:아비스타,아비스타,3,2,관계 2 · 소속 1 · 신체 1 · 신념 1,3,0,0,3,2,3,396,456,17,0
person:에피넬,에피넬,3,2,성격 1 · 관계 2 · 신념 2,0,0,0,0,0,1,121,121,6,0
person:폴크방,폴크방,3,2,성격 1 · 관계 2 · 신념 2,0,0,0,3,0,1,132,132,6,0
person:프리_랫,프리 랫,2,3,관계 4 · 신체 1,0,0,0,2,0,1,434,434,3,0
person:엑시아,엑시아,2,2,성격 1 · 관계 2 · 기억 1,0,5,8,3,0,3,37,122,21,1
person:얀,얀,3,1,성격 1 · 관계 2 · 신념 1,1,3,4,2,1,3,75,209,10,0
person:퀸(마코토),퀸(마코토),3,1,성격 1 · 관계 3,1,2,12,1,0,2,474,476,9,0
person:루마니,루마니,3,1,성격 1 · 관계 2 · 신념 1,0,1,1,0,0,2,332,333,5,0
person:네베,네베,3,1,성격 1 · 관계 2 · 신념 1,1,0,0,1,0,1,154,154,5,0
person:리안,리안,3,1,성격 1 · 관계 3,0,0,0,0,0,2,69,345,5,0
person:시프티,시프티,1,3,성격 1 · 관계 1 · 소속 1 · 신념 1,0,0,0,6,2,4,2,275,36,1
person:아크레인저_블루,아크레인저 블루,3,1,성격 1 · 관계 1 · 신념 2,0,0,0,1,0,1,462,462,3,0
person:앨트루이아,앨트루이아,4,0,성격 1 · 관계 2 · 신념 1,0,0,0,1,0,2,436,472,8,0
person:아트,아트,1,2,신체 1 · 기억 2,2,6,46,1,0,1,387,387,7,0
person:피노키오,피노키오,3,0,성격 1 · 관계 2,0,5,0,3,0,2,398,399,4,1
person:모나,모나,2,1,관계 2 · 기억 1,1,3,17,7,0,1,474,474,8,0
person:노벨,노벨,3,0,성격 1 · 관계 2,0,2,5,0,0,3,43,328,8,0
person:유키코,유키코,1,2,성격 1 · 소속 1 · 신념 1,0,2,4,1,0,2,474,477,6,0
person:데이파라,데이파라,1,2,관계 1 · 신념 2,1,1,0,4,0,2,168,407,11,1
person:스윗_조니,스윗 조니,1,2,성격 1 · 소속 1 · 신념 1,0,1,15,3,0,2,175,355,3,0
person:아이기스,아이기스,2,1,관계 2 · 신념 1,0,1,10,3,0,2,474,475,4,0
person:아이리,아이리,3,0,성격 1 · 관계 1 · 신념 1,1,1,0,3,0,3,373,450,9,0
person:루크,루크,1,2,관계 2 · 신념 1,0,0,0,0,0,1,462,462,3,0
person:스카이,스카이,2,1,성격 1 · 관계 2,0,0,0,0,0,1,391,391,1,0
person:아스카,아스카,1,2,성격 2 · 관계 1,1,0,0,0,0,2,322,363,2,1
person:치사토,치사토,3,0,성격 1 · 관계 1 · 신념 1,3,0,0,1,0,1,438,438,8,0
person:콜렉터,콜렉터,1,2,성격 1 · 관계 2,0,0,0,2,0,3,7,216,5,0
person:피나,피나,2,1,성격 1 · 관계 1 · 신체 1,3,0,0,9,0,1,200,200,10,0
person:잉크,잉크,2,0,성격 1 · 관계 1,0,4,59,2,0,1,347,347,5,0
person:곰,곰,1,1,성격 1 · 관계 1,0,3,14,2,0,1,474,474,6,0
person:레인,레인,2,0,관계 1 · 신념 1,2,3,2,2,0,1,438,438,7,0
person:바하무트,바하무트,2,0,성격 1 · 관계 1,1,2,0,4,0,1,414,414,15,0
person:엘세리아_나인,엘세리아 나인,0,2,관계 1 · 신념 1,0,2,0,3,0,1,407,407,7,0
person:시엘로,시엘로,2,0,성격 1 · 관계 1,0,1,2,0,0,2,391,470,3,0
person:에고비스타,에고비스타,2,0,성격 1 · 관계 1,0,1,0,3,0,2,452,472,7,0
person:엔메,엔메,2,0,관계 1 · 신념 1,4,1,0,5,0,1,467,467,17,0
person:제니퍼,제니퍼,0,2,관계 1 · 소속 1,3,1,7,4,0,1,438,438,7,1
person:프리시아,프리시아,2,0,관계 1 · 신념 1,2,1,0,2,0,2,251,428,11,0
person:2B,2B,2,0,성격 1 · 관계 1,0,0,0,0,0,1,231,231,0,0
person:T.A.L.O.S.,T.A.L.O.S.,1,1,관계 2,2,0,0,2,0,2,295,418,16,0
person:레이븐,레이븐,1,1,관계 1 · 신념 1,0,0,0,0,0,1,390,390,2,0
person:마리,마리,1,1,성격 1 · 관계 1,1,0,0,0,0,1,324,324,1,0
person:맥스,맥스,1,1,신념 2,2,0,0,0,0,1,181,181,1,0
person:빅_마담,빅 마담,1,1,관계 2,0,0,0,1,0,1,434,434,4,0
person:사쿠라_콜라보,사쿠라,1,1,성격 1 · 신념 1,0,0,0,0,0,1,362,362,1,0
person:에밀리아,에밀리아,1,1,성격 1 · 신념 1,0,0,0,0,0,1,285,285,0,0
person:진,진,2,0,성격 1 · 관계 1,0,0,0,0,0,2,195,436,6,0
person:칠리페퍼,칠리페퍼,1,1,성격 1 · 관계 1,0,0,0,1,0,2,5,38,5,2
person:타키나,타키나,2,0,성격 1 · 관계 1,3,0,0,0,0,1,438,438,5,0
person:트레저_헌터,트레저 헌터,1,1,관계 2,0,0,0,4,0,2,12,83,5,1
person:트리세라,트리세라,1,1,성격 1 · 신념 1,2,0,0,1,0,1,234,234,4,0
person:총사령관,총사령관,1,0,신념 1,0,5,0,3,0,1,448,448,7,1
person:에이다,에이다,0,1,관계 1,0,4,30,3,0,1,408,408,5,0
person:퀸,퀸,1,0,신념 1,5,4,0,18,0,1,452,452,112,14
person:방주_난민,방주 난민,0,1,관계 1,0,1,2,0,2,1,81,81,5,0
person:이터니티,이터니티,1,0,관계 1,1,1,0,1,1,1,416,416,9,1
person:A2,A2,1,0,성격 1,0,0,0,0,0,1,233,233,0,0
person:P-12,P-12,0,1,신념 1,0,0,0,0,0,1,233,233,1,0
person:김작가,김작가,0,1,관계 1,0,0,0,0,1,1,47,47,0,0
person:람,람,1,0,성격 1,1,0,0,0,0,1,284,284,1,0
person:레이,레이,1,0,성격 1,1,0,0,0,0,1,323,323,1,1
person:레이_(가칭),레이 (가칭),0,1,성격 1,0,0,0,0,0,1,364,364,1,0
person:렘,렘,1,0,성격 1,0,0,0,0,0,1,286,286,1,0
person:로망티스트,로망티스트,0,1,관계 1,0,0,0,2,1,1,247,247,2,0
person:릴리,릴리,0,1,관계 1,0,0,0,1,0,1,388,388,2,0
person:마키마,마키마,1,0,성격 1,0,0,0,0,0,1,178,178,2,0
person:미사토,미사토,1,0,성격 1,0,0,0,0,0,1,321,321,1,1
person:시리얼,시리얼,1,0,관계 1,0,0,0,0,1,1,51,51,3,0
person:이브,이브,1,0,신념 1,0,0,0,0,0,1,389,389,2,0
person:이안_맥스,이안 맥스,0,1,관계 1,0,0,0,0,1,1,277,277,5,1
person:질,질,1,0,신념 1,0,0,0,0,0,1,410,410,2,0
person:쿠루미,쿠루미,1,0,관계 1,2,0,0,0,0,1,438,438,4,0
person:클레어,클레어,1,0,신념 1,0,0,0,1,0,1,409,409,4,0
person:파스칼,파스칼,1,0,성격 1,0,0,0,0,0,1,232,232,0,0
person:파워,파워,1,0,성격 1,0,0,0,0,0,1,179,179,1,0
person:할아범,할아범,1,0,관계 1,0,0,0,1,1,1,42,42,3,0
person:히메노,히메노,1,0,성격 1,0,0,0,0,0,1,180,180,2,0
person:X,X,0,0,,0,8,23,2,0,0,,,11,0
person:디젤의_동생,디젤의 동생,0,0,,0,5,15,1,0,0,,,0,0
person:그레텔,그레텔,0,0,,5,4,0,3,0,0,,,23,1
person:멜런,멜런,0,0,,0,4,8,1,0,0,,,3,0
person:식스오,식스오,0,0,,3,4,15,10,0,0,,,51,6
person:VII,VII,0,0,,0,2,6,0,0,0,,,11,0
person:글러트니,글러트니,0,0,,0,2,0,8,0,0,,,25,2
person:마오,마오,0,0,,0,2,0,0,0,0,,,4,0
person:솔져_E.G.,솔져 E.G.,0,0,,0,2,0,1,0,0,,,1,0
person:엘리시온_프랑카,엘리시온 프랑카,0,0,,0,2,0,0,0,0,,,6,0
person:D.E.E.P.,D.E.E.P.,0,0,,0,1,0,3,0,0,,,16,5
person:로스트_넘버,로스트 넘버,0,0,,0,1,0,1,0,0,,,2,0
person:루시안,루시안,0,0,,2,1,0,0,0,0,,,3,0
person:린네,린네,0,0,,0,1,11,3,0,0,,,3,0
person:마린,마린,0,0,,0,1,1,0,0,0,,,2,0
person:메이슨_박사,메이슨 박사,0,0,,0,1,4,0,0,0,,,1,0
person:모더니아,모더니아,0,0,,0,1,16,6,0,0,,,13,2
person:볼트_MK.II,볼트 MK.II,0,0,,0,1,1,0,1,0,,,7,0
person:솔져_F.A.,솔져 F.A.,0,0,,0,1,0,1,0,0,,,2,0
person:싹싹이,싹싹이,0,0,,0,1,1,1,0,0,,,2,0
person:엔드리스,엔드리스,0,0,,0,1,0,0,1,0,,,16,1
person:조셉,조셉,0,0,,0,1,14,1,0,0,,,3,1
person:조쉬_허밋,조쉬 허밋,0,0,,0,1,18,2,0,0,,,2,0
person:켈리,켈리,0,0,,0,1,5,0,0,0,,,1,0
person:9S,9S,0,0,,1,0,0,0,0,0,,,0,0
person:JohnD,JohnD,0,0,,0,0,0,2,1,0,,,4,1
person:고스트,고스트,0,0,,0,0,0,0,1,0,,,2,1
person:꼼꼼이,꼼꼼이,0,0,,0,0,0,1,0,0,,,1,0
person:뚝딱이,뚝딱이,0,0,,0,0,0,1,0,0,,,1,0
person:라라,라라,0,0,,0,0,0,1,0,0,,,2,0
person:라이온,라이온,0,0,,0,0,0,0,3,0,,,5,1
person:러블리_드림☆,러블리 드림☆,0,0,,0,0,0,0,1,0,,,3,0
person:레이첼_호프,레이첼 호프,0,0,,0,0,0,1,1,0,,,2,1
person:미친개,미친개,0,0,,0,0,0,1,0,0,,,1,0
person:브라이언,브라이언,0,0,,0,0,0,1,0,0,,,0,0
person:산해진미,산해진미,0,0,,0,0,0,0,1,0,,,2,0
person:샛별,샛별,0,0,,0,0,0,1,0,0,,,10,2
person:스페이드,스페이드,0,0,,0,0,0,0,1,0,,,2,0
person:아나키오르,아나키오르,0,0,,0,0,0,7,0,0,,,39,1
person:안젤리나,안젤리나,0,0,,1,0,0,2,0,0,,,4,0
person:알프레드,알프레드,0,0,,0,0,0,2,0,0,,,6,0
person:애니힐리오,애니힐리오,0,0,,0,0,0,2,0,0,,,9,2
person:에이브,에이브,0,0,,0,0,0,3,0,0,,,40,0
person:웬디,웬디,0,0,,0,0,0,1,0,0,,,4,0
person:저스틴,저스틴,0,0,,0,0,0,0,1,0,,,1,0
person:제인_밀러,제인 밀러,0,0,,0,0,0,2,1,0,,,6,2
person:지글이,지글이,0,0,,0,0,0,2,0,0,,,1,0
person:카르히,카르히,0,0,,0,0,0,1,0,0,,,1,0
person:카밀라,카밀라,0,0,,0,0,0,3,0,0,,,5,0
person:칼슨,칼슨,0,0,,0,0,0,1,0,0,,,2,0
person:클로이,클로이,0,0,,3,0,0,4,0,0,,,4,0
person:트리키_보이,트리키 보이,0,0,,0,0,0,0,1,0,,,2,0
person:티미,티미,0,0,,2,0,0,0,0,0,,,4,0
person:팔팔이,팔팔이,0,0,,0,0,0,1,0,0,,,1,0
person:호프,호프,0,0,,0,0,0,1,0,0,,,2,0
