session,units,chars,records,per_10k,mentions,echoes,changes,life,fixes,guess,guess_pct
P1,13,31896,72,22.6,1,20,31,20,2,9,13
M01,28,62555,91,14.5,8,31,36,16,16,21,23
M02,31,68701,111,16.2,23,25,27,36,12,22,20
M03,14,62097,79,12.7,3,26,33,17,3,11,14
M04,15,70900,88,12.4,10,31,30,17,4,8,9
M05,8,56620,72,12.7,13,18,26,15,2,8,11
M06,7,47690,48,10.1,5,12,20,11,1,7,15
M07,6,30040,48,16,2,19,13,14,1,5,10
M08,2,43630,74,17,20,23,23,8,3,15,20
M09,1,47625,26,5.5,6,11,5,4,0,6,23
M10,7,66486,68,10.2,6,27,26,9,3,19,28
M11,4,45267,53,11.7,8,18,20,7,0,11,21
M12,4,25842,48,18.6,6,16,19,7,2,8,17
M13,2,67671,80,11.8,34,26,16,4,3,22,28
M14,3,50235,45,9,10,15,13,7,3,10,22
M15,13,70472,58,8.2,5,22,21,10,1,18,31
M16,3,66730,62,9.3,5,25,23,9,1,10,16
M17,4,48006,55,11.5,3,24,22,6,2,14,25
M18,1,49150,61,12.4,8,22,26,5,2,17,28
M19,2,70752,52,7.3,7,19,21,5,4,7,13
M20,9,54782,76,13.9,8,36,30,2,1,21,28
M21,3,43395,55,12.7,7,22,22,4,3,7,13
M22,2,31349,53,16.9,5,28,17,3,4,14,26
M23,4,66880,80,12,14,35,23,8,7,17,21
M24,2,59806,58,9.7,5,30,13,10,4,17,29
M25,4,50769,87,17.1,10,49,22,6,7,18,21
M26,4,68565,75,10.9,9,23,34,9,5,13,17
M27,2,25437,49,19.3,6,21,18,4,3,11,22
M28,3,68196,76,11.1,14,35,23,4,2,7,9
M29,2,45351,69,15.2,15,29,18,7,4,16,23
M30,1,69548,69,9.9,8,27,24,10,1,6,9
M31,1,19982,28,14,2,12,10,4,0,2,7
M32,1,56108,28,5,3,14,7,4,2,6,21
M33,4,73232,117,16,30,34,40,13,5,21,18
M34,1,44744,47,10.5,7,23,11,6,2,2,4
M35,1,54028,54,10,18,17,14,5,0,5,9
M36,2,70744,58,8.2,16,22,13,7,5,11,19
M37,2,36847,45,12.2,3,16,20,6,3,12,27
M38,2,49609,71,14.3,7,25,31,8,1,6,8
M39,1,75858,102,13.4,13,26,60,3,7,6,6
M40,1,20056,34,17,4,10,15,5,4,8,24
M41,1,60471,78,12.9,25,27,23,3,3,11,14
M42,3,50635,79,15.6,10,22,36,11,1,5,6
M43,2,55226,77,13.9,7,21,40,9,2,5,6
M44,1,27544,33,12,9,9,12,3,1,6,18
M45,1,50477,70,13.9,4,19,35,12,0,7,10
M46,3,70865,76,10.7,10,28,26,12,1,8,11
M47,2,53477,65,12.2,5,24,31,5,0,7,11
M50,1,59169,58,9.8,3,18,30,7,3,5,9
M51,1,72358,72,10,4,22,36,10,0,13,18
M52,4,48681,107,22,17,42,43,5,5,20,19
M53,5,49374,54,10.9,15,12,27,0,5,5,9
M54,4,35799,33,9.2,2,12,19,0,3,11,33
M55,4,40145,20,5,3,9,8,0,4,7,35
M56,4,42336,20,4.7,1,9,10,0,3,6,30
M57,4,60583,30,5,3,15,12,0,0,4,13
M58,4,62947,31,4.9,3,11,17,0,0,7,23
M59,2,63642,35,5.5,4,14,17,0,4,5,14
M60,4,61751,51,8.3,9,11,31,0,1,9,18
M61,3,68671,44,6.4,11,15,18,0,2,5,11
M62,3,59121,32,5.4,2,9,21,0,2,3,9
M63,1,61869,18,2.9,3,6,9,0,1,2,11
M64,3,67279,49,7.3,6,17,26,0,1,9,18
M65,4,69881,36,5.2,7,11,18,0,3,6,17
M66,1,26770,14,5.2,3,3,8,0,1,3,21
M67,1,51788,41,7.9,10,14,17,0,0,5,12
M68,3,71262,29,4.1,3,13,13,0,1,2,7
M69,5,49507,30,6.1,8,13,9,0,4,1,3
M70,2,57126,44,7.7,7,19,18,0,5,3,7
M71,2,61080,59,9.7,9,18,32,0,0,6,10
M75,1,6811,9,13.2,3,3,3,0,0,0,0
M76,2,40649,27,6.6,0,15,12,0,1,7,26
M77,1,52023,33,6.3,4,19,10,0,1,1,3
M78,1,63225,60,9.5,17,25,18,0,2,10,17
M79,1,27823,23,8.3,3,8,12,0,1,3,13
M80,4,43502,15,3.4,1,2,12,0,1,3,20
M81,6,55130,29,5.3,3,0,26,0,4,1,3
M82,6,52970,24,4.5,2,0,22,0,1,0,0
M83,7,63259,45,7.1,6,0,39,0,2,0,0
M84,6,56482,31,5.5,11,2,18,0,3,5,16
M85,6,55186,37,6.7,2,0,35,0,2,1,3
M86,6,53471,39,7.3,0,5,34,0,4,5,13
M87,6,61489,29,4.7,4,0,25,0,1,1,3
M88,7,64119,25,3.9,3,3,19,0,1,3,12
M89,5,45558,12,2.6,0,0,12,0,0,0,0
M90,5,66097,15,2.3,1,1,13,0,4,1,7
M91,6,62807,19,3,1,2,16,0,0,2,11
M92,9,64795,22,3.4,0,1,21,0,0,0,0
M93,7,58419,21,3.6,1,4,16,0,0,1,5
M94,8,61143,13,2.1,1,0,12,0,1,0,0
M95,10,61508,19,3.1,1,1,17,0,1,4,21
M96,7,64974,20,3.1,6,3,11,0,2,2,10
M97,7,61371,10,1.6,1,1,8,0,1,1,10
M98,8,51366,18,3.5,3,0,15,0,0,0,0
M99,7,60627,18,3,2,1,15,0,0,2,11
M100,9,69152,20,2.9,4,2,14,0,0,6,30
M101,9,56391,32,5.7,6,10,16,0,1,7,22
M102,10,65215,19,2.9,2,3,14,0,1,0,0
M103,9,66934,16,2.4,0,2,14,0,1,3,19
M104,4,30490,6,2,0,0,6,0,3,0,0
M48–M49,1,85622,132,15.4,3,47,65,17,1,27,20
M72–M73,1,142281,47,3.3,3,25,19,0,0,9,19
M74–M75,1,119159,32,2.7,4,15,13,0,1,5,16
