id,weight,title,hints,callbacks,thread_only,units1,units_all,added_units,added
J1,뼈대,마리안 — 침식 · 모더니아 · 여왕의 각성,20,3,0,15,19,4,ch00 relic:니케실험대상자모집 char:260 event_firstaffection
J2,뼈대,라피와 레드 후드,33,17,0,24,40,16,ch02 ch03 relic:갓데스스쿼드리포트 ch05 ch11 ch14 char:10 event_overzone ch31 ch33 ch36 relic:주워갈것들메모 ch39 fl:absolute side:eden_spear event_goddessfall1
J3,뼈대,지휘관의 정체 — 7호 · 블랙박스 · 인자,17,16,0,18,34,16,ch00 sub:이례의_기록자_00 ch05 char:232 char:10 char:140 char:291 char:261 ch24 ch32 ch37 ch38 event_overthehorizon fl:2x2_love_1ch fl:2x2_love_2ch ch48
J4,뼈대,언체인드 — 헬레틱을 죽이는 피,3,5,0,9,15,6,ch15 relic:종말의서 ch32 event_oldtales1 ch45 relic:궤도엘리베이터음모론
J5,뼈대,엔더슨 — 갓데스의 지휘관,15,2,0,12,18,6,ch04 ch14 char:72 char:233 ch26 ch35
J6,뼈대,갓데스 스쿼드와 방주의 배신,26,3,0,15,20,5,ch06 char:222 char:800 erelic:white_memory ch25
J7,뼈대,도로시의 복수와 3차 지상 탈환전,26,10,0,15,25,10,ch22 char:233 ch27 event_boomsday event_beautyfullshot1 ch36 ch38 side:eden_spear side:pretty_star ch47
J8,뼈대,에덴과 요한 — 샛별 · 에덴의 창,10,6,0,19,25,6,char:220 ch17 sub:에덴_Notice_00 char:223 ch45 fl:project_matis
J9,뼈대,랩쳐의 기원과 목적,2,5,0,15,21,6,char:224 event_goddessfall1 fl:ark_guardian ch44 relic:궤도엘리베이터음모론 fl:project_matis
J10,뼈대,포비스트와 온리 원,30,13,0,21,30,9,ch02 ch13 event_darkhero event_oldtales1 relic:할일목록 relic:은색액체 erelic:unbreakable_sphere_dialog ch39 fl:great_villain_union
J11,보강,수정 지역과 하모니 큐브,4,5,0,9,11,2,relic:조난일지 fl:ark_ranger
J12,뼈대,2세대 페어리 테일 — 그레이브 · 신데렐라 · 세이렌 · 미러,18,18,0,22,31,9,sub:거울_공주_00 sub:관짝이_01 char:511 char:514 erelic:unbreakable_sphere_dialog char:590 ch44 fl:wave_to_you fl:project_matis
J13,뼈대,퀸 — 릴리스의 바디와 귀환,7,9,0,13,18,5,event_overzone ch40 fl:ark_guardian relic:궤도엘리베이터음모론 fl:project_matis
J14,보강,니케 제작의 비밀 — NIMPH · 뇌의 출처,7,2,0,8,13,5,relic:니케실험대상자모집 relic:니케실험반대피켓 char:140 event_miraclesnow1 event_ce006
J15,뼈대,직계 헬레틱 — 토커티브 · 니힐리스타 · 인디빌리아 · 리버렐리오,4,1,0,15,15,0,
J16,뼈대,에닉 — 거래 · 판결 · 카운터,4,3,0,14,17,3,ch01 ch04 relic:에닉탄핵포스터
J17,보강,식스오와 블랙넷,9,6,0,12,14,2,ch28 fl:ark_ranger
J18,뼈대,D.E.E.P.와 V.T.C. — 방주의 어둠과 열쇠,15,1,0,11,13,2,ch28 ch30
J19,뼈대,방주 동력원 — 쌍둥이 초거대 코어,13,6,0,11,17,6,ch27 ch30 event_beautyfullshot1 event_wisdomspring fl:ark_ranger ch47
J20,보강,필그림 — 스노우 화이트 · 라푼젤 · 나유타,4,3,0,9,12,3,char:221 ch47 relic:불길한_소리.wav
J21,보강,이그조틱과 방주 침공 — 크로우 · JohnD · E.H.,16,5,1,10,15,5,sub:콜렉터_00 sub:테트라_커넥트_01 char:112 side:wordless fl:ark_ranger
J22,보강,슈엔과 메티스,13,4,0,10,18,8,ch13 ch15 sub:랩칠리언_05 char:102 char:90 ch18 event_hightechtoy ch35
J23,보강,와드리스 — 유니 · 미하라 · 모리와 지엔의 실험,6,3,1,9,11,2,ch04 event_wisdomspring
J24,보강,아니스와 머스탱 — T.T.STAR · 프리티 · 쉐이드,44,14,0,15,24,9,sub:음악_애호가_00 sub:러블리_드림_00 char:12 sub:코인_러시_00 ch33 ch36 ch37 ch38 ch42
J25,보강,잉그리드의 협회 — 익스터너 · 기억 소거,1,0,0,7,7,0,
J26,보강,랩칠리언 · 웨일리 · 피노키오,3,3,0,7,9,2,sub:랩칠리언_06 relic:어떤소녀의그림일기
J27,보강,지휘관에게 닿는 정체 모를 연락,1,0,1,4,5,1,sub:테트라_커넥트_00
J28,보강,백기사 — 크라운과 차임,6,2,1,3,5,2,event_goldenship char:331
J29,보강,에덴의 필그림 — 이사벨 · 하란 · 노아,9,0,0,6,7,1,ch21
J30,보강,홍련과 장화,10,5,0,6,10,4,event_redash erelic:red_ash_mini char:225 ch48
J31,보강,북부의 수수께끼 — 연구 기지 · 괴물 · 벙커,1,0,0,3,4,1,ch06
J32,보강,구원의 성화와 X,6,1,0,5,5,0,
J33,보강,에바와 에블라,0,0,0,1,1,0,
J34,독립,루드밀라,1,2,0,3,5,2,ch05 char:192
J35,독립,칠리페퍼의 아버지,1,0,0,3,3,0,
J36,독립,제인 밀러의 탈주,2,0,0,3,4,1,relic:니케실험대상자모집
J37,독립,트레저 헌터,4,0,0,3,4,1,sub:트레저_헌터_01
J38,독립,니푸르,0,0,0,1,1,0,
J39,독립,세르반의 꽃,1,0,0,2,2,0,
J40,독립,앨리스의 이야기,2,0,0,2,3,1,relic:니케실험대상자모집
J41,독립,퍼펙트,2,1,0,2,4,2,char:800 fl:sin_editor
J42,독립,피사 돔 폭발 사고,0,0,0,1,1,0,
J43,독립,앤(N102)의 기억,3,0,0,2,2,0,
J44,독립,노 콜러 ID — 테마파크와 빈 마을,1,0,0,1,1,0,
J45,독립,방주 아동 보호 센터,1,0,0,2,2,0,
J46,독립,새해 보급 상자,1,0,0,1,1,0,
J47,독립,키츠네,0,0,0,1,1,0,
J48,독립,블랑의 행운,2,1,0,1,4,3,event_BunnyX777 event_neverland1 event_jinxplayer
J49,독립,로산나의 부친,0,0,0,1,1,0,
J50,독립,크라켄과 이지스,4,2,0,2,3,1,char:352
J51,독립,황금 배,0,0,0,1,1,0,
J52,독립,AREA F-031의 점액질,0,0,0,2,2,0,
J53,독립,맨손의 니케,0,0,0,1,1,0,
J54,독립,말뚝 프로젝트,0,0,0,1,1,0,
J55,독립,미미르 부속고,2,3,0,4,5,1,event_juveniledays
J56,독립,팬텀과 베스트셀러 스쿼드,2,3,0,3,6,3,fl:go_ninja_thief fl:2x2_love_1ch char:870
J57,독립,지상의 생존자 — 롬 · 콤 · 벙커,9,2,0,2,4,2,sub:롬_01 sub:롬_02
J58,독립,노라의 종착역,3,0,0,2,2,0,
J59,독립,아일랜드 이터,0,0,0,1,1,0,
J60,독립,D-WAVE,1,0,0,1,1,0,
