order,unit,kind,layer,grade,read2,session2,chars,implied,speaker,hints,callbacks,baselines,changes,life,fixes,records2,per_10k2,records1,per_10k1,in1,out1,in_all,out_all,main_in1,main_out1,main_in_all,main_out_all,unknown_lines,unknown_done
1,ch00,메인,1,,1,P1,2143,0,0,2,0,7,0,0,0,9,42,7,32.7,0,1,0,6,,,,,0,0
2,ch01,메인,1,,1,P1,7608,0,0,6,0,6,4,2,1,18,23.7,27,35.5,1,5,1,19,,,,,0,0
3,ch02,메인,1,,1,P1,8832,0,0,2,0,6,2,7,0,17,19.2,25,28.3,1,4,1,11,,,,,0,0
4,sub:칠리페퍼_00,서브퀘스트,1,참고,1,P1,1019,0,0,0,0,1,0,1,0,2,19.6,3,29.4,0,1,0,1,0,0,0,0,0,0
5,sub:테트라_커넥트_00,서브퀘스트,1,참고,1,P1,1359,0,0,2,0,0,0,1,0,3,22.1,4,29.4,0,0,0,1,0,0,0,0,0,0
6,ch03,메인,1,,1,P1,3046,0,0,4,1,2,0,1,0,8,26.3,17,55.8,1,1,2,7,,,,,0,0
7,sub:세르반_00,서브퀘스트,1,참고,1,P1,1642,1,0,1,0,1,0,1,1,4,24.4,3,18.3,0,1,0,2,0,0,0,0,0,0
8,ch04,메인,1,,1,M01,14707,0,3,8,0,13,2,2,4,28,19,37,25.2,2,12,2,20,,,,,10,10
9,ch05,메인,1,,1,M01,8313,0,0,4,0,4,1,1,2,10,12,15,18,0,2,0,6,,,,,0,0
10,sub:중앙_정부_공식__00,서브퀘스트,1,참고,1,M01,798,0,0,1,0,0,0,1,0,2,25.1,5,62.7,0,1,0,1,0,0,0,0,0,0
11,ch06,메인,1,,1,M01,6716,0,1,3,0,4,0,1,3,9,13.4,26,38.7,3,6,4,10,,,,,4,4
12,relic:어느남자의수기,유실물,1,참고,1,P1,493,0,0,0,0,0,0,1,0,1,20.3,2,40.6,0,0,0,0,0,0,0,0,0,0
13,sub:콜렉터_00,서브퀘스트,1,참고,1,P1,1330,0,0,2,0,1,0,1,0,4,30.1,4,30.1,0,0,0,2,0,0,0,0,0,0
14,sub:콜렉터_01,서브퀘스트,1,참고,1,P1,2848,0,0,0,0,0,1,2,0,3,10.5,5,17.6,0,0,1,1,0,0,0,0,0,0
15,relic:생존가이드1,유실물,1,참고,1,P1,384,0,0,0,0,0,0,1,0,1,26,1,26,0,0,0,0,0,0,0,0,0,0
16,relic:통화기록017515,유실물,1,참고,1,P1,694,0,0,0,0,0,0,1,0,1,14.4,1,14.4,0,0,0,0,0,0,0,0,0,0
17,relic:방주추첨권,유실물,1,독립,1,P1,498,0,0,0,0,0,0,1,0,1,20.1,2,40.2,0,0,0,1,0,0,0,0,0,0
18,sub:트레저_헌터_00,서브퀘스트,1,독립,1,M01,1424,0,0,1,0,1,0,0,0,2,14,2,14,0,2,0,2,0,0,0,0,0,0
19,sub:트레저_헌터_01,서브퀘스트,1,참고,1,M01,1182,0,0,2,0,0,0,0,0,2,16.9,2,16.9,0,0,0,1,0,0,0,0,0,0
20,sub:트레저_헌터_02,서브퀘스트,1,독립,1,M01,1256,0,0,1,0,0,0,0,1,1,8,3,23.9,1,1,1,1,0,0,0,0,0,0
21,sub:트레저_헌터_03,서브퀘스트,1,참고,1,M01,1505,0,0,0,1,0,1,0,0,2,13.3,5,33.2,2,0,4,0,0,0,1,0,0,0
22,sub:이례의_기록자_00,서브퀘스트,1,참고,1,M01,1419,0,0,0,1,0,0,0,1,1,7,3,21.1,0,0,1,0,0,0,1,0,0,0
23,sub:랩칠리언_00,서브퀘스트,1,보강,1,M01,1607,0,0,0,0,2,0,0,0,2,12.4,3,18.7,0,0,0,0,0,0,0,0,0,0
24,sub:랩칠리언_01,서브퀘스트,1,참고,1,M01,1724,0,0,0,0,0,0,0,0,0,0,2,11.6,0,0,0,1,0,0,0,0,0,0
25,sub:랩칠리언_02,서브퀘스트,1,참고,1,M01,1556,0,0,0,0,0,0,0,1,0,0,2,12.9,0,0,0,0,0,0,0,0,0,0
26,sub:랩칠리언_03,서브퀘스트,1,참고,1,M01,1825,0,0,0,0,0,0,0,0,0,0,2,11,0,0,0,0,0,0,0,0,0,0
27,sub:랩칠리언_04,서브퀘스트,1,참고,1,M01,2336,0,0,0,0,0,0,1,0,1,4.3,5,21.4,0,0,0,0,0,0,0,0,0,0
28,sub:랩칠리언_05,서브퀘스트,1,보강,1,M01,1478,0,0,0,1,1,0,1,0,3,20.3,4,27.1,0,0,1,0,0,0,1,0,0,0
29,sub:랩칠리언_06,서브퀘스트,1,보강,1,M01,2314,0,1,1,0,2,1,0,1,5,21.6,6,25.9,0,1,0,5,0,1,0,2,0,0
30,sub:할아범_00,서브퀘스트,1,참고,1,M01,748,0,0,0,0,1,0,1,0,2,26.7,1,13.4,0,0,0,1,0,0,0,0,0,0
31,relic:갓데스스쿼드리포트,유실물,1,참고,1,M01,153,0,0,2,0,0,0,0,1,2,130.7,4,261.4,0,2,0,3,0,0,0,0,0,0
32,sub:고스트_00,서브퀘스트,1,참고,1,M01,1196,0,0,0,0,0,0,1,1,1,8.4,3,25.1,0,0,0,0,0,0,0,0,0,0
33,sub:시리얼_00,서브퀘스트,1,독립,1,M01,1096,0,0,0,0,1,0,0,0,1,9.1,1,9.1,0,0,0,0,0,0,0,0,0,0
34,sub:시리얼_01,서브퀘스트,1,참고,1,M01,1268,0,0,0,0,0,0,1,0,1,7.9,4,31.5,0,0,0,0,0,0,0,0,0,0
35,sub:산해진미_00,서브퀘스트,1,참고,1,M01,1600,0,0,0,0,0,0,1,0,1,6.3,2,12.5,0,0,0,0,0,0,0,0,0,0
36,sub:산해진미_01,서브퀘스트,1,참고,1,M01,1570,1,0,0,0,0,0,0,0,1,6.4,2,12.7,0,0,0,0,0,0,0,0,0,0
37,relic:니케실험대상자모집,유실물,1,참고,1,M01,309,0,0,2,0,0,0,1,0,3,97.1,1,32.4,0,0,0,3,0,0,0,1,0,0
38,relic:통화기록028594,유실물,1,참고,1,M01,610,0,0,1,0,0,0,1,1,2,32.8,3,49.2,0,0,0,1,0,0,0,0,0,0
39,sub:세르반_01,서브퀘스트,1,보강,1,M01,1961,1,1,1,0,1,1,1,0,6,30.6,4,20.4,1,0,1,3,0,0,0,1,0,0
40,sub:저스틴_00,서브퀘스트,1,참고,1,M01,1537,0,0,0,0,0,0,1,0,1,6.5,3,19.5,0,0,0,0,0,0,0,0,0,0
41,relic:니케실험반대피켓,유실물,1,참고,1,M01,347,0,0,0,1,0,0,1,0,2,57.6,3,86.5,0,0,1,0,0,0,0,0,0,0
42,ch07,메인,1,,1,M02,8265,3,1,4,2,1,6,3,3,20,24.2,22,26.6,2,3,4,10,,,,,16,16
43,sub:중앙_정부_공식__01,서브퀘스트,1,참고,1,M02,1255,0,0,0,0,0,0,1,0,1,8,4,31.9,0,1,0,1,0,0,0,0,0,0
44,sub:세르반_02,서브퀘스트,1,참고,1,M02,1417,0,0,1,1,0,0,1,0,3,21.2,3,21.2,0,1,1,1,0,0,0,0,0,0
45,sub:스페이드_00,서브퀘스트,1,참고,1,M02,1335,0,0,0,0,0,0,2,0,2,15,3,22.5,0,0,0,0,0,0,0,0,0,0
46,sub:러블리_드림_00,서브퀘스트,1,참고,1,M02,2432,0,0,1,0,0,0,1,0,2,8.2,2,8.2,0,0,0,1,0,0,0,0,0,0
47,sub:러블리_드림_01,서브퀘스트,1,독립,1,M02,1723,0,0,0,0,0,0,0,0,0,0,1,5.8,0,0,0,0,0,0,0,0,0,0
48,relic:채팅로그_얼리어답터,유실물,1,참고,1,M02,937,1,0,0,0,0,0,1,0,2,21.3,1,10.7,0,0,0,0,0,0,0,0,0,0
49,d_ex_elevator_01,그 밖,1,보강,1,M02,1653,0,0,1,0,0,0,1,0,2,12.1,4,24.2,0,1,0,1,0,0,0,0,0,0
50,ch08,메인,1,,1,M02,4525,0,4,2,0,1,1,4,0,12,26.5,7,15.5,0,4,0,4,,,,,0,0
51,sub:칠리페퍼_01,서브퀘스트,1,참고,1,M02,1039,0,0,1,0,0,1,1,0,3,28.9,5,48.1,1,1,1,1,0,0,0,0,0,0
52,sub:든_셀_00,서브퀘스트,1,참고,1,M02,1577,0,0,0,0,0,0,1,0,1,6.3,4,25.4,0,0,0,0,0,0,0,0,0,0
53,relic:광고팜플렛,유실물,1,참고,1,M02,352,0,0,0,0,0,0,2,0,2,56.8,1,28.4,0,0,0,0,0,0,0,0,0,0
54,relic:UFO챈.zip,유실물,1,참고,1,M02,690,1,0,0,0,0,0,1,3,2,29,3,43.5,0,3,0,4,0,1,0,1,0,0
55,ch09,메인,1,,1,M02,9430,0,8,4,1,3,2,3,1,21,22.3,22,23.3,3,1,4,6,,,,,0,0
56,sub:테디_00,서브퀘스트,1,참고,1,M02,2239,0,0,0,0,0,0,1,0,1,4.5,3,13.4,0,0,0,0,0,0,0,0,0,0
57,sub:미실리스_연구팀_00,서브퀘스트,1,참고,1,M02,1671,0,1,0,0,0,0,1,0,2,12,2,12,0,0,0,0,0,0,0,0,0,0
58,sub:미실리스_연구팀_01,서브퀘스트,1,참고,1,M02,3005,0,0,0,0,0,0,1,0,1,3.3,4,13.3,0,0,0,0,0,0,0,0,0,0
59,sub:미실리스_연구팀_02,서브퀘스트,1,독립,1,M02,1920,0,0,0,0,2,0,0,0,2,10.4,1,5.2,0,0,0,0,0,0,0,0,0,0
60,sub:미실리스_연구팀_03,서브퀘스트,1,참고,1,M02,2105,0,0,0,0,0,0,1,0,1,4.8,2,9.5,0,0,0,0,0,0,0,0,0,0
61,relic:지휘관모집공고,유실물,1,참고,1,M02,416,1,0,0,0,0,0,1,0,2,48.1,1,24,0,0,0,0,0,0,0,0,0,0
62,ch10,메인,1,,1,M02,5475,2,0,1,1,1,0,1,0,6,11,10,18.3,1,1,3,4,,,,,0,0
63,sub:코리_00,서브퀘스트,1,독립,1,M02,644,0,0,0,0,0,0,1,1,1,15.5,2,31.1,0,0,0,0,0,0,0,0,0,0
64,sub:롬_00,서브퀘스트,1,참고,1,M02,845,0,0,0,0,1,0,0,0,1,11.8,3,35.5,0,1,0,1,0,0,0,0,0,0
65,sub:롬_01,서브퀘스트,1,참고,1,M02,1299,0,0,1,0,0,0,1,0,2,15.4,1,7.7,0,0,0,1,0,0,0,0,0,0
66,sub:롬_02,서브퀘스트,1,독립,1,M02,1485,0,0,1,0,0,1,0,0,2,13.5,1,6.7,0,0,0,1,0,0,0,0,0,0
67,relic:어느소녀의수기,유실물,1,독립,1,M02,559,1,0,0,0,0,0,1,0,2,35.8,1,17.9,0,0,0,0,0,0,0,0,0,0
68,ch11,메인,1,,1,M02,6103,0,0,1,0,6,0,1,1,8,13.1,13,21.3,1,1,2,2,,,,,0,0
69,sub:음악_애호가_00,서브퀘스트,1,참고,1,M02,1583,0,0,1,0,1,0,1,0,3,19,1,6.3,0,0,0,1,0,0,0,1,0,0
70,sub:음악_애호가_01,서브퀘스트,1,독립,1,M02,1315,0,0,0,0,0,0,1,0,1,7.6,1,7.6,0,0,0,0,0,0,0,0,0,0
71,relic:기업-랩쳐음모론,유실물,1,참고,1,M02,713,0,0,0,0,0,0,1,3,1,14,4,56.1,0,1,0,1,0,1,0,1,0,0
72,relic:구시대의플레이리스트,유실물,1,참고,1,M02,694,0,0,0,1,0,0,1,0,2,28.8,1,14.4,0,0,1,0,0,0,0,0,0,0
73,ch12,메인,1,,1,M03,12454,1,0,6,1,0,6,0,1,14,11.2,30,24.1,3,3,5,12,,,,,0,0
74,sub:숲속요정_00,서브퀘스트,1,참고,1,M03,1698,0,0,0,0,0,0,0,0,0,0,5,29.4,0,1,0,2,0,1,0,1,0,0
75,relic:어느의사의수기,유실물,1,독립,1,M03,776,0,0,0,0,0,0,2,0,2,25.8,1,12.9,0,0,0,0,0,0,0,0,0,0
76,ch13,메인,1,,1,M03,12974,1,0,4,4,1,5,1,0,16,12.3,24,18.5,1,5,5,11,,,,,0,0
77,sub:세르반_03,서브퀘스트,1,보강,1,M03,2101,0,0,0,0,1,2,1,0,4,19,5,23.8,1,0,3,0,0,0,0,0,0,0
78,sub:철도로GO_00,서브퀘스트,1,참고,1,M03,1153,0,0,1,0,0,0,1,0,2,17.3,3,26,0,0,0,1,0,0,0,0,0,0
79,relic:여자친구의편지,유실물,1,참고,1,M03,796,0,0,0,0,0,0,2,0,2,25.1,3,37.7,0,0,0,0,0,0,0,0,0,0
80,ch14,메인,1,,1,M03,14261,1,0,3,3,7,3,1,1,18,12.6,29,20.3,4,2,6,8,,,,,0,0
81,sub:칠리페퍼_02,서브퀘스트,1,참고,1,M03,1335,0,0,0,0,0,0,1,0,1,7.5,3,22.5,1,0,1,0,0,0,0,0,0,0
82,sub:알콜러버_00,서브퀘스트,1,독립,1,M03,993,0,0,0,0,0,0,1,0,1,10.1,1,10.1,0,0,0,0,0,0,0,0,0,0
83,relic:기후변화보고서,유실물,1,참고,1,M03,817,0,0,0,0,0,0,2,0,2,24.5,2,24.5,0,0,0,0,0,0,0,0,0,0
84,relic:인터넷BJ라이브방송녹화분,유실물,1,독립,1,M03,1207,0,0,0,0,0,0,1,0,1,8.3,1,8.3,0,0,0,0,0,0,0,0,0,0
85,ch15,메인,1,,1,M03,11147,0,0,1,2,3,5,3,1,14,12.6,18,16.1,0,0,2,3,,,,,0,0
86,relic:종말의서,유실물,1,참고,1,M03,385,0,0,1,0,0,0,1,0,2,51.9,2,51.9,0,0,0,3,0,0,0,1,0,0
87,ch16,메인,1,,1,M04,14141,1,0,10,1,11,1,4,1,28,19.8,23,16.3,0,3,1,6,,,,,0,0
88,sub:방주_난민_00,서브퀘스트,1,참고,1,M04,1629,0,1,0,0,0,0,1,0,2,12.3,2,12.3,0,0,0,0,0,0,0,0,0,0
89,sub:방주_난민_01,서브퀘스트,1,참고,1,M04,1341,0,0,0,0,0,0,1,0,1,7.5,1,7.5,0,0,0,0,0,0,0,0,0,0
90,sub:방주_난민_02,서브퀘스트,1,독립,1,M04,1756,0,0,0,0,0,0,1,0,1,5.7,1,5.7,0,0,0,0,0,0,0,0,0,0
91,sub:방주_난민_03,서브퀘스트,1,독립,1,M04,1177,0,0,0,0,0,1,0,0,1,8.5,2,17,0,0,0,0,0,0,0,0,0,0
92,relic:장보기목록,유실물,1,참고,1,M04,290,0,0,0,0,0,0,1,1,1,34.5,1,34.5,0,0,0,0,0,0,0,0,0,0
93,char:180,호감도,2,보강,1,M53,10687,0,1,1,0,4,1,0,1,7,6.6,13,12.2,1,1,1,2,1,1,1,1,2,2
94,char:11,호감도,3,참고,1,M80,10275,0,0,2,0,1,0,0,0,3,2.9,4,3.9,0,0,0,1,0,0,0,3,0,0
95,char:212,호감도,3,독립,1,M80,10507,0,1,0,0,1,0,0,0,2,1.9,4,3.8,0,2,0,2,0,0,0,0,5,5
96,char:232,호감도,2,참고,1,M53,9678,4,0,3,0,3,2,0,1,12,12.4,11,11.4,1,2,1,4,1,1,1,1,0,0
97,char:430,호감도,3,독립,1,M80,10299,0,0,0,0,2,2,0,0,4,3.9,4,3.9,0,0,0,1,0,0,0,0,0,0
98,char:20,호감도,3,참고,1,M80,12421,0,0,0,0,3,3,0,1,6,4.8,7,5.6,0,0,0,0,0,0,0,0,3,0
99,char:202,호감도,2,참고,1,M53,10245,1,2,1,0,3,1,0,1,8,7.8,11,10.7,0,0,0,1,0,0,0,0,5,5
100,char:101,호감도,3,보강,1,M81,10896,0,0,0,0,2,0,0,1,2,1.8,6,5.5,0,0,0,3,0,0,0,1,0,0
101,char:72,호감도,2,참고,1,M53,9133,2,3,4,0,5,2,0,1,16,17.5,6,6.6,0,0,1,3,0,0,0,0,4,4
102,char:221,호감도,2,보강,1,M53,9631,1,1,3,0,5,1,0,1,11,11.4,14,14.5,2,5,4,7,0,3,2,5,2,2
103,char:10,호감도,2,참고,1,M54,9482,0,0,2,0,0,1,0,0,3,3.2,12,12.7,0,0,0,2,0,0,0,1,0,0
104,char:190,호감도,3,보강,1,M81,6949,0,2,0,0,1,2,0,1,5,7.2,8,11.5,1,1,2,1,1,0,2,0,7,7
105,char:200,호감도,3,독립,1,M81,8600,0,0,0,0,2,1,0,1,3,3.5,5,5.8,0,0,0,0,0,0,0,0,10,0
106,char:82,호감도,3,참고,1,M81,9852,0,0,0,0,3,1,0,0,4,4.1,5,5.1,0,1,0,1,0,0,0,0,0,0
107,char:102,호감도,2,보강,1,M54,8039,0,0,3,1,2,2,0,0,8,10,8,10,1,1,4,3,1,0,4,1,0,0
108,char:130,호감도,2,참고,1,M54,8066,1,1,3,1,8,3,0,2,17,21.1,9,11.2,0,1,0,1,0,0,0,0,12,3
109,char:181,호감도,3,보강,1,M81,8795,0,0,0,0,3,2,0,1,5,5.7,5,5.7,0,0,0,2,0,0,0,0,3,0
110,char:32,호감도,3,참고,1,M81,10038,0,1,0,0,6,3,0,0,10,10,4,4,0,0,0,1,0,0,0,0,2,2
111,char:61,호감도,3,독립,1,M82,9198,0,0,0,0,4,3,0,0,7,7.6,4,4.3,0,1,0,1,0,0,0,0,0,0
112,char:161,호감도,3,참고,1,M82,9418,0,2,0,0,1,1,0,0,4,4.2,2,2.1,0,0,0,1,0,0,0,0,2,2
113,char:141,호감도,3,참고,1,M82,7860,0,0,0,0,0,2,0,0,2,2.5,3,3.8,0,0,0,2,0,0,0,0,0,0
114,char:91,호감도,3,참고,1,M82,10757,0,0,0,0,1,3,0,1,4,3.7,4,3.7,0,0,0,0,0,0,0,0,0,0
115,char:60,호감도,3,독립,1,M82,6753,0,0,0,0,2,1,0,0,3,4.4,2,3,0,0,0,0,0,0,0,0,0,0
116,char:431,호감도,3,독립,1,M82,8984,0,0,0,0,3,1,0,0,4,4.5,3,3.3,0,0,0,0,0,0,0,0,0,0
117,char:70,호감도,3,참고,1,M83,10035,0,3,0,0,3,3,0,0,9,9,3,3,0,0,0,0,0,0,0,0,3,3
118,char:80,호감도,3,독립,1,M83,9203,0,0,0,0,2,2,0,0,4,4.3,2,2.2,0,0,0,1,0,0,0,0,1,0
119,char:71,호감도,3,독립,1,M83,7916,0,0,0,0,4,3,0,0,7,8.8,3,3.8,0,0,1,0,0,0,0,0,8,0
120,char:140,호감도,2,참고,1,M54,10212,0,0,2,0,2,1,0,1,5,4.9,5,4.9,0,0,0,2,0,0,0,1,2,0
121,char:220,호감도,2,참고,1,M55,8974,0,0,2,0,0,1,0,1,3,3.3,5,5.6,0,0,0,3,0,0,0,2,0,0
122,char:22,호감도,3,독립,1,M83,9696,0,2,0,0,2,3,0,0,7,7.2,2,2.1,0,0,0,2,0,0,0,0,3,2
123,char:12,호감도,2,참고,1,M55,10809,1,0,3,0,1,1,0,0,6,5.6,12,11.1,1,3,1,10,0,0,0,3,0,0
124,char:432,호감도,3,독립,1,M83,9422,0,1,0,0,3,2,0,0,6,6.4,2,2.1,0,0,0,0,0,0,0,0,2,2
125,char:172,호감도,3,참고,1,M83,8373,0,0,0,0,4,3,0,0,7,8.4,4,4.8,0,0,0,0,0,0,0,0,10,0
126,char:191,호감도,3,보강,1,M83,8614,0,0,0,0,3,2,0,2,5,5.8,5,5.8,1,0,2,0,1,0,2,0,5,0
127,char:201,호감도,3,참고,1,M84,10144,0,2,0,0,1,1,0,1,4,3.9,3,3,0,0,0,0,0,0,0,0,6,3
128,char:291,호감도,3,참고,1,M84,12778,0,1,1,0,3,1,0,0,6,4.7,5,3.9,0,0,0,2,0,0,0,0,7,1
129,char:241,호감도,3,참고,1,M84,8806,0,3,0,0,3,2,0,0,8,9.1,4,4.5,0,0,0,0,0,0,0,0,4,4
130,char:210,호감도,3,참고,1,M84,9658,0,1,0,0,1,1,0,1,3,3.1,3,3.1,0,0,0,0,0,0,0,0,4,2
131,char:90,호감도,3,참고,1,M84,8218,0,4,1,0,2,1,0,1,8,9.7,2,2.4,0,0,1,0,0,0,1,0,20,20
132,char:160,호감도,3,독립,1,M84,6878,0,0,0,0,0,2,0,0,2,2.9,1,1.5,0,0,1,0,0,0,1,0,0,0
133,char:150,호감도,3,참고,1,M85,7574,0,1,0,0,3,4,0,0,8,10.6,2,2.6,0,0,0,1,0,0,0,0,9,3
134,char:171,호감도,3,참고,1,M85,8080,0,1,0,0,3,2,0,1,6,7.4,2,2.5,0,0,0,0,0,0,0,0,3,3
135,char:92,호감도,3,참고,1,M85,12896,0,0,0,0,4,2,0,1,6,4.7,4,3.1,0,1,0,1,0,0,0,0,0,0
136,char:231,호감도,2,참고,1,M55,9781,0,2,1,0,2,1,0,2,6,6.1,5,5.1,0,1,0,2,0,0,0,0,8,8
137,char:110,호감도,2,참고,1,M55,10581,0,0,2,1,0,2,0,1,5,4.7,7,6.6,0,0,1,3,0,0,1,1,0,0
138,char:131,호감도,3,독립,1,M85,8147,0,0,0,0,2,1,0,0,3,3.7,3,3.7,0,0,0,1,0,0,0,0,2,0
139,char:30,호감도,3,참고,1,M85,9828,0,0,0,0,5,4,0,0,9,9.2,3,3.1,0,0,0,0,0,0,0,0,3,0
140,char:242,호감도,3,독립,1,M85,8661,0,0,0,0,3,2,0,0,5,5.8,1,1.2,0,0,0,2,0,0,0,0,1,0
141,char:170,호감도,3,참고,1,M86,8440,0,0,0,0,3,3,0,1,6,7.1,3,3.6,0,1,0,1,0,0,0,0,0,0
142,char:142,호감도,3,참고,1,M86,8152,0,0,0,0,2,1,0,0,3,3.7,2,2.5,0,0,0,0,0,0,0,0,0,0
143,char:230,호감도,2,참고,1,M56,10306,0,0,3,0,3,2,0,1,8,7.8,3,2.9,0,1,0,2,0,0,0,0,0,0
144,char:222,호감도,2,참고,1,M56,11463,1,0,3,0,4,1,0,1,9,7.9,6,5.2,0,2,0,5,0,0,0,1,0,0
145,char:120,호감도,3,참고,1,M86,6506,0,0,2,0,3,4,0,1,9,13.8,3,4.6,0,0,0,1,0,0,0,0,3,0
146,event_nocallerid,이벤트,2,참고,1,M56,7741,0,0,1,0,0,0,0,0,1,1.3,6,7.8,0,0,0,0,0,0,0,0,0,0
147,char:352,호감도,3,참고,1,M86,12316,0,0,2,0,9,1,0,0,12,9.7,6,4.9,0,0,0,2,0,0,0,1,0,0
148,ch17,메인,1,,1,M04,20562,7,0,9,2,1,5,2,0,26,12.6,24,11.7,3,0,7,6,,,,,0,0
149,sub:제니퍼f_00,서브퀘스트,1,참고,1,M04,1564,0,0,1,0,0,0,1,0,2,12.8,3,19.2,0,1,0,1,0,0,0,0,0,0
150,relic:모바일_보이스피싱_광고_모음.zip,유실물,1,참고,1,M04,842,0,0,0,0,0,0,1,1,1,11.9,1,11.9,0,0,0,0,0,0,0,0,0,0
151,relic:니케제작보고서요약본,유실물,1,참고,1,M04,309,0,0,0,0,0,0,1,0,1,32.4,1,32.4,0,0,0,0,0,0,0,0,0,0
152,ch18,메인,1,,1,M04,21515,0,1,3,3,4,6,1,0,18,8.4,15,7,1,2,3,8,,,,,5,5
153,sub:테트라_커넥트_01,서브퀘스트,1,참고,1,M04,1793,0,0,1,0,0,0,1,0,2,11.2,1,5.6,0,0,1,1,0,0,0,1,0,0
154,sub:중앙_정부_공식__02,서브퀘스트,1,참고,1,M04,1646,0,0,0,0,0,0,0,0,0,0,5,30.4,2,0,3,0,0,0,0,0,0,0
155,sub:김작가_00,서브퀘스트,1,독립,1,M04,1357,0,0,0,0,0,1,1,0,2,14.7,0,0,0,0,0,0,0,0,0,0,0,0
156,relic:XX중학교가정통신문,유실물,1,참고,1,M04,978,0,0,0,1,0,0,1,1,2,20.4,1,10.2,0,0,1,0,0,0,1,0,0,0
157,event_hightechtoy,이벤트,2,참고,1,M56,12826,0,0,2,0,0,0,0,1,2,1.6,6,4.7,0,0,0,1,0,0,0,0,2,0
158,char:100,호감도,3,독립,1,M86,10183,0,0,1,0,1,2,0,1,4,3.9,4,3.9,0,0,0,1,0,0,0,0,3,0
159,event_miraclesnow1,이벤트,2,참고,1,M57,27037,0,1,5,1,1,2,0,0,10,3.7,9,3.3,0,0,2,0,0,0,0,0,8,3
160,char:193,호감도,3,독립,1,M86,7874,0,0,0,0,4,1,0,1,5,6.4,2,2.5,0,0,0,1,0,0,0,0,0,0
161,char:203,호감도,3,독립,1,M87,7785,0,0,0,0,0,2,0,0,2,2.6,1,1.3,0,0,0,0,0,0,0,0,0,0
162,char:121,호감도,3,독립,1,M87,9213,0,3,0,0,0,2,0,0,5,5.4,1,1.1,0,0,0,0,0,0,0,0,4,3
163,event_brandnewyear,이벤트,1,참고,1,M05,9418,1,0,2,2,0,0,2,0,7,7.4,5,5.3,0,0,2,3,0,0,1,1,0,0
164,char:260,호감도,2,참고,1,M57,8533,0,0,1,1,2,1,0,0,5,5.9,6,7,0,0,1,1,0,0,1,0,0,0
165,ch19,메인,1,,1,M05,13533,1,3,3,1,8,0,2,0,18,13.3,19,14,2,4,5,7,,,,,6,6
166,sub:데이파라_00,서브퀘스트,1,참고,1,M05,1692,0,0,0,1,0,1,1,0,3,17.7,3,17.7,0,3,1,3,0,0,0,0,0,0
167,relic:데일리아크기사스크랩,유실물,1,보강,1,M05,1833,4,0,1,0,0,1,2,0,8,43.6,4,21.8,0,2,0,4,0,1,0,2,0,0
168,ch20,메인,1,,1,M05,16125,1,2,2,2,12,3,1,2,23,14.3,19,11.8,3,4,6,7,,,,,2,2
169,sub:로망티스트_00,서브퀘스트,1,참고,1,M05,1266,0,0,1,0,0,0,1,0,2,15.8,1,7.9,0,0,0,1,0,0,0,0,0,0
170,relic:jonathan_report,유실물,1,참고,1,M05,1166,0,0,0,1,0,0,1,0,2,17.2,3,25.7,0,0,1,0,0,0,1,0,0,0
171,event_doutsiders,이벤트,1,참고,1,M05,11587,0,1,2,0,0,1,5,0,9,7.8,8,6.9,0,0,1,0,0,0,0,0,14,14
172,char:400,호감도,3,참고,1,M87,11718,0,0,0,0,3,4,0,0,7,6,5,4.3,0,0,0,0,0,0,0,0,0,0
173,char:401,호감도,3,참고,1,M87,11700,0,1,0,0,3,2,0,0,6,5.1,4,3.4,0,0,0,1,0,0,0,0,2,2
174,char:111,호감도,3,참고,1,M87,9710,0,0,0,0,0,3,0,1,3,3.1,3,3.1,0,0,0,0,0,0,0,0,0,0
175,char:402,호감도,3,참고,1,M87,11363,0,0,0,0,3,3,0,0,6,5.3,5,4.4,0,0,0,2,0,0,0,0,0,0
176,char:112,호감도,3,참고,1,M88,11251,0,0,1,0,2,1,0,1,4,3.6,6,5.3,0,0,0,1,0,0,0,1,0,0
177,event_maidinvalentine,이벤트,2,참고,1,M57,11917,0,1,1,1,4,0,0,0,7,5.9,4,3.4,0,0,1,2,0,0,0,0,1,1
178,char:311,호감도,3,참고,1,M88,8220,0,1,0,0,2,0,0,0,3,3.6,4,4.9,0,0,0,0,0,0,0,0,4,4
179,char:312,호감도,3,독립,1,M88,8105,0,1,0,0,2,2,0,0,5,6.2,1,1.2,0,0,0,0,0,0,0,0,1,1
180,char:800,호감도,3,참고,1,M88,6701,0,0,2,0,1,0,0,0,3,4.5,5,7.5,0,0,0,2,0,0,0,0,0,0
181,char:801,호감도,3,독립,1,M88,7344,0,0,0,0,1,0,0,0,1,1.4,1,1.4,0,0,0,0,0,0,0,0,0,0
182,char:802,호감도,3,참고,1,M88,7412,0,0,0,0,1,0,0,0,1,1.3,2,2.7,0,0,0,0,0,0,0,0,0,0
183,event_bowwowparadise,이벤트,3,참고,1,M88,15086,0,1,0,0,5,2,0,0,8,5.3,2,1.3,0,0,0,1,0,0,0,0,3,1
184,char:381,호감도,3,참고,1,M89,9363,0,0,0,0,0,1,0,0,1,1.1,2,2.1,0,0,0,0,0,0,0,0,0,0
185,event_cherryblossom,이벤트,1,보강,1,M06,18465,1,2,2,1,8,1,4,0,19,10.3,11,6,0,3,1,3,0,1,0,1,7,2
186,char:261,호감도,2,보강,1,M57,13096,0,1,2,3,1,1,0,0,8,6.1,9,6.9,1,0,1,5,1,0,4,0,3,3
187,char:282,호감도,3,참고,1,M89,11129,0,0,0,0,0,3,0,0,3,2.7,6,5.4,0,0,0,0,0,0,0,0,0,0
188,event_fullfoolday,이벤트,3,독립,1,M89,8222,0,0,0,0,0,1,0,0,1,1.2,0,0,0,0,0,0,0,0,0,0,0,0
189,event_ltk,이벤트,2,참고,1,M58,19758,0,0,3,0,5,0,0,0,8,4,6,3,0,0,0,3,0,0,0,0,0,0
190,char:40,호감도,3,참고,1,M89,7858,0,0,0,0,0,1,0,0,1,1.3,2,2.5,0,0,0,0,0,0,0,0,3,0
191,ch21,메인,1,,1,M06,22668,2,0,7,0,1,7,4,0,21,9.3,21,9.3,2,3,3,9,,,,,0,0
192,sub:에덴_Notice_00,서브퀘스트,1,독립,1,M06,1808,0,0,0,1,0,0,1,0,2,11.1,2,11.1,0,0,1,0,0,0,0,0,0,0
193,sub:에덴_Notice_01,서브퀘스트,1,참고,1,M06,2052,0,0,0,0,0,1,1,0,2,9.7,3,14.6,1,0,1,0,0,0,0,0,0,0
194,sub:에덴_Notice_02,서브퀘스트,1,참고,1,M06,1731,0,0,0,0,0,2,0,0,2,11.6,3,17.3,0,4,0,4,0,2,0,2,0,0
195,relic:특이랩쳐보고서-전,유실물,1,독립,1,M06,719,0,0,0,1,0,0,1,0,2,27.8,1,13.9,0,0,1,0,0,0,1,0,0,0
196,relic:특이랩쳐보고서-후,유실물,1,참고,1,M06,247,0,0,0,0,0,0,0,1,0,0,2,81,0,0,0,0,0,0,0,0,0,0
197,ch22,메인,1,,1,M07,21679,1,0,7,5,12,1,7,1,33,15.2,25,11.5,3,3,5,8,,,,,0,0
198,sub:문구점_00,서브퀘스트,1,참고,1,M07,2087,0,0,1,0,0,0,1,0,2,9.6,1,4.8,0,0,0,1,0,0,0,1,0,0
199,sub:중앙정부_트라이앵글_00,서브퀘스트,1,참고,1,M07,1968,0,0,0,1,0,0,2,0,3,15.2,2,10.2,0,0,1,0,0,0,1,0,0,0
200,sub:2호_쉘터_관리계정_00,서브퀘스트,1,참고,1,M07,1809,1,0,1,2,0,0,1,0,5,27.6,3,16.6,1,0,2,1,0,0,0,0,0,0
201,sub:할아범_01,서브퀘스트,1,참고,1,M07,1966,0,0,0,1,0,0,2,0,3,15.3,3,15.3,0,1,1,1,0,1,0,1,0,0
202,relic:에닉탄핵포스터,유실물,1,참고,1,M07,531,0,0,1,0,0,0,1,0,2,37.7,1,18.8,0,0,0,1,0,0,0,1,0,0
203,event_overzone,이벤트,1,필수,1,M08,38846,11,5,18,3,5,13,7,2,62,16,29,7.5,4,9,8,17,2,2,4,9,89,89
204,erelic:white_memory,유실물,1,필수,1,M08,4784,4,0,2,0,2,3,1,1,12,25.1,9,18.8,0,4,0,8,0,0,0,0,0,0
205,char:233,호감도,2,참고,1,M58,10014,2,0,2,3,1,2,0,0,10,10,7,7,0,0,1,2,0,0,0,0,0,0
206,char:392,호감도,3,참고,1,M89,8986,0,0,0,0,4,2,0,0,6,6.7,2,2.2,0,0,0,4,0,0,0,0,0,0
207,event_BunnyX777,이벤트,3,독립,1,M90,22025,0,0,1,0,2,2,0,0,5,2.3,2,0.9,0,0,0,2,0,0,0,0,0,0
208,char:270,호감도,3,독립,1,M90,11613,0,0,0,0,1,1,0,0,2,1.7,3,2.6,0,0,1,4,0,0,0,0,0,0
209,char:271,호감도,3,독립,1,M90,10192,0,1,0,0,0,3,0,0,4,3.9,1,1,0,0,0,1,0,0,0,0,1,1
210,event_queensorder,이벤트,2,참고,1,M58,17584,0,0,2,0,4,3,0,0,9,5.1,8,4.5,0,2,0,3,0,0,0,0,6,0
211,char:280,호감도,3,참고,1,M90,11620,0,0,0,0,0,2,0,3,2,1.7,8,6.9,1,0,1,0,0,0,0,0,2,0
212,event_bluewaterisland,이벤트,1,참고,1,M09,47625,1,5,8,3,3,2,4,0,26,5.5,14,2.9,1,1,3,4,0,0,0,0,16,16
213,char:132,호감도,3,독립,1,M90,10647,0,0,0,0,0,2,0,1,2,1.9,3,2.8,0,0,0,0,0,0,0,0,0,0
214,char:14,호감도,3,독립,1,M91,8637,0,0,0,0,0,1,0,0,1,1.2,1,1.2,0,0,1,0,0,0,0,0,0,0
215,event_nyanyaparadise,이벤트,3,참고,1,M91,16096,0,0,2,0,3,0,0,0,5,3.1,2,1.2,0,0,0,1,0,0,0,0,0,0
216,char:380,호감도,3,참고,1,M91,8485,0,0,0,0,1,1,0,0,2,2.4,2,2.4,0,0,1,0,0,0,0,0,0,0
217,ch23,메인,1,,1,M10,28641,1,0,12,1,3,2,3,2,22,7.7,28,9.8,3,5,7,10,,,,,0,0
218,sub:상인연합_달란트_00,서브퀘스트,1,참고,1,M10,1372,0,0,0,0,0,0,1,0,1,7.3,1,7.3,0,0,0,0,0,0,0,0,0,0
219,sub:콜렉터_02,서브퀘스트,1,참고,1,M10,1295,0,0,1,1,0,1,1,0,4,30.9,1,7.7,0,0,1,1,0,0,0,0,0,0
220,relic:필그림조우보고서,유실물,1,참고,1,M10,623,4,0,0,0,0,0,0,0,4,64.2,2,32.1,0,0,0,0,0,0,0,0,0,0
221,ch24,메인,1,,1,M10,32796,1,0,8,3,3,17,2,0,34,10.4,44,13.4,3,3,9,20,,,,,0,0
222,sub:해결사_카페_스위티_00,서브퀘스트,1,참고,1,M10,1182,0,0,0,0,0,0,1,1,1,8.5,1,8.5,0,0,0,0,0,0,0,0,0,0
223,relic:긴급뉴스대본_FB_3_final_2.pdf,유실물,1,참고,1,M10,577,0,0,0,1,0,0,1,0,2,34.7,1,17.3,0,0,2,0,0,0,1,0,0,0
224,event_goldenship,이벤트,2,독립,1,M58,15591,0,1,1,0,2,0,0,0,4,2.6,5,3.2,0,0,0,0,0,0,0,0,5,4
225,char:350,호감도,3,독립,1,M91,10234,0,0,0,0,0,3,0,0,3,2.9,2,2,0,0,0,0,0,0,0,0,7,0
226,event_seayouagain1,이벤트,2,참고,1,M59,41772,1,0,4,4,2,5,0,2,16,3.8,12,2.9,1,0,3,2,0,0,0,0,0,0
227,char:15,호감도,3,독립,1,M91,8884,0,0,0,0,0,1,0,0,1,1.1,1,1.1,0,0,0,0,0,0,0,0,0,0
228,char:351,호감도,3,참고,1,M91,10471,0,1,0,0,3,3,0,0,7,6.7,4,3.8,0,0,0,0,0,0,0,0,5,0
229,char:353,호감도,3,독립,1,M92,11653,0,0,0,0,0,2,0,0,2,1.7,2,1.7,0,0,0,0,0,0,0,0,0,0
230,event_firstaffection,이벤트,3,독립,1,M92,5448,0,0,1,0,0,2,0,0,3,5.5,2,3.7,0,0,0,0,0,0,0,0,0,0
231,char:810,호감도,3,참고,1,M92,5508,0,0,0,0,2,0,0,0,2,3.6,2,3.6,0,0,0,0,0,0,0,0,0,0
232,char:812,호감도,3,독립,1,M92,4410,0,0,0,0,1,0,0,0,1,2.3,1,2.3,0,0,0,0,0,0,0,0,2,0
233,char:811,호감도,3,참고,1,M92,3585,0,0,0,0,1,1,0,0,2,5.6,1,2.8,0,0,0,0,0,0,0,0,0,0
234,event_schooloflock,이벤트,2,참고,1,M59,21870,0,3,5,1,8,2,0,2,19,8.7,9,4.1,0,0,1,3,0,0,0,0,11,9
235,char:321,호감도,3,독립,1,M92,8838,0,0,0,0,1,2,0,0,3,3.4,2,2.3,0,0,0,0,0,0,0,0,0,0
236,event_dazzlingcupid,이벤트,2,참고,1,M60,23095,0,2,5,1,5,7,0,1,20,8.7,4,1.7,0,0,1,3,0,0,0,0,3,3
237,char:450,호감도,3,참고,1,M92,8768,0,0,0,0,2,2,0,0,4,4.6,4,4.6,0,0,1,2,0,0,0,0,0,0
238,char:451,호감도,3,참고,1,M92,7538,0,0,0,0,1,1,0,0,2,2.7,2,2.7,0,0,1,1,0,0,0,0,0,0
239,event_freezeacpu,이벤트,1,참고,1,M11,22291,0,1,1,1,2,1,3,0,9,4,3,1.3,0,1,1,3,0,0,0,0,12,1
240,char:33,호감도,3,독립,1,M92,9047,0,0,0,0,2,1,0,0,3,3.3,3,3.3,1,0,1,1,0,0,0,0,0,0
241,ch25,메인,1,,1,M11,21441,5,0,11,4,8,9,3,0,40,18.7,21,9.8,2,7,6,13,,,,,0,0
242,sub:중앙정부_프로토콜_00,서브퀘스트,1,참고,1,M11,1154,0,0,0,0,0,0,1,0,1,8.7,1,8.7,0,0,0,0,0,0,0,0,0,0
243,relic:마더웨일아종목격보고.wav,유실물,1,참고,1,M11,381,2,0,1,0,0,0,0,0,3,78.7,2,52.5,0,1,0,1,0,1,0,2,0,0
244,ch26,메인,1,,1,M12,21656,6,0,9,3,4,12,3,2,37,17.1,30,13.9,2,2,4,21,,,,,0,0
245,sub:로망티스트_01,서브퀘스트,1,참고,1,M12,1909,0,0,0,1,0,1,1,0,3,15.7,1,5.2,0,0,1,0,0,0,0,0,0,0
246,sub:코인_러시_00,서브퀘스트,1,참고,1,M12,1188,0,0,1,0,2,0,1,0,4,33.7,1,8.4,0,0,0,1,0,0,0,1,0,0
247,relic:저주받은보석,유실물,1,참고,1,M12,1089,0,0,2,0,0,0,2,0,4,36.7,2,18.4,0,1,0,1,0,1,0,3,0,0
248,event_redash,이벤트,1,필수,1,M13,44216,19,0,21,1,8,5,3,3,57,12.9,40,9,3,2,7,15,1,0,5,5,0,0
249,erelic:red_ash_lost,유실물,1,참고,1,M13,23455,14,1,2,2,3,0,1,0,23,9.8,14,6,2,2,5,5,0,0,1,2,21,21
250,erelic:red_ash_mini,유실물,1,보강,1,M14,5929,4,1,2,2,0,0,1,0,10,16.9,9,15.2,2,0,4,2,1,0,3,0,23,23
251,char:470,호감도,2,보강,1,M60,7640,4,0,0,2,0,4,0,0,10,13.1,6,7.9,0,0,2,2,0,0,1,1,0,0
252,char:224,호감도,2,필수,1,M60,8226,3,0,0,2,3,3,0,0,11,13.4,5,6.1,0,0,2,0,0,0,0,0,0,0
253,event_alonesurvivor,이벤트,2,참고,1,M60,22790,0,0,0,1,5,4,0,0,10,4.4,7,3.1,0,0,1,0,0,0,0,0,0,0
254,char:192,호감도,3,참고,1,M93,11180,0,0,0,2,0,4,0,0,6,5.4,3,2.7,0,0,1,0,0,0,2,0,0,0
255,event_neverland1,이벤트,2,참고,1,M61,39397,3,2,6,2,1,5,0,1,19,4.8,12,3,1,0,2,1,0,0,0,0,2,2
256,char:194,호감도,3,참고,1,M93,7468,0,1,0,2,0,2,0,0,5,6.7,4,5.4,1,0,2,0,0,0,0,0,6,2
257,char:62,호감도,3,독립,1,M93,7950,0,0,0,0,0,5,0,0,5,6.3,3,3.8,0,0,0,0,0,0,0,0,0,0
258,event_newyearnewsword,이벤트,1,보강,1,M14,22538,2,1,5,1,4,4,3,3,20,8.9,19,8.4,3,1,5,5,0,0,0,5,6,2
259,char:225,호감도,2,보강,1,M61,7919,4,0,0,1,3,3,0,1,11,13.9,5,6.3,1,0,2,0,0,0,0,0,0,0
260,event_lionheart,이벤트,2,참고,1,M61,21355,1,1,6,0,3,3,0,0,14,6.6,7,3.3,0,0,0,0,0,0,0,0,2,1
261,char:382,호감도,3,참고,1,M93,7500,0,0,0,0,0,2,0,0,2,2.7,4,5.3,0,0,0,0,0,0,0,0,0,0
262,event_dirtybackyard,이벤트,1,보강,1,M14,21768,2,0,5,0,2,3,3,0,15,6.9,15,6.9,1,5,1,8,0,4,0,15,0,0
263,char:281,호감도,3,독립,1,M93,10835,0,0,0,0,0,0,0,0,0,0,4,3.7,0,0,0,0,0,0,0,0,1,0
264,event_perfectmaid,이벤트,2,참고,1,M62,23999,0,1,1,1,5,4,0,0,12,5,7,2.9,1,0,2,4,0,0,0,0,2,2
265,char:313,호감도,3,독립,1,M93,5960,0,0,0,0,0,1,0,0,1,1.7,2,3.4,0,0,0,2,0,0,0,0,0,0
266,char:310,호감도,3,독립,1,M93,7526,0,0,0,0,0,2,0,0,2,2.7,3,4,0,0,0,0,0,0,0,0,0,0
267,ch27,메인,1,,1,M15,28343,0,0,9,2,5,4,3,1,23,8.1,25,8.8,3,6,6,17,,,,,0,0
268,sub:피라_00,서브퀘스트,1,참고,1,M15,1013,0,0,0,0,0,2,0,0,2,19.7,1,9.9,0,0,0,0,0,0,0,0,0,0
269,sub:피라_01,서브퀘스트,1,참고,1,M15,2000,0,0,0,0,0,0,0,0,0,0,1,5,0,0,0,0,0,0,0,0,0,0
270,sub:피라_02,서브퀘스트,1,참고,1,M15,2489,0,1,0,1,0,0,0,0,2,8,4,16.1,0,2,1,2,0,1,0,1,0,0
271,sub:트윙클_00,서브퀘스트,1,독립,1,M15,1860,0,0,0,0,0,1,1,0,2,10.8,1,5.4,0,0,0,0,0,0,0,0,0,0
272,relic:잘지내라친구,유실물,1,참고,1,M15,586,2,0,0,1,0,0,1,0,4,68.3,2,34.1,1,0,3,0,0,0,1,0,0,0
273,ch28,메인,1,,1,M15,24551,2,0,7,0,4,3,1,0,17,6.9,20,8.1,1,9,1,14,,,,,0,0
274,sub:택틱컬틱택_00,서브퀘스트,1,참고,1,M15,2237,0,0,0,0,0,0,1,0,1,4.5,2,8.9,0,0,0,0,0,0,0,0,0,0
275,sub:택틱컬틱택_01,서브퀘스트,1,참고,1,M15,1474,0,0,0,0,1,0,1,0,2,13.6,4,27.1,1,0,1,0,1,0,1,0,0,0
276,sub:핸섬_커맨더_00,서브퀘스트,1,참고,1,M15,1960,0,0,0,0,0,0,0,0,0,0,3,15.3,0,1,0,2,0,0,0,0,0,0
277,sub:핸섬_커맨더_01,서브퀘스트,1,참고,1,M15,1806,0,0,0,0,0,1,1,0,2,11.1,3,16.6,0,0,0,0,0,0,0,0,0,0
278,sub:MMR지킴이_00,서브퀘스트,1,참고,1,M15,1967,0,0,0,0,0,0,1,0,1,5.1,5,25.4,1,0,1,0,0,0,0,0,0,0
279,relic:조난일지,유실물,1,독립,1,M15,186,0,0,0,2,0,0,0,0,2,107.5,1,53.8,0,0,2,0,0,0,1,0,0,0
280,event_boomsday,이벤트,1,보강,1,M16,21849,1,0,7,3,5,3,3,0,22,10.1,10,4.6,2,1,3,7,1,0,4,4,0,0
281,char:500,호감도,3,독립,1,M94,6620,0,0,0,0,0,1,0,1,1,1.5,2,3,0,0,0,0,0,0,0,0,0,0
282,event_killthelord,이벤트,1,참고,1,M16,27305,1,2,5,3,1,2,4,0,18,6.6,8,2.9,0,0,2,3,0,0,0,0,3,3
283,char:43,호감도,3,독립,1,M94,9083,0,0,0,0,0,1,0,0,1,1.1,2,2.2,0,0,0,0,0,0,0,0,0,0
284,char:822,호감도,3,독립,1,M94,4455,0,0,0,0,1,1,0,0,2,4.5,1,2.2,0,0,0,0,0,0,0,0,0,0
285,char:821,호감도,3,독립,1,M94,6053,0,0,0,0,1,1,0,0,2,3.3,1,1.7,0,0,0,0,0,0,0,0,0,0
286,char:820,호감도,3,독립,1,M94,5868,0,0,0,0,1,1,0,0,2,3.4,1,1.7,0,0,0,0,0,0,0,0,0,0
287,event_liarsend,이벤트,3,참고,1,M94,9201,0,1,0,0,0,0,0,0,1,1.1,1,1.1,0,0,0,0,0,0,0,0,1,1
288,side:second_affection,사이드,1,필수,1,M16,17576,1,0,5,2,5,7,2,1,22,12.5,17,9.7,0,1,1,2,0,0,2,0,0,0
289,event_onemoretime,이벤트,2,독립,1,M62,27600,0,1,4,1,6,2,0,1,14,5.1,5,1.8,0,0,1,2,0,0,0,0,1,1
290,char:550,호감도,3,독립,1,M94,9449,0,0,0,0,0,3,0,0,3,3.2,2,2.1,0,0,0,1,0,0,0,0,0,0
291,ch29,메인,1,,1,M17,24918,1,0,9,2,9,1,2,1,24,9.6,18,7.2,1,1,2,4,,,,,0,0
292,relic:반드시사수하라,유실물,1,참고,1,M17,434,0,0,0,0,0,0,1,0,1,23,3,69.1,0,0,0,0,0,0,0,0,0,0
293,ch30,메인,1,,1,M17,22017,2,0,9,4,5,7,2,1,29,13.2,35,15.9,4,3,7,13,,,,,0,0
294,relic:하모니큐브관찰일지,유실물,1,보강,1,M17,637,0,0,0,0,0,0,1,0,1,15.7,3,47.1,1,0,1,0,1,0,1,0,0,0
295,event_lastkingdom1,이벤트,1,필수,1,M18,49150,8,0,16,6,10,16,5,2,61,12.4,40,8.1,2,1,9,5,1,2,4,4,0,0
296,char:330,호감도,2,참고,1,M62,7522,0,0,1,1,2,2,0,1,6,8,7,9.3,0,0,1,1,0,0,0,0,0,0
297,char:361,호감도,3,참고,1,M94,10414,0,0,0,0,1,0,0,0,1,1,4,3.8,0,0,0,0,0,0,0,0,0,0
298,event_darkhero,이벤트,1,보강,1,M19,25882,4,0,3,8,5,5,3,3,28,10.8,19,7.3,1,2,7,3,1,0,5,1,0,0
299,char:501,호감도,3,독립,1,M95,6636,0,0,0,0,0,3,0,0,3,4.5,2,3,0,0,0,0,0,0,0,0,0,0
300,event_goldencoinrush1,이벤트,2,참고,1,M63,61869,2,1,1,5,4,5,0,1,18,2.9,11,1.8,0,0,5,1,0,0,0,0,2,2
301,char:314,호감도,3,독립,1,M95,7147,0,0,0,0,0,1,0,0,1,1.4,3,4.2,0,0,0,0,0,0,0,0,0,0
302,char:195,호감도,3,독립,1,M95,8293,0,0,0,0,0,2,0,0,2,2.4,2,2.4,0,0,0,0,0,0,0,0,0,0
303,event_claymore,이벤트,2,참고,1,M64,25699,0,3,2,5,4,4,0,1,18,7,9,3.5,0,0,3,0,0,0,0,0,6,6
304,char:551,호감도,3,참고,1,M95,8414,0,1,0,0,0,2,0,0,3,3.6,2,2.4,0,0,1,0,0,0,0,0,1,1
305,event_beautyfullshot1,이벤트,1,참고,1,M19,44870,3,0,2,6,5,6,2,1,24,5.3,15,3.3,0,1,5,4,0,0,2,2,0,0
306,char:284,호감도,3,독립,1,M95,7201,0,0,0,0,0,1,0,0,1,1.4,1,1.4,0,0,0,0,0,0,0,0,0,0
307,char:283,호감도,3,참고,1,M95,5008,0,0,0,0,0,1,0,0,1,2,2,4,0,0,0,0,0,0,0,0,0,0
308,ch31,메인,1,,1,M20,18283,4,0,13,2,4,3,1,0,27,14.8,19,10.4,2,5,4,11,,,,,0,0
309,relic:말뚝프로젝트보고서,유실물,1,보강,1,M20,517,0,0,0,0,0,0,1,0,1,19.3,3,58,0,0,1,0,0,0,1,0,0,0
310,ch32,메인,1,,1,M20,21085,2,1,5,7,8,10,0,1,33,15.7,29,13.8,3,5,12,15,,,,,3,3
311,sub:관짝이_00,서브퀘스트,1,보강,1,M20,2586,0,0,1,0,0,1,0,0,2,7.7,5,19.3,2,0,2,2,2,0,3,3,0,0
312,sub:거울_공주_00,서브퀘스트,1,참고,1,M20,2978,0,0,2,0,1,1,0,0,4,13.4,3,10.1,0,0,0,2,0,0,0,1,0,0
313,sub:관짝이_01,서브퀘스트,1,참고,1,M20,3996,0,0,1,2,0,1,0,0,4,10,3,7.5,0,0,2,2,0,0,2,1,0,0
314,sub:관짝이_02,서브퀘스트,1,참고,1,M20,2515,0,0,1,0,1,0,0,0,2,8,4,15.9,1,2,1,2,1,2,1,3,0,0
315,sub:거울_공주_01,서브퀘스트,1,참고,1,M20,2214,0,0,0,1,0,0,0,0,1,4.5,3,13.6,0,4,1,4,0,3,0,3,0,0
316,relic:수정지역깊은곳어딘가,유실물,1,독립,1,M20,608,1,0,0,1,0,0,0,0,2,32.9,1,16.4,0,0,1,0,0,0,2,0,0,0
317,event_juveniledays,이벤트,2,독립,1,M64,18588,1,0,3,2,7,2,0,0,15,8.1,5,2.7,0,0,2,2,0,0,0,0,0,0
318,char:391,호감도,3,참고,1,M95,5706,0,0,1,0,0,2,0,0,3,5.3,3,5.3,0,0,1,1,0,0,0,0,0,0
319,event_colorless,이벤트,2,참고,1,M64,22992,1,1,3,2,3,6,0,0,16,7,12,5.2,0,0,2,2,0,0,0,0,4,1
320,char:390,호감도,3,참고,1,M95,6680,0,0,0,0,0,1,0,0,1,1.5,3,4.5,0,0,0,0,0,0,0,0,0,0
321,char:833,호감도,3,참고,1,M95,3165,0,0,0,0,1,1,0,0,2,6.3,3,9.5,0,0,1,0,0,0,0,0,0,0
322,char:830,호감도,3,독립,1,M95,3258,0,0,0,0,1,1,0,1,2,6.1,1,3.1,0,0,0,0,0,0,0,0,0,0
323,char:831,호감도,3,독립,1,M96,3021,0,0,0,0,1,1,0,1,2,6.6,1,3.3,0,0,0,0,0,0,0,0,0,0
324,char:832,호감도,3,참고,1,M96,3375,0,0,0,0,1,2,0,0,3,8.9,2,5.9,0,0,0,0,0,0,0,0,0,0
325,event_jinxplayer,이벤트,3,독립,1,M96,24785,0,1,0,1,0,2,0,0,4,1.6,2,0.8,0,0,1,1,0,0,0,0,2,2
326,event_nonsensered,이벤트,3,참고,1,M96,5826,4,0,0,0,0,0,0,0,4,6.9,2,3.4,0,0,0,0,0,0,0,0,0,0
327,char:272,호감도,3,독립,1,M96,9406,0,0,0,0,0,2,0,1,2,2.1,1,1.1,0,0,0,0,0,0,0,0,0,0
328,event_phantomthiefvsdetective,이벤트,2,독립,1,M65,26728,0,2,1,4,6,3,0,2,16,6,3,1.1,0,1,2,5,0,0,0,0,8,6
329,char:403,호감도,3,독립,1,M96,9940,0,1,0,0,0,1,0,0,2,2,1,1,0,0,0,0,0,0,0,0,2,2
330,char:580,호감도,3,참고,1,M96,8621,0,0,2,0,0,1,0,0,3,3.5,5,5.8,1,1,1,2,0,0,0,0,0,0
331,side:wordless,사이드,1,보강,1,M21,19148,0,2,1,5,1,9,2,1,20,10.4,8,4.2,0,2,4,5,0,0,4,1,10,10
332,event_lifeagain,이벤트,2,참고,1,M65,27170,0,0,0,1,3,0,0,1,4,1.5,3,1.1,0,0,1,0,0,0,0,0,0,0
333,char:240,호감도,3,참고,1,M97,9323,0,0,0,0,0,1,0,0,1,1.1,1,1.1,0,0,0,0,0,0,0,0,0,0
334,ch33,메인,1,,1,M21,23614,1,0,9,4,6,6,2,0,28,11.9,23,9.7,3,4,10,12,,,,,0,0
335,relic:소녀의일기-절망편-,유실물,1,참고,1,M21,633,4,0,1,2,0,0,0,2,7,110.6,2,31.6,1,0,2,1,1,0,2,1,0,0
336,ch34,메인,1,,1,M22,30765,3,0,15,12,3,14,2,4,49,15.9,28,9.1,5,2,12,13,,,,,0,0
337,relic:충격다크매터란무엇인가,유실물,1,독립,1,M22,584,2,0,0,1,0,0,1,0,4,68.5,1,17.1,0,0,1,0,0,0,1,0,0,0
338,event_oldtales1,이벤트,1,필수,1,M23,52526,3,0,23,7,9,12,6,2,60,11.4,44,8.4,5,4,10,14,4,2,11,9,0,0
339,erelic:old_tales_dialog,유실물,1,참고,1,M23,2935,4,0,1,0,0,2,1,0,8,27.3,5,17,1,0,2,1,1,0,2,0,0,0
340,erelic:old_tales_lost,유실물,1,보강,1,M23,3212,3,0,1,1,0,0,0,2,5,15.6,6,18.7,1,0,2,3,0,0,0,1,0,0
341,erelic:old_tales_mini_memory,유실물,1,참고,1,M23,8207,4,0,0,2,0,0,1,3,7,8.5,10,12.2,1,1,3,1,0,0,1,0,0,0
342,char:226,호감도,2,참고,1,M65,7957,4,0,1,2,1,1,0,0,9,11.3,4,5,0,0,2,1,0,0,0,1,0,0
343,char:511,호감도,3,보강,1,M97,9364,0,0,1,0,0,2,0,0,3,3.2,3,3.2,0,0,1,1,0,0,0,0,0,0
344,char:514,호감도,2,보강,1,M65,8026,1,0,1,1,0,4,0,0,7,8.7,3,3.7,0,0,2,1,0,0,1,0,0,0
345,event_secretgarden,이벤트,2,참고,1,M66,26770,3,0,1,2,5,3,0,1,14,5.2,3,1.1,0,0,2,1,0,0,0,0,0,0
346,char:411,호감도,3,참고,1,M97,8047,0,0,0,0,0,1,0,1,1,1.2,2,2.5,0,0,0,0,0,0,0,0,0,0
347,event_icedragonsaga1,이벤트,2,보강,1,M67,51788,5,5,10,4,6,11,0,0,41,7.9,11,2.1,1,0,2,0,0,0,0,0,3,3
348,char:183,호감도,3,독립,1,M97,7870,0,0,0,0,0,0,0,0,0,0,0,0,0,0,0,0,0,0,0,0,0,0
349,char:182,호감도,3,독립,1,M97,7365,0,1,0,0,0,1,0,0,2,2.7,1,1.4,0,0,0,0,0,0,0,0,1,1
350,event_footstepwalkrun1,이벤트,1,필수,1,M24,41908,1,0,14,8,2,6,7,2,38,9.1,40,9.5,9,4,16,9,5,3,12,12,0,0
351,event_outofuniform,이벤트,3,독립,1,M97,10893,0,0,0,0,0,1,0,0,1,0.9,1,0.9,0,0,0,0,0,0,0,0,0,0
352,char:16,호감도,3,참고,1,M97,8509,0,0,0,0,0,2,0,0,2,2.4,1,1.2,0,0,0,0,0,0,0,0,0,0
353,event_wisdomspring,이벤트,1,필수,1,M24,17898,0,4,6,2,2,3,3,2,20,11.2,14,7.8,1,4,7,9,0,3,3,8,9,7
354,char:290,호감도,3,참고,1,M98,6419,0,1,0,0,1,2,0,0,4,6.2,2,3.1,0,0,0,0,0,0,0,0,1,1
355,event_romanticvalentine,이벤트,2,참고,1,M68,29176,0,1,0,3,0,5,0,0,9,3.1,4,1.4,0,0,2,1,0,0,0,0,15,15
356,char:354,호감도,3,독립,1,M98,8784,0,1,0,0,0,2,0,0,3,3.4,1,1.1,0,0,0,0,0,0,0,0,1,1
357,char:355,호감도,3,독립,1,M98,8335,0,0,0,0,1,1,0,0,2,2.4,1,1.2,0,0,0,0,0,0,0,0,0,0
358,ch35,메인,1,,1,M25,30502,3,0,9,22,1,14,3,3,52,17,28,9.2,5,2,24,10,,,,,0,0
359,relic:알관련전달사항,유실물,1,참고,1,M25,620,2,0,2,0,0,0,0,1,4,64.5,3,48.4,1,2,1,3,1,2,1,4,0,0
360,ch36,메인,1,,1,M25,19522,1,0,5,8,1,6,3,2,24,12.3,20,10.2,4,4,10,10,,,,,0,0
361,relic:할일목록,유실물,1,참고,1,M25,125,4,0,2,1,0,0,0,1,7,560,1,80,0,0,2,2,0,0,2,2,0,0
362,char:836,호감도,3,독립,1,M98,5008,0,0,0,0,1,1,0,0,2,4,1,2,0,0,0,0,0,0,0,0,0,0
363,char:835,호감도,3,독립,1,M98,4940,0,0,0,0,0,2,0,0,2,4,1,2,0,0,0,0,0,0,0,0,0,0
364,char:834,호감도,3,참고,1,M98,4355,0,0,0,0,0,1,0,0,1,2.3,1,2.3,0,0,0,0,0,0,0,0,0,0
365,fl:for_rest,이벤트,2,참고,1,M68,25227,0,2,5,4,2,5,0,0,18,7.1,10,4,2,0,4,0,0,0,0,0,29,29
366,char:412,호감도,3,독립,1,M98,8029,0,1,0,0,1,1,0,0,3,3.7,1,1.2,0,0,0,0,0,0,0,0,5,5
367,event_newflavor,이벤트,1,참고,1,M26,21462,0,0,6,0,7,2,4,0,19,8.9,9,4.2,1,0,2,3,0,0,0,0,0,0
368,char:520,호감도,3,독립,1,M98,5496,0,0,0,0,0,1,0,0,1,1.8,1,1.8,0,0,0,0,0,0,0,0,0,0
369,event_foolburstday,이벤트,2,독립,1,M68,16859,0,0,0,1,0,1,0,1,2,1.2,3,1.8,0,0,1,0,0,0,0,0,0,0
370,side:mudfish,사이드,1,필수,1,M26,25706,2,1,4,2,3,10,2,5,24,9.3,13,5.1,2,1,5,5,2,0,6,6,1,1
371,event_trueflavor,이벤트,3,독립,1,M99,20324,0,1,0,0,0,3,0,0,4,2,2,1,0,0,1,0,0,0,0,0,1,1
372,char:521,호감도,3,참고,1,M99,7978,0,0,0,0,0,1,0,0,1,1.3,3,3.8,0,0,0,0,0,0,0,0,0,0
373,ch37,메인,1,,1,M26,20986,2,0,5,4,6,6,3,0,26,12.4,15,7.1,2,1,11,9,,,,,0,0
374,relic:주워갈것들메모,유실물,1,참고,1,M26,411,4,0,1,1,0,0,0,0,6,146,3,73,0,1,1,2,0,1,1,3,0,0
375,ch38,메인,1,,1,M27,24658,4,0,9,10,8,10,4,3,45,18.2,19,7.7,4,2,12,10,,,,,0,0
376,relic:은색액체,유실물,1,참고,1,M27,779,2,0,0,2,0,0,0,0,4,51.3,2,25.7,0,0,2,0,0,0,2,0,0,0
377,event_unbreakablesphere1,이벤트,1,보강,1,M28,61277,8,4,15,17,10,12,4,2,70,11.4,29,4.7,4,0,10,6,1,0,7,1,9,9
378,erelic:unbreakable_sphere_dialog,유실물,1,참고,1,M28,5483,0,0,0,2,0,1,0,0,3,5.5,3,5.5,0,0,3,2,0,0,1,0,0,0
379,erelic:unbreakable_sphere_lost,유실물,1,참고,1,M28,1436,2,0,0,1,0,0,0,0,3,20.9,5,34.8,1,1,3,1,1,0,1,0,0,0
380,char:513,호감도,2,보강,1,M69,6408,0,2,0,2,0,2,0,0,6,9.4,5,7.8,0,0,3,0,0,0,0,0,8,8
381,char:590,호감도,3,보강,1,M99,8909,0,1,0,1,1,1,0,0,4,4.5,5,5.6,0,0,1,0,0,0,0,0,6,6
382,char:162,호감도,2,참고,1,M69,8380,1,2,0,5,1,2,0,2,11,13.1,9,10.7,0,0,6,0,0,0,4,0,6,6
383,event_arcanearchive,이벤트,1,보강,1,M29,24883,8,0,13,4,6,4,5,2,40,16.1,20,8,1,3,6,10,0,1,2,2,0,0
384,char:581,호감도,3,참고,1,M99,8801,0,0,0,0,0,3,0,0,3,3.4,5,5.7,0,0,0,2,0,0,0,0,0,0
385,event_lordforjustice,이벤트,1,보강,1,M29,20468,3,4,7,5,2,6,2,2,29,14.2,30,14.7,1,2,4,3,0,1,0,3,14,14
386,char:41,호감도,3,독립,1,M99,6671,0,0,0,0,0,2,0,0,2,3,3,4.5,0,0,0,0,0,0,0,0,0,0
387,event_ce006,이벤트,1,보강,1,M30,69548,2,6,22,5,10,14,10,1,69,9.9,35,5,2,1,4,1,1,0,2,0,0,0
388,char:852,호감도,2,참고,1,M69,4943,0,0,0,1,0,1,0,0,2,4,4,8.1,1,0,2,0,0,0,0,0,0,0
389,char:850,호감도,3,독립,1,M99,3913,0,0,0,0,1,0,0,0,1,2.6,1,2.6,0,0,0,0,0,0,0,0,0,0
390,char:851,호감도,3,독립,1,M99,4031,0,0,0,0,1,2,0,0,3,7.4,1,2.5,0,0,0,0,0,0,0,0,0,0
391,event_overthehorizon,이벤트,1,참고,1,M31,19982,0,2,8,4,8,2,4,0,28,14,12,6,0,2,4,5,0,0,3,1,4,4
392,char:532,호감도,3,독립,1,M100,4817,0,0,0,0,0,2,0,0,2,4.2,1,2.1,0,0,1,1,0,0,0,0,0,0
393,fl:boom_the_ghost,이벤트,1,보강,1,M32,56108,2,1,10,4,4,3,4,2,28,5,27,4.8,1,1,7,2,1,1,6,8,15,1
394,char:234,호감도,3,독립,1,M100,3702,0,0,1,0,0,0,0,0,1,2.7,1,2.7,0,0,0,1,0,0,0,1,0,0
395,char:502,호감도,3,독립,1,M100,11468,0,0,0,1,0,2,0,0,3,2.6,3,2.6,1,0,1,0,0,0,0,0,0,0
396,ch39,메인,1,,1,M33,35498,11,0,10,6,10,7,9,2,53,14.9,38,10.7,5,8,10,9,,,,,0,0
397,relic:정갈하게쓴기록,유실물,1,보강,1,M33,1537,7,0,1,2,0,1,0,1,11,71.6,5,32.5,1,1,3,2,1,1,1,2,0,0
398,ch40,메인,1,,1,M33,35773,2,0,9,4,7,14,4,2,40,11.2,44,12.3,5,4,12,9,,,,,0,0
399,relic:어떤소녀의그림일기,유실물,1,보강,1,M33,424,10,0,0,2,1,0,0,0,13,306.6,1,23.6,0,0,2,0,0,0,3,0,0,0
400,fl:absolute,이벤트,1,보강,1,M34,44744,6,1,6,17,3,8,6,2,47,10.5,18,4,1,0,9,0,1,0,14,0,1,1
401,char:93,호감도,3,독립,1,M100,5159,0,1,0,0,0,1,0,0,2,3.9,1,1.9,0,0,0,0,0,0,0,0,2,2
402,char:95,호감도,3,참고,1,M100,11297,0,0,0,0,0,2,0,0,2,1.8,3,2.7,1,0,1,0,0,0,0,0,0,0
403,char:94,호감도,3,독립,1,M100,10915,0,3,0,0,0,2,0,0,5,4.6,1,0.9,0,0,0,0,0,0,0,0,6,6
404,fl:coins_in_rush,이벤트,1,참고,1,M35,54028,13,5,11,6,9,5,5,0,54,10,10,1.9,0,3,6,5,0,0,1,0,28,28
405,char:315,호감도,3,독립,1,M100,9600,0,0,0,0,0,2,0,0,2,2.1,1,1,0,0,0,1,0,0,0,0,0,0
406,char:143,호감도,3,독립,1,M100,6608,0,0,0,0,0,2,0,0,2,3,1,1.5,0,0,1,0,0,0,0,0,0,0
407,fl:reborn_evil,이벤트,1,참고,1,M36,43121,5,5,9,5,1,6,6,0,37,8.6,23,5.3,2,0,4,2,0,0,0,0,49,45
408,char:840,호감도,2,참고,1,M69,5942,3,0,0,3,0,1,0,1,7,11.8,4,6.7,1,0,2,0,0,0,0,0,0,0
409,char:842,호감도,3,독립,1,M100,5586,0,0,0,0,1,0,0,0,1,1.8,2,3.6,0,0,1,0,0,0,0,0,0,0
410,char:841,호감도,3,참고,1,M101,5174,0,0,0,1,2,0,0,0,3,5.8,2,3.9,0,0,1,0,0,0,1,0,0,0
411,side:eden_spear,사이드,1,필수,1,M36,27623,6,0,3,5,1,5,1,5,21,7.6,39,14.1,9,1,14,6,8,0,15,2,0,0
412,fl:go_ninja_thief,이벤트,2,독립,1,M69,23834,0,0,0,2,1,1,0,1,4,1.7,3,1.3,0,0,4,0,0,0,0,0,0,0
413,char:23,호감도,3,독립,1,M101,8352,0,4,0,0,0,1,0,1,5,6,1,1.2,0,0,0,0,0,0,0,0,6,4
414,ch41,메인,1,,1,M37,35759,2,1,6,8,7,13,6,3,43,12,49,13.7,5,5,14,10,,,,,0,0
415,relic:거꾸로적힌기록,유실물,1,독립,1,M37,1088,0,0,0,2,0,0,0,0,2,18.4,1,9.2,0,0,1,0,0,0,2,0,0,0
416,ch42,메인,1,,1,M38,48525,6,0,11,12,12,19,8,1,68,14,52,10.7,3,3,15,7,,,,,0,0
417,relic:주의용광로사용법,유실물,1,독립,1,M38,1084,1,0,0,2,0,0,0,0,3,27.7,4,36.9,2,0,5,0,2,0,7,0,0,0
418,event_goddessfall1,이벤트,1,필수,1,M39,75858,13,0,16,10,16,44,3,7,102,13.4,92,12.1,9,1,21,7,8,2,23,14,0,0
419,erelic:goddess_fall_mini,유실물,1,필수,1,M40,20056,4,0,1,9,8,7,5,4,34,17,26,13,7,1,11,3,2,1,5,2,0,0
420,char:223,호감도,3,참고,1,M101,5883,0,0,1,3,0,1,0,0,5,8.5,2,3.4,0,0,2,1,0,0,0,1,0,0
421,char:331,호감도,3,참고,1,M101,6040,0,0,0,2,0,1,0,0,3,5,2,3.3,0,0,2,0,0,0,0,0,0,0
422,char:262,호감도,3,독립,1,M101,4328,0,0,0,1,0,1,0,0,2,4.6,2,4.6,0,0,1,0,0,0,0,0,0,0
423,fl:blank_ticket,이벤트,2,참고,1,M70,19473,3,0,4,0,5,4,0,4,16,8.2,9,4.6,0,1,0,1,0,0,0,0,0,0
424,char:74,호감도,3,독립,1,M101,6630,0,0,0,0,1,2,0,0,3,4.5,0,0,0,0,0,0,0,0,0,0,2,0
425,fl:terminus_ticket,이벤트,2,참고,1,M70,37653,4,0,4,11,2,7,0,1,28,7.4,8,2.1,1,0,4,0,0,0,0,0,0,0
426,char:75,호감도,3,독립,1,M101,5997,0,2,0,0,0,2,0,0,4,6.7,0,0,0,0,0,0,0,0,0,0,11,11
427,char:73,호감도,3,독립,1,M101,6485,0,0,0,0,0,2,0,0,2,3.1,0,0,0,0,0,0,0,0,0,0,0,0
428,fl:ark_guardian,이벤트,1,필수,1,M41,60471,25,0,16,11,6,17,3,3,78,12.9,37,6.1,9,3,19,6,3,7,10,16,0,0
429,char:471,호감도,3,참고,1,M101,7502,0,0,0,2,0,3,0,0,5,6.7,2,2.7,1,0,2,0,0,0,0,0,0,0
430,fl:sin_editor,이벤트,1,참고,1,M42,20313,2,6,0,6,7,6,3,0,30,14.8,9,4.4,1,1,7,1,0,1,1,1,14,14
431,char:582,호감도,3,독립,1,M102,10305,0,1,0,0,0,2,0,0,3,2.9,0,0,0,0,0,0,0,0,0,0,1,1
432,fl:fatal_maid,이벤트,2,참고,1,M71,20091,2,0,3,4,6,5,0,0,20,10,9,4.5,1,0,1,1,0,0,0,0,3,0
433,char:316,호감도,3,독립,1,M102,6639,0,0,0,0,0,1,0,0,1,1.5,0,0,0,0,0,0,0,0,0,0,0,0
434,ch43,메인,1,,1,M42,29096,1,1,14,2,9,14,6,1,47,16.2,37,12.7,6,3,9,5,,,,,16,16
435,relic:아무한테나말해주는거아니야.wav,유실물,1,참고,1,M42,1226,0,0,0,0,0,0,2,0,2,16.3,1,8.2,0,0,0,0,0,0,0,0,0,0
436,ch44,메인,1,,1,M43,54394,7,0,5,16,15,25,8,2,76,14,63,11.6,9,2,24,4,,,,,0,0
437,relic:거인을찾아서,유실물,1,참고,1,M43,832,0,0,0,0,0,0,1,0,1,12,3,36.1,0,0,0,0,0,0,0,0,0,0
438,fl:lie_cause_recoil,이벤트,2,참고,1,M71,40989,1,6,8,3,13,8,0,0,39,9.5,18,4.4,1,0,2,0,0,0,0,0,34,20
439,char:860,호감도,3,독립,1,M102,2963,0,0,0,0,0,0,0,0,0,0,0,0,0,0,0,0,0,0,0,0,0,0
440,char:862,호감도,3,독립,1,M102,2689,0,0,0,0,0,0,0,0,0,0,0,0,0,0,0,0,0,0,0,0,0,0
441,char:861,호감도,3,독립,1,M102,4223,0,0,0,0,1,0,0,0,1,2.4,0,0,0,0,0,0,0,0,0,0,0,0
442,fl:enter_heaven,이벤트,1,보강,1,M44,27544,3,6,2,7,2,10,3,1,33,12,31,11.3,4,0,7,1,6,0,14,0,6,6
443,char:113,호감도,3,참고,1,M102,7021,0,0,0,1,1,3,0,0,5,7.1,1,1.4,0,0,1,0,0,0,0,0,0,0
444,fl:2x2_love_1ch,이벤트,2,참고,1,M72–M73,142281,2,1,8,17,4,15,0,0,47,3.3,22,1.5,0,1,8,1,0,0,1,0,1,1
445,fl:2x2_love_2ch,이벤트,2,참고,1,M74–M75,119159,0,4,0,15,0,13,0,1,32,2.7,20,1.7,1,0,9,0,0,0,0,0,9,9
446,char:583,호감도,3,독립,1,M102,8581,0,0,0,0,0,2,0,0,2,2.3,2,2.3,0,0,0,0,0,0,0,0,0,0
447,side:pretty_star,사이드,1,보강,1,M45,50477,0,4,12,7,11,24,12,0,70,13.9,30,5.9,7,2,14,4,3,1,9,3,0,0
448,fl:good_world,이벤트,1,참고,1,M46,28443,6,2,6,5,6,4,7,0,36,12.7,14,4.9,1,0,5,2,0,0,2,1,16,16
449,char:620,호감도,3,독립,1,M102,8072,0,0,0,0,0,1,0,0,1,1.2,1,1.2,0,0,0,0,0,0,0,0,0,0
450,ch45,메인,1,,1,M46,41088,2,0,4,12,2,14,4,1,38,9.2,52,12.7,6,1,19,2,,,,,0,0
451,relic:신에게닿기위한탑,유실물,1,참고,1,M46,1334,0,0,0,1,0,0,1,0,2,15,4,30,1,1,2,1,1,0,1,0,0,0
452,ch46,메인,1,,1,M47,52000,5,0,9,13,15,16,4,0,62,11.9,75,14.4,10,1,29,4,,,,,0,0
453,relic:궤도엘리베이터음모론,유실물,1,참고,1,M47,1477,0,0,0,2,0,0,1,0,3,20.3,6,40.6,1,0,3,0,0,0,2,0,0,0
454,event_staranis1,이벤트,1,보강,1,M48–M49,85622,0,3,28,19,12,53,17,1,132,15.4,60,7,7,0,15,3,7,0,19,0,0,0
455,char:17,호감도,3,참고,1,M102,8395,0,1,0,2,0,2,0,0,5,6,3,3.6,0,0,1,0,0,0,0,0,2,2
456,char:441,호감도,3,독립,1,M102,6327,0,0,0,0,1,0,0,1,1,1.6,2,3.2,0,0,0,0,0,0,0,0,0,0
457,char:18,호감도,2,보강,1,M75,6811,3,0,0,3,0,3,0,0,9,13.2,2,2.9,0,0,1,0,0,0,5,0,0,0
458,fl:b-side_idol,이벤트,2,독립,1,M76,19499,0,0,6,2,2,3,0,1,13,6.7,4,2.1,0,0,2,1,0,0,1,0,0,0
459,char:600,호감도,3,독립,1,M103,7751,0,0,0,0,0,2,0,0,2,2.6,1,1.3,0,0,0,0,0,0,0,0,0,0
460,fl:bitter_spice,이벤트,2,보강,1,M76,21150,0,0,2,5,2,5,0,0,14,6.6,4,1.9,0,0,4,1,0,0,2,0,0,0
461,char:601,호감도,3,독립,1,M103,6172,0,0,0,0,0,2,0,0,2,3.2,1,1.6,0,0,1,0,0,0,0,0,0,0
462,fl:ark_ranger,이벤트,1,보강,1,M50,59169,1,2,8,10,11,19,7,3,58,9.8,26,4.4,3,1,8,2,1,1,7,3,1,1
463,char:570,호감도,3,독립,1,M103,8355,0,0,0,0,1,1,0,0,2,2.4,2,2.4,0,0,0,0,0,0,0,0,0,0
464,fl:wave_to_you,이벤트,2,참고,1,M77,52023,4,0,8,11,2,8,0,1,33,6.3,20,3.8,0,0,9,0,0,0,0,0,0,0
465,char:515,호감도,3,독립,1,M103,5179,0,0,0,0,0,1,0,0,1,1.9,1,1.9,0,0,0,0,0,0,0,0,0,0
466,char:322,호감도,3,독립,1,M103,9574,0,0,0,0,0,1,0,0,1,1,1,1,0,0,0,0,0,0,0,0,0,0
467,fl:project_matis,이벤트,1,보강,1,M51,72358,2,2,10,12,9,27,10,0,72,10,37,5.1,2,0,12,0,1,0,13,0,4,4
468,char:103,호감도,3,독립,1,M103,7878,0,0,0,0,0,1,0,0,1,1.3,0,0,0,0,0,0,0,0,0,0,0,0
469,char:105,호감도,3,독립,1,M103,7785,0,0,0,1,0,3,0,1,4,5.1,2,2.6,1,0,1,0,0,0,0,0,0,0
470,ch47,메인,1,,1,M52,23321,5,0,11,9,6,10,3,1,44,18.9,26,11.1,1,1,9,3,,,,,0,0
471,relic:승리를_부르는_그림자,유실물,1,독립,1,M52,1212,4,0,0,1,0,0,1,0,6,49.5,1,8.3,0,0,2,0,0,0,1,0,0,0
472,ch48,메인,1,,1,M52,23148,2,2,3,14,2,25,1,3,49,21.2,39,16.8,5,0,18,1,,,,,12,12
473,relic:불길한_소리.wav,유실물,1,참고,1,M52,1000,4,0,0,4,0,0,0,1,8,80,2,20,0,0,3,0,0,0,4,0,0,0
474,fl:persona_on_frontline,이벤트,2,참고,1,M78,63225,1,16,13,12,11,7,0,2,60,9.5,23,3.6,0,0,8,3,0,0,0,0,70,59
475,char:872,호감도,3,독립,1,M103,7040,0,0,0,0,0,1,0,0,1,1.4,1,1.4,0,0,1,0,0,0,0,0,0,0
476,char:870,호감도,3,독립,1,M103,7200,0,0,0,1,1,0,0,0,2,2.8,1,1.4,0,0,2,0,0,0,0,0,0,0
477,char:871,호감도,3,독립,1,M104,6899,0,0,0,0,0,1,0,0,1,1.4,1,1.4,0,0,1,0,0,0,0,0,0,0
478,fl:great_villain_union,이벤트,2,보강,1,M79,27823,2,1,1,7,3,9,0,1,23,8.3,7,2.5,0,0,4,0,0,0,7,0,2,2
479,char:104,호감도,3,독립,1,M104,9038,0,0,0,0,0,0,0,1,0,0,1,1.1,0,0,0,0,0,0,0,0,0,0
480,char:404,호감도,3,독립,1,M104,7419,0,0,0,0,0,2,0,1,2,2.7,0,0,0,0,0,0,0,0,0,0,0,0
481,char:405,호감도,3,독립,1,M104,7134,0,0,0,0,0,3,0,1,3,4.2,1,1.4,0,0,0,0,0,0,0,0,0,0
