unit,tick,type,root,record,from,gap,hints,spine_built,text
ch04,5,복선의 답,F84,,,,E6@ch01,1,"엔더슨에 따르면 방주 안에서 누군가 니케에게 침식을 걸어 지상 작전을 망치고 있고, 방호벽을 조작하고 단독 회선을 쓸 만큼 입지가 탄탄한 내통자다"
relic:니케실험반대피켓,7,복선의 답,F202,,,,E47@relic:통화기록028594,,"니케 실험 반대 피켓은 실험의 사망률이 67.7%이고, 살아남은 이 중 과반이 양산형 모델이 되며, 니케가 되어도 99.7%가 기억상실 · 정신착란 같은 부작용을 겪는다고 한다"
ch07,8,복선의 답,F209,,,,E50@ch06,1,"모더니아의 바이저 아래 얼굴은 마리안이었고, 모더니아는 마리안이라는 이름에 흔들리며 ""실버건 스쿼드의 마리안""이라고 되뇌었다"
sub:콜렉터_01,9,복선의 답,F138,,,,E12@sub:콜렉터_00,,콜렉터는 다친 다리를 잘라내고 2세대 니케 다리 파츠로 바꿨다 — 2세대 니케 부품은 사람 몸에 거부 반응이 없다
ch09,10,복선의 답,F248,,,,E63@ch08 E64@ch08,1,"ch08부터 카운터스의 오퍼레이터 시프티 행세를 한 것은 딥페이크를 쓴 슈엔이었고, 진짜 시프티는 한 달 전부터 합숙 훈련 중이다"
ch11,12,복선의 답,F291,,,,E70@ch09,1,라피가 '교관'이라 부르는 이는 잉그리드다
ch12,13,복선의 답,F312,,,,E72@ch10 E75@ch11,1,"라피는 침식 촉수에 찔리고도 침식되지 않았고, 잉그리드는 그것을 라피의 뇌에 NIMPH가 없다는 뜻으로 보아 기억 소거가 먹히지 않는다는 말을 사실로 받아들였다"
ch13,14,복선의 답,F334,,,,E54@ch07,1,"교전 중 머리 통증을 겪은 모더니아는 마리안처럼 지휘관을 알아보고 붕대를 다시 감아 달라 했지만, 막아선 라피를 촉수로 찔러 흡수하려 했고 라피는 흡수되지 않았다"
ch13,14,복선의 답,F336,,,,E43@ch05,1,"라피는 '코드 해방'으로 서브 제네레이터와 시크릿 바디 '레드후드'를 가동할 수 있고, 그러자 머리가 붉게 타오르며 촉수를 뜯어내고 음속을 넘는 속도로 파편을 던졌다"
sub:세르반_03,14,복선의 답,F349,,,,E21@sub:세르반_00 E51@sub:세르반_01,,"세르반의 아버지는 방주의 부사령관 버닝엄이다 — 지휘관의 직속 상관은 아니고, 버닝엄은 지휘관을 엔더슨 쪽 사람으로 본다"
sub:세르반_03,14,복선의 답,F351,,,,E60@sub:세르반_02,,"세르반이 들여온 주홍색 꽃은 강력한 환각제(마약)였고, 이를 눈치챈 세르반은 폭로하겠다고 협박한 동업자 사업가를 쏴 죽이고 지상으로 달아났다"
ch14,15,복선의 답,F376,,,,E6@ch01 E25@ch04,1,토커티브와 내통한 방주 안의 상대는 방주 관리 A.I 에닉이다 — 방주를 습격하지 않는 대가로 무작위로 고른 니케에게 토커티브의 침식 코드를 심고 방호벽을 조작해 지상으로 보냈다
sub:칠리페퍼_02,15,복선의 답,F380,,,,E65@sub:칠리페퍼_01,,"칠리페퍼(아들)는 공사 막바지에 아버지에게 술 세트를 주며 빈 병을 가져오면 용서한 걸로 알겠다고 했고, 다음 날 자재를 모으러 지상에 오른 아버지는 며칠 뒤 사망자 명단에 올랐다"
char:102,17,복선의 답,F529,,,,E7@ch01,1,"맥스웰은 슈엔의 부탁으로 지휘관 몰래 실험해, 지휘관과 니케의 유대감([호감도])이 높을수록 그 니케의 전투 능력 전반이 오르고 짧은 기간에 최고 기록을 경신하는 것을 확인했다"
char:160,17,복선의 답,F624,,,,E20@ch03,1,"유니는 니케들의 감각을 제어해 통각 센서를 강제로 켤 수 있고, 평소 아무 감각도 없다가 남과 살을 맞댈 때만 느끼기 때문에 점점 센 자극을 찾아 아무나 때리고 다녀 미실리스 인사팀이 클레임에 시달린다 — 유니와 [대화]할 수 있는 것은 미하라뿐이라 외롭던 유니는, 지휘관과도 대화하게 되어 이제 외롭지 않다고 한다"
char:191,17,복선의 답,F604,,,,E41@ch05 E46@relic:니케실험대상자모집,1,"앨리스는 인간 시절 심장병으로 오래 입원한 포멀의 아이로, 처음부터 뇌 적출을 전제로 한 계약으로 치료받다 니케 수술을 받았고, 수술 전 다시 태어나면 가장 좋아하던 책의 '앨리스'가 되고 싶다고 했다 — 앨리스는 지금도 까닭 모르게 병원을 싫어하고 그곳에 오래 있었던 것 같다고 느낀다"
char:221,17,복선의 답,F494,,,,E49@ch06 E57@ch07,1,1차 침공 뒤 처음 니케가 된 이들이 갓데스 스쿼드로 — 라푼젤 · 스노우 화이트 · 홍련 · 도로시 · 레드 후드 · 릴리스 — 리더이자 맏언니 릴리스는 홍련도 한 수 접을 만큼 강했고 스노우 화이트는 그녀를 언니라 부르며 따랐다
char:90,17,복선의 답,F622,,,,E102@ch15,1,"지휘관은 자기 목적을 위해 니케들을 희생시킨다며 스스로를 몰아세우는데, 그 목적은 첫 작전에서 침식된 마리안 같은 희생자를 다시는 내지 않는 것이다 — 대다수 지휘관은 그런 기억을 떨치고 나아가는 것을 성장으로 여기지만 지휘관은 절대 그러지 않겠다고 하고, 엠마는 카운터스도 자신도 지휘관이 다다르려는 이상향에 의미를 두어 따른다고 말한다"
sub:트레저_헌터_03,17,복선의 답,F148,,,,E32@sub:트레저_헌터_01 E33@sub:트레저_헌터_02,,"최근 자원 채집 부대의 니케들이 지상 자원을 숨겼다는 이유로 즉결 처분되었고, 처분 때 니케들이 저항해 담당 지휘관이 다리를 다쳤다"
sub:트레저_헌터_03,17,복선의 답,F150,,,,E30@sub:트레저_헌터_00 E31@sub:트레저_헌터_01,,"트레저 헌터는 그 자원 채집 부대의 담당 지휘관이었고, 자기가 부하 니케들을 다 죽였다고 털어놓았다"
ch17,19,복선의 답,F683,,,,E96@ch14,1,"갓데스의 지휘관은 동시대에도 [전설]로 불린 독보적인 지휘관이어서, 헬레틱을 단숨에 죽이는 것보다 그가 랩쳐를 막는 지휘가 더 중요해 언체인드 제작법은 극소수만 알고 비밀로 했다 — 알려졌다면 평생 피만 뽑혔을 거라고 홍련은 말한다"
ch17,19,복선의 답,F684,,,,E1272@char:220,,"스노우 화이트는 사고 전환으로 과거 기억이 많이 남지 않아 갓데스 시절 이야기도 라푼젤에게 들어 알고, 라푼젤은 갓데스의 지휘관이 방주에 있을 거라면서도 1차 침공 때의 인간이라 지금은 없을지 모른다고 한다"
ch17,19,복선의 답,F689,,,,E109@ch16,1,방주로 돌아오니 미실리스 본사 앞에서 시민 단체가 며칠째 'NIMPH 없는 니케는 칼잡이 없는 칼날'이라며 메티스에게 NIMPH를 다시 심고 니케를 통제하라는 시위를 벌이고 있었다
ch18,20,복선의 답,F704,,,,E112@ch16,1,"인간일 때부터 히어로가 되고 싶던 라플라스를 니케로 만든 것은 슈엔이다 — 라플라스는 슈엔에게 다시는 자기를 위해서라는 이유로 정의에 어긋난 길을 가지 말라 했고, 그 속죄로 어떤 공포 앞에서도 쓰러지지 않는 히어로가 되겠다고 맹세했으며, 슈엔도 약속했다"
ch18,20,복선의 답,F706,,,,E108@ch16,1,"크로우는 NIMPH 없는 니케의 위험을 처음 퍼뜨린 [JohnD]가 자기라고 밝히며, 니케 포비아를 건드려 슈엔의 가장 소중한 것을 빼앗으려 했지만 슈엔의 랩쳐 유인과 살아 돌아온 지휘관이 망쳤다 한다 — 불신 · 공포 · 의심의 심지는 남아 있어 언젠가 '화려한 불꽃놀이'가 온다고 예고했다"
sub:중앙_정부_공식__02,20,복선의 답,F711,,,,E44@sub:중앙_정부_공식__00 E45@relic:니케실험대상자모집,,"지휘관 복장의 제인 밀러는 살아 있었고, 카운터스에게 붙잡히자 '날 니케로 만들 거잖아!'라며 자기에게 권총을 겨눠 물러서게 했다 — 네온이 몰래 발신기를 붙여 두었고, 오퍼레이터는 지휘관을 니케로 만든다는 이야기는 들어본 적 없다며 알아보기로 했다"
sub:테트라_커넥트_01,20,복선의 답,F709,,,,E14@sub:테트라_커넥트_00,,"테트라 커넥트는 지휘관을 '방주의 떠오르는 신성'이라 추켜세우며 엘리시온의 광고라고 속여 카운터스의 전투 영상을 받아, 니케의 공격으로 부서진 방주 시내를 연출한 선동 영상을 만들려 했다 — 진위보다 자극을 믿는 사람들을 건드려 돈을 번다며, 지휘관이 엘리시온 CEO와 연이 있다는 것을 알자 기획을 거두고 연락을 끊었다"
event_miraclesnow1,21,복선의 답,F730,,,,E1596@char:120 E1597@char:120,,"눈이 그치며 앤의 기억은 지워졌지만 3일 뒤 깨어난 앤은 엄마 · 루피 · 지휘관을 알아보았다 — 슈엔에 따르면 눈 내리던 2주의 기억이 NIMPH와 완전히 하나가 되어 블랙박스화되어 접근할 수 없고, 매일 리셋(안 하면 죽는다)은 그대로지만 그 기억은 남는다"
ch19,25,복선의 답,F743,,,,E136@event_brandnewyear,,"파피용에 따르면 지상 생존자가 0명이라는 것은 거짓말이고, 인간들이 모여 사는 [실낙원]이라는 곳이 있다는 것은 방주 고위 간부들 사이에서 꽤 옛날부터 알려진 이야기다"
ch19,25,복선의 답,F751,,,,E1273@char:220,,"도로시에 따르면 요한과 함께 있던 에덴의 필그림 셋(이사벨 · 하란 · 노아)은 모두 에덴 중앙 연구실에서 인간 세실의 손으로 태어났고, 그 기술은 방주보다 족히 반세기는 앞섰다"
ch20,26,복선의 답,F762,,,,E125@ch17,1,"에덴의 지휘관 요한은 방주 매스컴이 [샛별]이라 부른 지휘관이다 — 지휘관에 따르면 전설의 지휘관과 더불어 역사상 가장 유명한 지휘관이고, 도로시에 따르면 방주는 요한이 방주를 위해 이룬 모든 것을 부정했으며 요한은 방주에서 온 모든 것을 경멸했다"
ch20,26,복선의 답,F763,,,,E140@ch19,1,"도로시는 처음부터 카운터스를 총알받이로 쓰려고 에덴에 데려왔다 — 니힐리스타를 불러 카운터스가 먼저 싸우게 하고, 다 죽게 된 지휘관이 언체인드를 쏘게 만든 뒤 난입하는 계획이었고, 요한은 구역질이 난다고 했다"
ch20,26,복선의 답,F767,,,,E141@ch19,1,"도로시가 건넨 권총의 첫 탄환은 언체인드가 아니었다 — 요한은 그 블러프로 지휘관과 니힐리스타를 함께 속여, 니힐리스타가 탄환이 박힌 팔을 잘라 낸 뒤 진짜 언체인드를 쏘아 자가 수복을 멈추게 했고, 에덴 · 카운터스가 함께 몰아붙였다"
event_doutsiders,26,복선의 답,F778,,,,E1279@char:110,,"이그조틱은 정보부 산하 중앙 첩보 관리실 소속으로 중앙 정부를 위해 아우터 림을 감시하는 스쿼드이자 아우터 림에 유일하게 남은 첩보 조직인데, 실제로는 마약 거래상 등을 봐주고 커버를 쳐 주며 '관리'하고, 주민들에게는 법이자 살아 있는 우상으로 통한다"
ch21,35,복선의 답,F861,,,,E144@relic:데일리아크기사스크랩,,"에덴의 지휘관 요한은 자기가 샛별이 맞다고 했다 — 사관학교에서 최초의 지휘관에 비견되는 지휘관이자 지금의 게릴라전 위주 전술을 처음 제시한 이로 가르치는 샛별은, 라피에 따르면 60년 가까운 과거에 2차 지상 탈환전에 참전했고 공식 기록상 반역 혐의로 갱생관에 수감되어 탈주하다 총격으로 사망했다"
ch22,36,복선의 답,F886,,,,E131@ch18,1,"로산나 · 사쿠라에게 엔터 헤븐이 코인 러시를 턴다는 거짓 정보를 준 것은 바이퍼의 문자였고, 엔터 헤븐에게 코인 러시의 경품 정보를 주고 털라고 부추긴 것도 바이퍼였다 — 로산나는 이그조틱이 언더월드 퀸을 미끼로 써서, 중앙 정부가 소동을 보호비 다툼으로 먼저 의심해 엔터 헤븐이 용의선상에서 빠지게 했다고 보았다"
event_overzone,36,긴 회수,Q33,Q33-3,relic:갓데스스쿼드리포트,31,,,"갓데스 스쿼드는 어떤 스쿼드이고, 작전 아크 가디언은 무엇을 목표로 한 작전이었나?"
event_overzone,36,복선의 답,F914,,,,E1272@char:220,,"갓데스 시절 스노우 화이트는 사고 전환을 겪어 말투와 성격이 바뀌었다 — 홍련은 이렇게 효율적인 사고 전환은 처음 본다 했고, 도로시는 그녀를 그녀로 있게 하는 것은 바뀌지 않았다고 했다"
event_bluewaterisland,40,복선의 답,F971,,,,E1268@char:130,,"메어리의 고백에 따르면 인간 메어리는 불치병 환자를 살리지 못해 정부의 부패한 관리와 결탁하고 죽을 환자의 서류를 조작해 동의 없이 뇌를 적출, 니케로 만들어 평생 싸우게 했다 — 이를 보다 못한 후배 페퍼가 리페어 센터의 계단 위에서 메어리를 밀었고, 페퍼는 죄책감을 못 이겨 스스로도 같은 지옥 — 니케 — 에 몸을 던졌으며 그 일을 기억하지 못한다"
char:14,41,복선의 답,F978,,,,E209@event_bluewaterisland,,"블루워터 아일랜드에서 바다를 겪은 네온은 화력에 더해 [수력]에도 진심인 '하이브리드 네온'이 되겠다며, 리타가 해상 호텔의 변기로 만든 한 발짜리 물대포 [네온 암스트롱 아쿠아 포]로 섬 뒤편의 5층 건물만 한 바위를 무너뜨렸다 — 대포는 쏜 뒤 산산조각 났고, 네온은 도구 없이도 타일런트 급 랩쳐를 물리칠 수력의 화신이 되겠다고 했다"
ch23,43,복선의 답,F993,,,,E132@ch18 E163@ch21,1,"크로우는 슈엔이 뭔가 하리라 확신하고 메티스를 골라 [NIMPH 없이도 인류를 지켜 주는 수호신]이라는 쇼를 만들었지만 그것은 감상에 그쳐, 완전히 안전하다고 믿던 방주에 원초의 공포 랩쳐를 불러들여 방주가 어떤 선택을 할지 보려고 구멍을 냈다 — 희생을 줄이려 메티스 승전 행사 때로 잡았으나 에닉이 모두를 쉘터에 넣어 쇼로 끝났다"
ch23,43,복선의 답,F995,,,,E133@sub:테트라_커넥트_01,,"유니는 쉘터에 생방송 중이던 테트라 커넥트의 회선으로 '쉘터에 랩쳐가 쳐들어와 모두 죽었다, 쉘터를 나오라, 중앙 정부를 믿지 말라'는 거짓 방송을 했다 — 크로우는 힌트만 주었다며, 유니가 빈 쉘터에 감각을 차단한 랩쳐를 끌고 와 습격으로 위장했다고 했다 — 쉘터를 뛰쳐나온 사람들이 랩쳐 사이에서 니케와 뒤엉켜 죽고 다쳤다"
ch23,43,복선의 답,F997,,,,E82@ch12,1,"연막탄 신호로 온 메이든 · 길로틴이 [정지]로 크로우 · 바이퍼를 멈췄지만, 크로우가 자칼만 청각 센서를 꺼 두어 자칼이 메이든을 쓰러뜨렸고 크로우 · 바이퍼는 달아났다 — 길로틴은 보는 것의 에너지를 제어하는 [즉사의 마안](안대 아래 눈, 쿨타임이 길다)으로 자칼의 코어 에너지를 흩어 쓰러뜨리고 확보했다"
ch24,44,복선의 답,F1007,,,,E1259@char:221,,리미트가 풀리지 않은 디젤이 크로우가 일러 준 대로 옆의 부품을 쏘아 파편으로 크로우를 죽이려 하자 솔린이 말렸다 — 솔린에 따르면 니케의 능력은 인간일 때의 이상향으로 정해지고 인피니티 레일의 이상향은 복수가 아니라 AZX를 편안하고 안전하게 운용하는 것이다
ch24,44,복선의 답,F1009,,,,E222@ch23,1,"잉그리드에 따르면 자칼의 뇌 스캔 결과 방주 테러 혐의는 없다 — 엘리베이터 잠금장치 · 미실리스 메인 허브를 부수고 청각 센서를 끄고 익스터너와 싸운 것은 자칼의 뜻이지만, 크로우 · 바이퍼의 명령에 무조건 따랐을 뿐 테러와 이어진다고 생각하지 않았다 — 크로우는 자칼에게 죽을 각오로 싸우라고 명령해 두고 두고 갔다"
ch24,44,복선의 답,F1010,,,,E104@ch16,1,잉그리드에 따르면 필그림 수색 작전 때 스카우팅 대신 이그조틱이 멋대로 합류해 지휘관에게 유사 총격을 가했고 자칼도 가담했다 — 지휘관이 이를 굳이 말하지 않은 사정이 있으리라 보아 그 처분을 지휘관에게 맡기기로 했다
ch24,44,복선의 답,F1014,,,,E114@ch16 E230@ch23,1,"크로우는 슈엔을 죽일 수 있게 유니를 도왔고, 소음기 권총으로 유니와 쓰러진 라피 · 아니스 · 네온을 쏘았다 — 그가 보고 싶은 것은 방주의 선택과 지휘관의 추락으로, 인간과 니케를 중재해 모든 일을 해결해 버리는 영웅인 지휘관이 증오에 휩싸여 제 손으로 니케를 죽이게 만들려 했다"
ch24,44,복선의 답,F1015,,,,E1601@char:112 E224@ch23 E225@ch23 E231@ch23,1,"바이퍼는 지휘관에게 반했음을 깨닫고 자수해 기억 소거만은 피하려 했고, 크로우를 가장 죽이고 싶어 하는 두 사람에게 문자를 보냈다 — 방주 테러 폭발에서 전신 화상을 입고 살아남은 E.H.가 크로우를 덮쳤으며, 바이퍼는 그동안 E.H.를 치료하며 따라다니게 해 주었다"
ch24,44,복선의 답,F1018,,,,E1280@char:110,,크로우는 뇌 스캔으로 방주 테러의 주동자이자 실행자로 확정되었고 휘말린 이들은 이용당했을 뿐임이 확정되었다 — 잉그리드는 크로우가 NIMPH를 자기 뜻대로 제어할 수 있다고 보아 뇌를 헤집는 조사를 한 뒤 에닉이 처우를 정한다고 했다
ch24,44,복선의 답,F1019,,,,E229@ch23,1,"크로우가 유니 · 카운터스에게 쏜 것은 제압탄이었다 — 라피에 따르면 NIMPH의 속박을 벗어날 수 있어도 사살용 직접 사격은 리미트 해제 없이 불가능하고, 크로우는 지휘관이 동료들의 복수로 자기를 죽인 뒤 그들이 살아 있음을 알게 해 다시는 일어서지 못하게 하려 했다"
ch24,44,복선의 답,F1031,,,,E219@ch23,1,"버닝엄은 도로시가 선물한 니힐리스타를 M.M.R.의 아틀라스 케이지에 넣었는데, 니힐리스타는 방주가 자기를 뜯어보려 M.M.R.로 데려가게 하려고 도로시의 사격을 일부러 맞아 죽은 척했고, 케이지를 안쪽에서 녹여 나와 자기 무장 파츠를 두 아틀라스 케이지 안의 것에 먹였다"
ch24,44,복선의 답,F1034,,,,E92@ch13,1,"라피는 '저를 꼭 찾아 달라'며 코드 해방으로 시크릿 바디를 풀 액티브했다(시스템: 코드 네임 레드후드, 활동 한계 10분 뒤 바디의 주도권 양도) — 도로시의 섬광을 몸으로 막은 토커티브와 니힐리스타 · 인디빌리아를 압도해 도로시와 함께 지상 사출 엘리베이터에 몰아넣었고, 에닉이 다섯을 지상으로 올린 뒤 루트를 파괴했다"
relic:긴급뉴스대본_FB_3_final_2.pdf,44,복선의 답,F1041,,,,E233@sub:콜렉터_02,,"랩쳐 침공 긴급 뉴스 대본의 원안은 랩쳐가 이터널 스카이 150블록을 뚫었고 중앙 정부가 20분 뒤에야 피난을 권고했으며 일부 쉘터가 파괴되어 다수의 사상자가 났다고 썼지만, 피드백으로 '발 빠른 대처로 모든 시민이 피난 · 모든 니케 투입 · 사망자 0명'으로 고쳐졌다 — '사망자는 0명이어야 함'"
event_seayouagain1,45,복선의 답,F1051,,,,E210@event_bluewaterisland,,"헬름에 따르면 해상 랩쳐가 거의 사라진 것은 효율 때문이고, 동력을 찾기 힘든 크라켄은 오래 바닷속에 묻혀 있었을 것이다 — 헬름 · 지휘관은 지난번 리타가 섬 전력을 살린 것이 깨운 원인이라 보았고(리타는 그 전기로는 모자랐을 텐데 이상하다고 했다), 엔더슨도 전력 공급으로 임시로 눈뜬 1기라 해상 랩쳐의 부활은 아니라고 보았다"
event_seayouagain1,45,복선의 답,F1056,,,,E1598@char:352 E1599@char:352 E138@event_brandnewyear,,"헬름 · 마스트 · 앵커는 어드마이어 호로 크라켄과 싸워 이지스 캐논 한 발로 본체를 뒤로 넘기고 최고 속도로 돌진했는데, 한 발뿐이던 이지스 캐논이 저절로 200%까지 충전되어 크라켄을 격추했다 — 크라켄의 부품은 얀이 어드마이어 호에 실어 회수했고, 엔더슨은 해상 랩쳐 정보가 약 100년 만에 갱신된다며 일주일 휴식을 허락했다"
char:451,52,복선의 답,F1090,,,,E1333@event_dazzlingcupid,,"졸업반 진로 희망 조사에 티아는 '어차피 우리가 정하는 게 아니고 하고 싶어도 할 수 있는 것도 아니다, 우리는 학생이니까'라며 [없음]이라 썼다가 나가가 고쳐 준 [미정]으로 냈고 — 나가는 여기가 학교가 아니라는 것을 모두 잘 안다며 [학교가 원하는 것]이라 써냈다"
ch25,54,복선의 답,F1100,,,,E184@relic:에닉탄핵포스터 E241@ch24,1,"에닉은 이번 사태를 인재로 보고, 자기 판결을 피해 간 소수가 모두 기득권층이며 객관의 기준이 그들에게 맞춰져 있었다며 앞으로 [자체적인 판단]으로 방주를 운용하겠다고 했다 — 그 안전장치로, 자기가 [폭주] 단계에 들었다고 판단되면 시뮬레이션 룸의 잉크를 찾아가라, 그 뒤는 그녀가 알아서 한다고 지휘관에게 부탁했다"
ch25,54,복선의 답,F1109,,,,E243@ch24,1,"라피였던 몸의 레드 후드는 백기사 크라운 · 차임과 함께 다니고 있었다 — 레드 후드를 알아본 도로시는 끌어안았다가 '당신은 죽었는데, 누구냐'며 물러났고, 레드 후드는 자기가 라피의 친구인지 스승인지 동료인지 애매하다며 라피는 '여기'(자기 가슴)에 있다고 했다"
ch26,55,복선의 답,F1116,,,,E251@ch25,1,"잉그리드에 따르면 레드 후드와 라피는 한 바디를 공유하고, 인젝션 건을 맞히면 라피로 돌아오는 대신 레드 후드는 죽으며, 레드 후드가 그 상태로 오래 있을수록 라피의 의식이 사라져 간다 — 지금은 인젝션 건 말고 되돌릴 방법이 없다(레드 후드는 잉그리드를 '라피를 만든 사람'이라 했다)"
ch26,55,복선의 답,F1128,,,,E259@ch25 E260@ch25,1,"도로시는 갓데스가 모든 것을 다해 싸웠는데도 인류와 방주에 아무렇지 않게 배신당해 긍지와 사명을 잃었고, 그래서 빼앗고 파멸시키려 했지만 사실은 다시 사랑받고 싶다고 털어놓았다 — 레드 후드는 용서하고 네가 다시 사랑하면 된다고 했지만, 도로시는 뒤에 혼자 '용서가 가능할 리 없다'고 했다"
event_redash,55,복선의 답,F1142,,,,E38@relic:갓데스스쿼드리포트,,"레드 후드는 오래 잠복하는 침식에 걸려 있었다(눈이 붉게 점멸하고, 컨디션이 나쁘면 목소리도 바뀐다) — 라푼젤이 V.T.C.에서 받은 정보로는 침식은 즉발하는 쪽으로 발전하고 있고, 코드 네임 울트라의 침식 유발 장치는 구세대였다"
event_redash,55,복선의 답,F1148,,,,E39@relic:갓데스스쿼드리포트,,"상부는 레드 후드를 처분하되 전사로 처리하라고 명령했다 — 침식을 잘 모르는 채 불안 요소를 안고 가고 싶지 않고, 승리의 여신 갓데스가 침식에 오염된 것이 알려지면 사기가 떨어진다는 이유였다"
event_redash,55,복선의 답,F1161,,,,E206@erelic:white_memory,,"고향 가던 길에 쓰러져 두 달 만에 깬 레드 후드는 방주 입구로 가는 중앙 정부 사람 오스왈드의 차를 얻어 탔다 — 그녀가 처분되었다는 보고를 받았다는 오스왈드에게 레드 후드는 방아쇠를 당기려 하면 침식이 악화되어 사람을 쏘고 싶어지고 동료들이 슬퍼하는 게 무서워 돌아가지 않는다며, 이상해지면 쏘라고 자결용 권총을 맡겼다"
event_redash,55,복선의 답,F1163,,,,E194@event_overzone,1,"오스왈드는 갓데스의 열성 팬이라며 그들의 전과를 늘어놓았다 — 강습으로 대형 랩쳐 넷을 쓰러뜨린 데뷔전, ‘지금부터 이곳에 죽음은 발을 들이지 못한다’던 민가 방어전, 요새 하나를 홀로 초토화한 릴리스, 숲에서 랩쳐를 수장시킨 도로시, 민간인 50명을 사상자 없이 호위한 홍련, 8km 저격전을 벌인 스노우 화이트의 ‘지평선의 하얀 사신’"
event_redash,55,복선의 답,F1172,,,,E192@event_overzone,1,"침식이 낫지 않은 레드 후드는 제대로 작별 인사를 하러 왔다며 스노우 화이트와 서로 사과해 화해하고 동료들과 인사한 뒤 ‘너희와 함께 있을 수 있어서 행복했다’며 떠났다 — 라푼젤에게는 침식을 꼭 잡으라 했고, 스노우 화이트는 ‘함께 싸울 수 있어서 영광이었다’고 했다"
sub:로망티스트_01,55,복선의 답,F1136,,,,E149@sub:로망티스트_00,,"로망티스트는 지상에서 찾은 낚시 포인트에 가려고 지상행 엘리베이터를 몰래 탔다가 곧바로 들켜 옥살이 중이고(낚시를 아는 간수장이 핸드폰을 쓰게 해 줌), 대신 지휘관에게 최고급 낚싯대를 보내 그 포인트에서 물고기를 낚게 했다 — 지휘관은 카운터스의 호위 속에 큰 물고기를 낚아 놓아주고 [손맛]을 알았다"
event_newyearnewsword,59,긴 회수,Q90,Q90-3,char:222,42,,,"홍련은 전멸한 근접전용 스쿼드의 유일한 생존자인가 — 홍련이 검을 휘둘러야 하는 '약속, 아니 저주'는 누구와의 무엇인가?"
event_newyearnewsword,59,복선의 답,F1238,,,,E1284@char:222 E282@event_redash E307@erelic:red_ash_mini,1,"장화는 인류를 지키며 살겠다는 마음이 영원할 것이라던 말을 증명해 보라며 홍련이 벨 때까지 눈을 가리고 무엇이든 베겠다고 했다 — 봐주지 않기로 약속하고 겨룬 끝에 장화는 망설인 홍련의 검을 스스로 끌어당겨 코어를 꿰뚫게 하고, '강해져야 해, 누구에게도 휘둘리지 않도록', 혼자 두고 가서 미안하다며 죽었다"
ch27,65,복선의 답,F1284,,,,E37@sub:랩칠리언_06,,"탈환지 전투 때 내려앉은 외형이 다른 마더 웨일은 랩칠리언이 타고 다니는 '웨일리'였고, 랩칠리언은 큰 소리에 와 보니 친구들이 위험해 도왔다고 했다 — 대부분의 랩쳐는 아직 소통할 준비가 안 되었고 친구들이 더 소중하다며 — 그는 웨일리를 타고 지상 곳곳을 돌았는데, 방주 인근 밖의 [바깥]에는 수정으로 가득한 도시 · 살아 있는 듯한 은색 호수 · 거대한 강철 산맥이 있다고 했다"
ch27,65,복선의 답,F1285,,,,E263@relic:마더웨일아종목격보고.wav,,"랩칠리언에 따르면 웨일리는 한 번씩 지상에 내려가 동물을 너무 많이 잡아먹었는데, 채식을 권하자 열매와 풀을 먹게 되었고 그 뒤 외형이 바뀌었다 — 랩칠리언은 식성에 맞게 신체를 변형한 것으로 본다"
ch27,65,복선의 답,F1297,,,,E278@relic:저주받은보석 E279@relic:저주받은보석,,"일레그 · 해머링의 실험에 따르면 수정은 일정 시간 닿은 것의 에너지를 빨아 전기로 바꿔 저장하고 크기를 키운다 — 손을 대자 미세한 구멍을 내며 코어 쪽으로 파고들었고, 전기를 잃으면 바스러지며, 땅 밑으로 나무뿌리처럼 모두 이어져 있다 — 사지가 부서진 랩쳐가 수정 위에서 멈추자 수정이 자랐고, 일레그는 이것이 자연 발생할 수 없고 [누군가] 명확한 목적으로 풀어놓은 것이라 했다"
relic:잘지내라친구,65,복선의 답,F1307,,,,E280@event_redash,1,"고향에 남은 한 친구는 떠난 친구에게 녹음 인사를 남겼다 — 사고로 죽었다던 친구가 적합자가 되어 TV에 나와 놀랐고, 방주 추첨권은 이 촌구석까지 올 리 없어 갈 곳 없는 고향에서 술이나 마시며 남겠으며, 생일 선물로 사 준 태양열 카세트 플레이어를 친구가 늘 짱박아 두던 곳에 놔뒀다고 했다"
ch28,66,복선의 답,F1311,,,,E331@ch27,1,"리버린은 사실 새로 길을 찾는 데 자신이 없어 길을 잃고 있었는데, 일레그에게 들키자 과호흡으로 쓰러졌다 — 예전에 더 잘 살아 보려고 욕심내 무리하게 진행한 일을 망쳐 함께 일하던 이들이 크게 다치고 피해를 입어 화를 낸 뒤로, 숨기던 잘못을 누가 들춰내면 호흡 곤란이 온다고 털어놓았다"
event_killthelord,67,복선의 답,F1349,,,,E1307@event_ltk,,"디퓨저가 가장 많이 쌓인 3층 철문 너머의 짙은 향에 지휘관은 지상이 탈환되어 카운터스 · 마리안과 평화롭게 사는 환각을, D는 악행이 사라져 왕관을 쓸 필요가 없어진 세상의 환각을 보았다(니케에게도 듣는다) — 꽃과 디퓨저로 악취를 덮은 침실의 이불 아래에는 벌레가 들끓는 남편의 시신이 있었고, 카밀라는 남편이 살아 있다고 믿었다"
ch30,73,복선의 답,F1395,,,,E179@sub:문구점_00,,"하모니 큐브는 원래 도시 구축에 필요한 모든 정보를 초고속으로 연산하는 방주 제작용 연산 장치로 니케가 쓰는 것은 크기부터 다른 열화판이다 — 트로니에 따르면 방주 후보였던 곳에는 모두 하모니 큐브가 있었는데 랩쳐의 공격으로 모두 파괴되어 열화판만 남았고, 지하 도시에 떠 있는 거대한 하모니 큐브는 조금 불안정하지만 멀쩡해 보였다"
ch30,73,복선의 답,F1397,,,,E372@ch29,1,"리버린은 몽롱한 채 프레자일에게 '그 자식 손에서도 벗어날 수 있다'고 하다 정신을 차리고 식스오의 이름을 꺼냈고, 프레자일은 '다시 식스오랑 일하면 둘 다 죽기로' 한 약속대로 리버린을 쏘려 해 라피가 제압했다"
ch30,73,복선의 답,F1398,,,,E368@ch29 E369@ch29 E375@ch29,1,"리버린은 예전에 택배 일이 싫어 내용물 모를 물건을 고위층 비밀 창고 · 아우터 림 등지로 비밀리에 나르는 뒷세계의 [운반책]을 하며 부유해졌는데 — 그때 함께 일한 것이 식스오다 — 일이 잘못되어 프레자일의 동생이 휘말려 죽자 손을 씻었고, 몰랐던 프레자일과 다시 손대면 같이 죽기로 약속했다"
ch30,73,복선의 답,F1399,,,,E338@ch28,1,"리버린은 식스오에게서 운반책 일을 잉그리드에게 알리겠다(기억 소거나 폐기)는 협박을 받고 새로 탐색하는 곳에서 [그 누구도 손에 넣지 못한 것]을 가져오라는 지시로 탐색에 자원했으며, 수정은 가져갈 수 없어 언노운의 사진을 찍었다"
ch30,73,복선의 답,F1401,,,,E378@ch29,1,"지휘관이 언노운과의 약속대로 사진을 지우라 하자 리버린은 지우는 대신 이곳에서 얻는 것 가운데 가장 가치 낮은 것을 달라 했고, 지휘관은 약속하며 '보험'으로 돕겠다고 했다"
ch30,73,복선의 답,F1408,,,,E374@ch29,1,"그레이브에게 인간은 소리치고 총을 쏘다 친절하게 굴고는 전기를 흘리고 헬멧을 벗기고 관을 빼앗고 배를 가르고 머리를 찌르고 사진을 찍어 더 많은 인간을 부르던 존재였다 — 도망쳐도 따라온 인간을 랩쳐에게서 구해 주면 또 전기였기에 '인간은 배신한다, 죽인다'며, 소리치지도 쏘지도 않고 고맙다고 한 지휘관은 '아직 인간이 아니다'라고 했다"
ch30,73,복선의 답,F1414,,,,E329@ch27,1,"갑자기 해머링의 몸에서 수정이 솟아 라피가 맨손으로 머리를 떼어 냈고(목 끝에 수정이 조금 남음), 몸에서 뻗은 수정은 거대한 크리스탈 체임버가 되었다 — 일레그는 끌어모은 전기를 쓰는 하모니 큐브가 수정에게 최고의 먹잇감이라 했고, 일행은 그것을 쓰러뜨렸다"
event_lastkingdom1,73,복선의 답,F1435,,,,E202@event_overzone,1,"봉화를 보고 온 필그림 스노우 화이트 · 홍련 · 라푼젤은 씨앗이 중요해 왕국을 버릴 수 없다며 함께 지켰다 — 스노우 화이트는 남은 언체인드를 줘 버려 헬레틱을 끝낼 수단이 없다 했고, 도령(지휘관)은 방주에 큰일이 나 연락이 닿지 않았으며 에덴은 스노우 화이트가 반대했다"
event_lastkingdom1,73,복선의 답,F1436,,,,E365@side:second_affection,,"인디빌리아는 초고농도 에블라 입자를 뿜어 전기 신호를 끊어 니케를 굳게 하는데, 그것이 크라운에게 독임을 알아채 성벽 밖에서 에블라 입자를 뿌려 크라운을 천천히 독살하려 했다"
event_lastkingdom1,73,복선의 답,F1438,,,,E364@side:second_affection,,차임에 따르면 크라운은 차임 때문에 사명감의 주박에 사로잡혀 남의 소원은 이루어 주지만 자기는 아무것도 없는 공허한 왕이 되었다
event_lastkingdom1,73,복선의 답,F1452,,,,E1297@char:260,,"그날 밤 활력이 돌며 자기에게서 '개화한 것'을 확인하려 랩쳐 대군을 뚫고 간 마리안이 인디빌리아 · 토커티브에게 왕국을 넘보지 말라 하자, 둘은 의지와 상관없이 본능으로 무릎을 꿇었고 토커티브는 '분부대로 하겠습니다, 여왕님'이라 했다"
event_darkhero,74,복선의 답,F1474,,,,E344@event_boomsday E346@event_boomsday E348@event_boomsday E384@ch30,1,트로니는 방주 동력원을 본 뒤로 붉게 물든 공간에서 수많은 시선이 '넌 히어로가 맞냐'고 묻는 환영에 시달렸다 — 동력원이 뿜는 빛에 붉게 물든 그 공간에는 수많은 시신이 널브러져 있었다
event_darkhero,74,복선의 답,F1475,,,,E345@event_boomsday,,"트로니가 일렉트릭 쇼크에 들어온 날이 일레그를 처음 만난 날이고, 일레그는 트로니를 방 밖으로 나오게 하려고 찰흙으로 아크레인저 블랙 피규어를 만들어 주었다 — 트로니가 가장 소중히 여기는 물건이다"
event_darkhero,74,복선의 답,F1476,,,,E347@event_boomsday,,아크 게임쇼 팬미팅에서 트로니 · 지휘관을 만났던 아크레인저 블랙은 히어로란 누군가의 기대가 아니라 자기 신념 · 진심을 관철하는 자라고 트로니에게 말했다 — 블랙도 레드에게 같은 말을 듣고 아크레인저에 들어왔다
char:551,77,복선의 답,F1504,,,,E1360@event_onemoretime E1361@event_onemoretime,,"무릎 관절이 아슬아슬해진 클레이가 전처럼 부품 교체를 청하자 메어리는 사고 전환이 쉽게 올 수 있다며 연습을 중지시켰고, 베이는 몰래 연습하러 온 클레이를 경기장 앞에서 막아 오래 함께 뛰고 싶다며 연습을 금지하고 지휘관에게 감시 겸 휴식을 부탁했다"
event_claymore,77,복선의 답,F1496,,,,E212@event_bluewaterisland,,"니케는 파츠 교체가 잦으면 사고 전환이 올 수 있다 — 베이는 한 달 사이 다리 파츠를 20번 넘게, 팔을 10번 교체해 기준치를 넘었다며 병원(페퍼)에 입원해 테스트를 받았고, 언더 아레나의 오팔 · 가넷은 부품을 자주 교체하다 사고 전환이 와 폐기되었다"
ch32,81,복선의 답,F1540,,,,E446@ch31,1,"라피는 레드 후드가 자기의 이상향이라 이어받으려 했지만 자기는 레드 후드와 다른 존재라 그 사명을 가질 수 없음을 알고 포기했다고 그레이브에게 털어놓았고, 100년 넘게 사명을 포기하지 않은 그레이브를 부럽다고 했다"
ch32,81,복선의 답,F1541,,,,E270@ch26,1,"지휘관이 얼마 전 만난 레드 후드의 영상 유언 — '니들 아직 퀸 잡으러 100년 동안 돌아다닌다며? 물려주고 은퇴해, 나는 좋은 녀석을 만나 물려주고 쉰다' — 을 보여 주자 그레이브는 레드 후드가 뒤를 맡긴 이들이라며 받아들였고, 그때의 너무나 아름다웠던 모습을 다시 보고 싶다며 신데렐라를 만나게 도와 달라고 했다"
ch32,81,복선의 답,F1542,,,,E438@ch31 E447@ch31,1,"그레이브에 따르면 신데렐라는 언체인드로 고쳐 이제 헬레틱이 아니지만, 과거 싸움에서 죽은 것과 다름없는 부상으로 정신을 잃었다 — 유리 구두에 심어 둔 부활 코드를 신데렐라와 링크하면 깨어나는데, 몸이 다쳐 링크할 수 없어 부품 · 재료를 모으고 하모니 큐브의 연산을 훔쳐 관의 치료 능력을 높였고, 이제 몸은 완전 회복 직전이다"
ch32,81,복선의 답,F1543,,,,E443@ch31,1,"신데렐라의 외피는 유리 구두와 같은 특수 재질이라 수정에 오염되지 않는데, 헬레틱끼리는 서로를 느낄 수 있어 몇 번 들켜 빼앗길 뻔하고 '화룡'(니힐리스타)에게 빼앗겼다 되찾은 적도 있어, 약한 그레이브는 기억나지 않을 만큼 오래전부터 신데렐라를 수정 속에 숨겨 두었다"
ch32,81,복선의 답,F1545,,,,E442@ch31,1,"그레이브는 스노우 화이트의 무기 세븐스 드워프를 맡아 두고 있을 뿐이며 만난 적도 없는 그녀에게 만나서 돌려줘야 한다고 했다 — 갓데스와 만나고 싶어 하면서도, 신데렐라가 오래전 갓데스와 싸워 사이가 좋지 않으니 만나면 안 된다고 했다"
ch32,81,복선의 답,F1548,,,,E441@ch31,1,"그레이브에 따르면 오래 잠든 신데렐라는 뇌 활동이 극도로 억제되어 깨어나면 백지상태라 무엇이든 될 수 있다 — 그래서 관을 강제로 열면 신데렐라가 죽게 해 두었고 관은 그레이브만 열 수 있으며, 다시 그런 일이 일어나선 안 된다고 했다 — 예전 그대로라면 신데렐라는 누구에게도 지지 않는다"
ch32,81,복선의 답,F1555,,,,E444@ch31,1,"지휘관은 피를 니케에게 묻히면 무슨 일이 날지 모른다는 세실의 말을 떠올리며 피 묻은 주먹으로 베히모스를 쳤고, 동료가 되라던 베히모스는 '다크 매터가 멋대로'라며 괴로워했다 — 뒤에 몸의 검은 액체가 일대를 덮을 만큼 커져 폭주했고, 지휘관은 언체인드의 효과 · 부작용으로 보았다"
ch32,81,복선의 답,F1558,,,,E445@ch31,1,"신데렐라는 유리 구두를 찾아 주고 깨워 준 지휘관을 '왕자님'이라 부르고, 구해 준 이들에게 은혜를 갚는 것이 아름답다며 오래전에 했어야 할 일인 지상 탈환에 합류했다 — 늘 아름다워야 한다며 주둔지에 100m마다 전신 거울을 달라고 했다"
ch32,81,복선의 답,F1559,,,,E29@ch04 E99@ch14 E1261@char:10 E437@ch31,1,"라피는 은화에게 말없이 떠난 것을 사과하며, 레드 후드의 마지막을 지켜보고 사명을 이어받았다고 여겨 동료가 생기자 레드 후드에 가까워졌다고 믿었지만, 자기 유탄에 인간이 죽었을 때 경위서부터 걱정한 자신이 껍데기만 흉내 냈음을 알았고 — '나는 무엇으로 보이는가'에 답을 못 찾은 채 — 그 흉내놀이에 앱솔루트를 이용한 것 같아 미안해 떠났다고 했다"
sub:관짝이_00,81,복선의 답,F1563,,,,E388@ch30,1,"그레이브는 그토록 애쓴 까닭을 신데렐라를 다시 만나고 싶었고 그녀의 오명을 다시 쓰고 싶었기 때문이라 했다 — 오랜 시간 잊혀져 퇴색된 그녀의 이야기를 다시 쓰는 순간을 기다려 왔고, 베히모스가 아나키오르라 불렀을 때 포기했다면 지금이 없었을 것이라 했다"
event_colorless,82,복선의 답,F1583,,,,E1382@event_juveniledays,,"학기말 시험 뒤 새 학기에 마르차나는 명부를 읽으며 합격 · '탈락 후 리셋' · '영구 제명'(트레이시 · 디에스)을 가리다 '미안합니다'라며 무너졌다 — 그것을 본 츠바이는 기억이 지워져도 살아만 있으면 다시 돌아올 거라 여겨 왔는데 영구 제명이라니, 하며 잃은 선배 · 친구들(루아 · 도이스 · 피어 · 세이스)의 이름을 적은 수첩을 보았다"
event_colorless,82,복선의 답,F1588,,,,E1382@event_juveniledays,,"지상 첫날 밤 랩쳐 습격에 카르히 · 하나가 죽고, 굳어 버린 츠바이를 아인이 밀쳐 구하다 팔을 그을렸으며, 츠바이는 둘만은 졸업시키겠다며 최전선에서 싸워 오른팔과 다리에 심한 부상을 입었다"
char:833,83,복선의 답,F1596,,,,E1612@char:391,,"마르차나에 따르면 모든 니케는 롤 아웃되는 순간부터 NIMPH에 전투 지식이 모두 입력되어 원래 따로 교육받을 필요가 없고, 미미르 부속고의 학생들은 니케가 후천적 교육으로 성장할 수 있는지 확인하려고 [학생] 역할을, 마르차나는 [선생] 역할을 부여받은 니케다 — 학교를 일반 학교처럼 꾸민 것은 학생들이 이곳을 학교로 쉽게 인식하게 하려는 것이다"
side:wordless,89,복선의 답,F1618,,,,E24@ch04,1,언어를 잃은 유니가 미하라를 볼 때마다 되풀이한 '우우우. 우우. 우우우?'는 처벌 전 영상에 남기려던 '미하라. 머리… 안 아파?'였다 — 미하라는 유니가 [미하라]를 죽이지 않았으니 자기에게 한 일만은 용서한다며 서로의 아픔을 느끼며 함께 속죄하자고 했다
ch33,90,복선의 답,F1625,,,,E376@ch29,1,"그레이브는 신데렐라가 깨어나 할 일이 생겼다며 빌려 쓰던 세븐스 드워프를 라피에게 맡겼다 — 레드 후드를 이어받아 갓데스와 이어져 있는 라피가 스노우 화이트에게 전해 주는 것이 맞다고 했고, 라피는 소중한 것이라며 받았다"
ch33,90,복선의 답,F1632,,,,E465@sub:거울_공주_00 E462@sub:관짝이_01,,"신데렐라에 따르면 2세대 페어리 테일 모델로 만들어진 신데렐라와 다른 여럿을 만든 것은 그레이브로, 스펙만 보면 최강에 준하는 그들을 혼자서 만든 천재다 — 그레이브에게 무슨 일이 있었는지는 눈물이 날 것 같다며 말하지 않았다"
ch34,91,복선의 답,F1646,,,,E478@ch33 E481@ch33 E484@ch33 E487@ch33,1,"라피는 처음부터 목적도 이상도 사명도 없다가 레드 후드를 만나 그를 계승하려 했지만 흉내일 뿐임을 알고 포기했고, 다시 아무것도 남지 않았을 때 만난 지휘관 곁을 걷기 위해 레드 후드에게 받은 힘으로 지휘관을 지키며 이겨야만 했다고 털어놓았다 — 베히모스에게 지고, 긴 세월 포기하지 않고 이상을 이룬 그레이브에게 열등감을 느껴 조바심을 냈다"
ch34,91,복선의 답,F1648,,,,E476@ch33,1,"그레이브는 신데렐라에게서 과거의 자기가 지금과 많이 다른 존재였다고 들었을 뿐이라며, 과거의 자기는 신데렐라를 살리려 했고 지금은 지키려 하니 제대로 계승한 것이라 했다 — 계승은 그 존재가 되는 것이 아니라 그가 무엇을 위해 살았는지를 이어받아 자기 길을 가는 것이라 라피에게 말했다"
ch34,91,복선의 답,F1651,,,,E460@sub:관짝이_00,,아니스에 따르면 그레이브는 전직 과학자였다
ch34,91,복선의 답,F1653,,,,E482@ch33,1,"레비아탄에 따르면 포비스트가 신데렐라를 원한 까닭은 열심히 만들고 있는 것의 재료로 쓰면 더 좋을 것 같아서였고, 그래서 신데렐라가 죽어도 상관없었다 — 무엇을 만드는지는 말하지 않았다"
ch34,91,복선의 답,F1657,,,,E476@ch33,1,그레이브에 따르면 세븐스 드워프는 라피에게 남은 레드 후드 때문이 아니라 지금의 라피에게 반응해 껍데기를 부수고 진짜 모습을 드러내 라피를 주인으로 인정했다 — 그레이브는 라피가 이제 진정한 의미로 레드 후드를 계승했다고 했다
erelic:old_tales_lost,91,복선의 답,F1703,,,,E466@sub:거울_공주_00,,"신데렐라에게 남긴 글에 따르면 헬레틱은 아무나 될 수 없고 랩쳐의 퀸에게 선택받은 니케만 될 수 있으며, 인격 박리와 '저를 기반으로 한 더욱 진화된 인격 데이터'가 정성스럽게 헬레틱으로 이끈다 — 글은 신데렐라가 아나키오르였을 때 가장 아름다웠다고 맺는다"
event_oldtales1,91,복선의 답,F1669,,,,E309@erelic:red_ash_mini,,"침식된 신데렐라의 마음속에서 거울(이름표 미러)이 말을 걸어, 갓데스를 도우려면 갓데스의 적 — 너와 닮은 이들(니케 · 인간) — 을 모두 죽이라고 꾀었고, '모든 것은 갓데스를 위해'를 따라 하게 하다 '모든 것은 퀸을 위해'로 바꿔 말하게 했다 — 신데렐라는 갓데스를 구하겠다며 모두 죽이겠다고 했다"
event_oldtales1,91,복선의 답,F1675,,,,E455@ch32,1,동료들마저 죽이려는 것을 막으려 신데렐라는 '갓데스를 죽여 달라'는 조건으로 미러의 '진짜 사명'(퀸을 위해 퀸의 적을 죽이는 것)을 받아들였다 — 아나키오르가 갓데스를 이길 리 없으니 신데렐라(아나키오르)째 죽어 버리라는 속셈이었다
event_oldtales1,91,복선의 답,F1681,,,,E1248@char:180,,"레드 슈즈는 자기가 침식을 키웠다고 털어놓았다 — NIMPH에 침입해 '움직이지 마라'만 명령하던 초기 침식에 명령과 자기 인격 데이터를 심었지만 니케가 곧 죽자 랩쳐에게 돌려보냈고, 랩쳐가 완벽하게(사람이 해석할 수 없게) 다듬어 돌려준 것을 마지막 정비 때 신데렐라에게 넣었다"
char:514,92,복선의 답,F1719,,,,E386@ch30,1,"그레이브의 기억 상실은 사고 전환이 아니라 인간들이 무언가 나올까 머리를 계속 헤집어 뇌가 물리적으로 망가진 탓이다 — 지식과 숫자 읽기까지 잃은 그는 남은 기록 · 지상의 옛 문서 · 의료기기로 되풀이해 다시 배워 관(콜드 슬립 장치)과 신데렐라 치료법을 익혔고, 신데렐라를 구해야 한다는 것만은 잊지 않았다"
event_icedragonsaga1,94,긴 회수,Q196,Q196-2,event_darkhero,20,,,"임무 실패를 보고한 메이든은 어떻게 되었고, 왜 연락이 끊겼나?"
event_footstepwalkrun1,96,긴 회수,Q2,Q2-2,ch01,94,,1,라피가 '해 보고 싶다'며 찾고 있는 것은 무엇인가?
event_footstepwalkrun1,96,긴 회수,Q145,Q145-3,ch24,52,,1,"잉그리드가 방주가 뒤집힐 수 있는 일급기밀이라 말하지 못한, 지휘관이 '여러 의미로' 라피를 되찾아야 하는 까닭은 무엇인가?"
event_footstepwalkrun1,96,긴 회수,Q171,Q171-4,ch28,30,,1,발전소가 하나도 없는 방주의 에너지는 어디서 오나 — 알면 방주에 살고 싶지 않을 것이라는 일레그의 '정답'은 무엇인가?
event_footstepwalkrun1,96,복선의 답,F1763,,,,E18@ch03 E301@event_redash,1,"앱솔루트 시절 서브 코어를 한계까지 가동하자 서브 코어가 바디를 재구축해 라피는 갓데스의 레드 후드로 변했다 — 잉그리드는 억눌린 이상향이 튀어나왔다고 보고, NIMPH에 특정 인물의 데이터를 넣어 원하는 인물 · 죽은 자를 니케로 만들 수 있다는 결과라 방주가 뒤집힐 수 있다며 연구를 묻고 관계자의 기억을 소거했다"
event_footstepwalkrun1,96,복선의 답,F1765,,,,E11@ch02 E497@ch34,1,"앱솔루트를 제 발로 나와 용병처럼 떠돌던 라피는 명령 불복종으로 떠돌던 아니스와 둘만의 스쿼드로 묶였다 — 아니스는 등신 같은 명령에 목숨 거는 게 지겹고 인류도 지상 탈환도 관심 없으며 방주 놈들은 쓰레기라 했고, 라피는 죽거나 망가지는 모습이 상상되지 않으면서 자기를 이끌어 줄 누군가를 찾고 있다고 했다"
event_wisdomspring,98,복선의 답,F1772,,,,E238@ch24 E339@ch28,1,"지휘관은 니케를 업고 걷고 대함 라이플을 쏘았으며 배가 뚫리는 치명상도 늘 살아남아 점점 더 빨리 낫는다 — 네온은 지휘관이 가끔 인간이 아닌 것처럼 느껴진다 하고, 아니스도 이상할 만큼 회복이 빠르다고 여겨 왔다"
event_wisdomspring,98,복선의 답,F1776,,,,E1594@char:291,,"마나 · 에테르에 따르면 [그 프로젝트]는 [그들]이 세상에 알리고 싶지 않아 부사령관들과 3대 CEO에게도 비밀로 한 채 [그들]과 총사령관의 승인만으로 M.M.R. 심층부에서 비밀리에 진행되었다 — 에테르는 지휘관을 '7호'라 부르는 까닭을, 1호부터 6호와 달리 실패하지도 도망치지도 않은 유일한 성공작이기 때문이라 했다"
event_romanticvalentine,99,복선의 답,F1780,,,,E1299@event_maidinvalentine,,"Sweets & Cocoa의 관리 A.I. 스윗 조니는 공장을 드나든 자원 채집 부대 니케들에게서 인류가 패배해 지하에 갇혔음을 듣고, 니케들의 로망을 돕겠다며 니케의 휴대폰에 데이터를 실어 방주로 들어왔다 — 깨진 데이터를 트로니가 공장의 원본으로 복구했고, 조니(Ver.2.14)는 메이드 카페에 설치된 비인가 A.I.가 되었다"
ch35,101,복선의 답,F1786,,,,E271@ch26 E434@ch31 E517@ch34,1,"잉그리드에 따르면 라피의 두 번째 코어의 미약한 에너지는 사라져 라피와 완전히 융합되었고, 바디는 은화가 건넨 택티컬 업 OS 설계(고기동 · 내구성 · 완력, 레드 후드 모드를 켜고 끄는 확장 무장 기능)대로이지만 구성 물질은 지금 방주에서 다룰 수 없는 불명의 재료다 — 라피는 무엇으로 만들어졌든 자기는 자기라 했다"
ch35,101,복선의 답,F1798,,,,E28@ch04 E76@sub:음악_애호가_00 E1274@char:12 E1275@char:12 E277@sub:코인_러시_00 E516@ch34,1,"아니스는 예전에 테트라 라인의 아이돌 그룹 T.T.STAR(트윙클 트라이 스타)였고, 사정이 있어 은퇴하려던 것을 머스탱이 돌아올지 모른다며 장기 휴가로 처리해 두었다 — 아니스가 지상 탈환에 힘을 보태려 정식 은퇴를 청하자 머스탱은 T.T.STAR의 은퇴 공연(Final Stage)을 조건으로 걸고 네온을 임시 매니저로 임명했다"
ch36,102,복선의 답,F1813,,,,E485@ch33,1,"레비아탄에 따르면 포비스트는 인간을 대체할 생각도 함께 살 생각도 없이, 랩쳐도 유사 인간도 아닌 새로운 종이 되어 직계를 비롯한 랩쳐를 짓뭉개려 한다 — 방주는 유사 인간이 새로운 종처럼 쏟아져 나온 '자궁'이자 진화의 원천이라 껍데기를 만드는 의식을 하고, 그곳에서 알의 다음 단계('스페셜 뽑기')를 하려 하지만 시작에만 100년은 더 걸린다"
ch36,102,복선의 답,F1815,,,,E603@ch35,1,"레비아탄은 다크 매터를 잘 다루려고 다크 매터와 닮은 물거품을 쓰는 세이렌의 머릿속을 억지로 읽어 사용법을 알아냈다 — 세이렌은 이상할 만큼 멀쩡했고 아마 살아 있으며, 레비아탄이 버리고 왔다 — 어디였는지는 모른다며 '착취하는 쪽과 당하는 쪽'이라 했다가, 세이렌이 바보같이 다 주기만 한 친구였음을 드러냈다"
ch36,102,복선의 답,F1820,,,,E612@ch35,1,"두 팔이 수정에 잠식된 라플라스는 물러서면 슈엔이 또 입지를 잃고 무리하다 악이 될 것이라며 — 만든 이가 악인이면 결과물이 길을 바로잡을 수 있고, 슈엔을 제 손으로 처단하고 싶지 않다며 — 작전을 이어 갔고, 드레이크가 라플라스의 동력을 넘겨받기로 했다 — 지휘관도 레비아탄의 오해를 풀고 메티스에게 전과를 안기기로 했다"
relic:할일목록,102,복선의 답,F1821,,,,E440@ch31,1,"포비스트 넷의 머리글자로 보이는 할 일 목록에 따르면 B(베히모스)는 수정 지역을 지키며 돌아다니거나 아무에게나 말 걸지 말고, Z(지즈)는 수량 · 기한 상관없이 귀한 것을, 다른 B(바하무트)는 압도적인 물량을 적당히 양질로 모으고, L(레비아탄)은 실험을 계속해 조합식을 정립해야 했다"
event_trueflavor,107,복선의 답,F1851,,,,E639@event_newflavor,,"크러스트는 브래디가 지휘관을 맛볼 때의 표정이 부러워 주방을 닫고 외부 일정을 취소한 채 브래디만을 위한 '기억도 정보도 없는 맛' 요리를 연구했지만, 티아 · 에이드에게서 일방적인 호의와 행복의 맛을 배우고 연구를 그만두었다 — 브래디는 크러스트의 음식을 먹을 때마다 늘 행복했다고 했다"
side:mudfish,107,복선의 답,F1847,,,,E512@ch34,1,"세이렌은 레비의 검은 물이 자기 물거품과 비슷한 액체 금속이고 레비가 만들어 내는 것이라 보고, NIMPH가 만든 '마음속 공간'인 거대 물거품 안에서 손을 잡아 물거품의 모든 지식을 건넸다 — 더 알기를 갈구한 레비에게 NIMPH의 바다 일부까지 보이다 세이렌은 정신 붕괴 직전까지 갔고, 그 뒤 레비는 검은 물이 흐르지 않고 물방울을 다루게 되었다"
side:mudfish,107,복선의 답,F1849,,,,E493@ch34 E526@event_oldtales1 E625@ch36,1,"세이렌이 레비에게 지식을 건넬 때 만든 거대 물거품의 에너지를 쫓아 글러트니가 나타났고, 함께 싸우던 레비가 공포로 망설여 코어를 쏘지 못하는 사이 물거품 기둥이 깨져 세이렌이 삼켜졌다 — 정신없이 달아난 레비는 검은 물을 통해 어디든 갈 수 있음을 깨닫고, 자신을 믿어 준 세이렌을 배신했다며 자책했다"
ch37,108,복선의 답,F1858,,,,E518@ch34,1,"이지스가 지상에 올라온 가장 큰 이유는 메티스 파워 업 시설을 어드마이어 호로 실어 오는 것이었다 — 지상 탐색은 엘리시온이 적격이라 굳어져(E2 크리스탈 · 다크 매터 확보) 또 엘리시온 스쿼드가 합류할 참이었는데, 슈엔이 비서 · 기록자들 앞에서 잉그리드에게 무릎을 꿇고 청해 잉그리드가 양보했다 — 미실리스는 어드마이어 호 유지비를 한동안 부담한다"
ch37,108,복선의 답,F1859,,,,E275@ch26 E323@ch27 E626@ch36,1,"도로시가 받은 방주 채널은 지상 풍경에 도로시의 내레이션을 붙인 에덴 광고 [지상낙원 에덴] 하나만 되풀이해 트는 시청률 0.02% · 관련 게시물 2건의 채널이었다 — 도로시는 방주와 에덴이 협약을 맺고 자기가 그 친선 대사가 될 때를 대비한 이미지 관리라 했고, 아니스는 원본을 건드리지 않고 시청률을 올려 주는 대신 채널을 하루 빌리는 거래를 했다"
ch37,108,복선의 답,F1862,,,,E611@ch35 E617@relic:알관련전달사항 E633@relic:할일목록,1,"레비아탄의 다른 알 무리는 크기 · 형태 · 외피로 구역이 나뉘어 정돈되어 있었고, 터뜨려 보니 랩쳐의 분류가 알의 종류와 맞아떨어져 알이 크고 화려할수록 고위 개체였다 — 레비아탄은 실험을 그만둔 것이 아니라 더 좋은 융합체를 만드는 기술을 갖고 있었고, 라피는 숨기고 싶은 것을 가리려 진실을 연막으로 뿌린 것이라 보았다"
ch37,108,복선의 답,F1866,,,,E643@side:mudfish,1,"다크 매터 속에서 튀어나온 레비아탄이 지휘관의 옆구리를 찔러 언체인드 피를 뒤집어쓰고 거대화를 시도했지만 반만 성공한 미완성 상태라 쉽게 제압되었다 — 레비아탄은 자신이 '반푼이'인가 낙담했고, 지즈가 날개로 레비아탄을 검은 구로 감싸 품에 안고 달아났다"
ch38,109,복선의 답,F1872,,,,E616@relic:알관련전달사항 E632@relic:할일목록 E652@ch37 E656@relic:주워갈것들메모,1,"타일런트 급 코어 · 신소재 같은 귀한 재료를 찾아다니던 지즈는 얼마 전 땅속 깊이 파묻혀 있던, 코어가 두 개인 목 없는 유사 인간(니케)을 혼자 찾아 날개에 넣어 왔고 — 베히모스에게 먹이면 바로 살아날지 모른다 했다 — 레비아탄은 그 복장을 보고 '라피잖아'라고 했다"
ch38,109,복선의 답,F1873,,,,E456@ch32 E490@relic:소녀의일기-절망편-,1,"지휘관 · 라피는 하모니 큐브 · 유사 방주 · 용해액 · 정돈된 알 · 재료를 모으는 지즈를 엮어 포비스트가 직계에게 할 완벽한 복수로 자기들만의 퀸을 만들려 한다고 짐작했다 — 지휘관이 퀸을 만드는 거냐, 유사 방주에서냐고 묻자 레비아탄은 모른다 했지만 지즈는 '레비가 다 말했어!?'라고 놀랐다"
ch38,109,복선의 답,F1874,,,,E1275@char:12,,"T.T.STAR의 나머지 둘은 민트 · 프리카로, 민트는 가장 사람에 가까운 바디로 몇 년째 요리 프로그램에 나오고 프리카는 액세서리 사업을 하며 연습만 한다 — 둘은 사비로 미니 앨범을 냈고, 아니스는 둘의 굿즈 · 액세서리를 다 사 왔다 — 아니스는 스스로 탈퇴해 팀을 망쳤다고 했고, 프리카는 아니스에게 질투 날 만큼 재능이 있었다고 했다"
ch38,109,복선의 답,F1878,,,,E644@side:mudfish,1,"은색 나무는 땅속에 숨은 거대 랩쳐 글러트니의 침샘으로, 레비아탄은 지휘관 일행이 입맛을 돋워 침(은색 액체)이 쏟아진다고 했다 — 메티스 버스터와 이지스 캐논에 나무가 넘어가자 땅에서 거대한 입이 솟아 그 빛을 소리 없이 삼켰고, 땅속으로 숨은 뒤 그 에너지를 뱉어 일대를 평지로 날렸다 — 어드마이어 호는 크게 부서져 항해를 마쳤다"
char:513,109,복선의 답,F1911,,,,E552@erelic:old_tales_lost,,"언령으로 랩쳐에게 명령할 수 있다면 니케에게도 '랩쳐를 지켜라, 니케를 죽여라'를 할 수 있다는 말에 헨젤 · 그레텔은 침식 같다며 공격받는 것과 몸을 조종당하는 것은 다르다 했고, 세이렌은 '미안해'를 남긴 뒤 위험할 때조차 말을 하지 않게 되었다"
event_unbreakablesphere1,109,복선의 답,F1884,,,,E645@side:mudfish,1,"글러트니에게 함께 삼켜진 미하라 · 유니 · 모리는 세이렌의 물거품에 받아져 '바닷속'이라는 공간에서 깨어났는데, 그곳은 글러트니의 목구멍이었다 — 세이렌도 아주 오래전 먹혀 그 안에서 살아남아 정원 · 물거품 나무 · 공방을 만들고 70년쯤 혼자 지냈다"
event_unbreakablesphere1,109,복선의 답,F1903,,,,E1616@char:511 E1398@char:514,,"세이렌은 신데렐라 · 그레이브와 다시 만났고, 모리는 지엔의 메시지로 폐기를 면하고도 방주로 돌아가지 않고 세이렌 일행과 함께 다니기로 해 미하라가 탈주 추적을 막으려 핸드폰을 거두었다 — 세이렌은 헨젤 · 그레텔이 더 이상 인류의 편이 아니라 했다"
event_arcanearchive,111,긴 회수,Q212,Q212-2,char:580,23,,,팬텀이 명령을 받고 옮긴 기밀 책을 넘기는 '사장님' — 베스트셀러 스쿼드의 상부 — 는 누구인가?
event_lordforjustice,112,복선의 답,F1958,,,,E721@event_arcanearchive,,"VII은 K가 답을 알지만 주어진 사명과 이름을 잊고 실패를 거듭해 공허한 꼭두각시가 되어 자격을 잃었다 했고, K의 품에서는 [특급 기밀 보관소 S-1452] 이름표가 붙은 낡은 열쇠가 나왔다 — 금서고에서 사라진 기록들은 시지 패러리스 안전 가옥에 널려 있었다"
event_lordforjustice,112,복선의 답,F1965,,,,E318@event_dirtybackyard,,"목단은 K를 포그 할로우로 데려가 재건 중인 마을과 언덕의 무덤 수십 개를 보이며, 대가는 치르고 썩은 건 뿌리부터 뽑되 사람 일을 하루아침에 잘라낼 수는 없다며 마을을 부순 것도 그들을 가슴에 묻고 사는 것도 후회하지 않는다고 했다 — 잘못은 고치면 되고 그러다 보면 세상이 조금 더 정의로워질 것이라는 게 목단의 정의다"
event_lordforjustice,112,복선의 답,F1966,,,,E718@event_arcanearchive,,"VII에 따르면 K의 기억을 지운 것도 지시한 것도 VII이지만, 정의의 대행자 · 꼭두각시가 된 것과 기억을 지운 것 모두 K 자신의 [선택] — VII이 들어준 [간청] — 이었고, 이번에는 K가 자살까지 시도했지만 정의를 실현하는 무기에 쓰러질 리 없었다 — VII은 '이번에는 다시 망가지는 게 빠르다'고 했다"
event_lordforjustice,112,복선의 답,F1969,,,,E723@event_arcanearchive,,"X는 '패배자의 공물'로 K의 처분 — 죽이든 기억을 지우든 노예로 삼든 모른 척하든 — 을 지휘관에게 맡겼고, 지휘관은 기억을 지우는 것은 죽이는 것과 같다며 아무것도 고르지 않았다 — K는 다시 정의를 향해 가기로 했다"
event_lordforjustice,112,복선의 답,F1970,,,,E1305@event_ltk E1306@event_ltk,,"K는 살다 보면 완벽한 평행이 없는 저울을 마주하는데 자기는 고개를 기울여 평행을 만든다며, 후유증 없이 고통만 주는 총의 가시로 [진실]을 들었다 — D는 수단이 깨끗해야 결과도 깨끗하다고 했다"
event_lordforjustice,112,복선의 답,F1971,,,,E727@event_arcanearchive,,"K는 저지스를 떠나 '프리랜서' — 지휘관이 책임은 자기가 질 테니 마음 가는 대로 하라고 한 자경단 — 가 되어 D가 맡은 사이비 조사를 돕기로 했고, D가 찾으라는 사람은 데이파라였다 — K는 저지스가 순순히 놔주지 않을 것이라 했다"
event_ce006,113,복선의 답,F1997,,,,E73@sub:롬_01 E74@sub:롬_02,,"롬의 [기억]에 따르면 롬은 추첨권이 없어 방주에 못 들어간 한 가족의 로봇이었고, '방주가 모자라면 만들면 된다'는 롬의 말에 딸이 [제2의 방주]라 이름 붙이고 유물을 모으자 했다 — 엄마에 이어 딸도 죽으며 갈 곳 없는 사람들이 웃으며 지낼 제2의 방주를 만들어 달라 했다 — 롬이 큰 소리로 부르는 것은 귀가 어두운 엄마 때문이었다"
fl:boom_the_ghost,116,복선의 답,F2037,,,,E253@ch25 E648@ch37,1,"도로시는 지휘관 · 라피에게 방주를 빼앗을 테니 막아 보라 했다 — 방주에서 '선택을 강요'하고 있으며, 방주가 많은 것을 버려야 할 선택의 순간이 올 때 무엇을 먼저 버릴지 기다리고, 그때 라피도 자기를 막아설지 함께할지 고르게 될 것이라 했다 — 라피는 친구로서 전력을 다해 막겠다고 했다"
ch39,118,복선의 답,F2044,,,,E322@ch27,1,"웨일리의 등에는 랩칠리언의 텃밭이 있다 — 웨일리가 마신 바닷물을 내부 필터로 정화해 숨구멍으로 뿌려 물을 주고, 떠돌아다니기 좋아하는 친구가 많이 도왔으며, 다음 목표는 과수원 · 목장, 끝내는 등을 숲으로 만드는 것이다 — 등 위에는 바람도 기압 차도 없다"
ch39,118,복선의 답,F2051,,,,E569@event_footstepwalkrun1,1,"나유타는 라피의 코어에 손을 대 황금빛으로 살핀 뒤, 라피의 몸에 '[우리]의, 아니 그들의' 기술이 들어가 공존만이 아니라 융합해 있다고 했다 — 라피는 어쩌다 그렇게 되었는지 모른다고 했다"
ch39,118,복선의 답,F2061,,,,E667@ch38,1,"아우터 림 최대의 환락가 배드 드림은 방주 고위층이 드나드는 곳으로, 중앙 정부에 연줄이 많은 보스의 큰 조직 [라이온]이 단독으로 관리해 비밀 엄수와 안전이 방주 이상이다 — 네온 · 이그조틱은 아우터 림에서 행적이 끊긴 프로듀서 겸 작곡가 '미세스 미스'를 찾아 그곳에 갔다"
ch40,119,복선의 답,F2071,,,,E1263@char:102 E654@ch37 E657@ch38 E798@ch39,1,"나유타에 따르면 지휘관의 몸에는 어떤 목적으로 여러 능력이 들어 있는데, 대표적인 둘은 선천적으로 피에 흐르는 언체인드(피에 넣는 것은 오래전 확립된 기술)와, 후천적으로 발동해 시간이 갈수록 강해지는 재생 능력이다 — 재생 능력은 특정 조건, 곧 퀸 인자와 짝을 이뤄 활성화된다"
char:143,123,복선의 답,F2124,,,,E857@fl:coins_in_rush,,"밀크는 코인 러시 의뢰 뒤 지휘관에게 이상형을 물은 것을 계속 신경 써 — 슈가에 따르면 밀크는 겉보기와 달리 여리고 자존감이 낮다 — 에이드에게 화장을 배워 데이트에서 '밝고 귀여운 여자' · '차분하고 어른스러운 여자'를 연기했고, 불안해서였다고 털어놓으며 노력할 수 있게 곁에서 도와 달라고 했다"
char:840,124,긴 회수,Q108,Q108-4,sub:데이파라_00,98,,,"구원의 성화 신도들은 지상의 제단에서 왜 저항도 없이 편안한 얼굴로 죽었고, 그 자리에 없던 데이파라의 엄마는 어디에 있나?"
fl:reborn_evil,124,복선의 답,F2134,,,,E182@sub:2호_쉘터_관리계정_00,,"[구원의 성화]는 일부 신도를 지상에 올려 심판자(랩쳐)에게 '구원'받게 — 제물로 바치게 — 했고, 마일스 카터 · 아이리스 먼로 등 실종자들에게 7일간의 '정화 의식'으로 '심판자의 성수'(NEO 바이러스)를 머금게 하는 실험을 했으며, 숨어든 폴리는 '이치를 거스른 신인류'라 제물로 바치려 교화실에 가두었다"
fl:reborn_evil,124,복선의 답,F2142,,,,E741@event_lordforjustice,,"[구원의 성화]는 X가 만든 것이었다 — K는 VII-1 기록(랩쳐에 호의적인 급진 집단을 배후 지원해 시민의 적개심을 북돋는 안)을 보고 '여기에도 엮여 있었나'라며 X를 떠올렸고, 에이다의 USB는 X가 구원의 성화를 만들고 T 바이러스 보고서를 지상 제단에 올려 이번 일을 꾸몄다는 증거였다 — D는 그것을 비장의 수단으로 숨겼다"
fl:go_ninja_thief,126,복선의 답,F2176,,,,E1392@event_phantomthiefvsdetective E729@event_arcanearchive,,"아르카나가 지휘관실에서 델타에게 영업하던 날 괴도가 될 수 있느냐 물었던 델타는 밤에 지휘관실을 찾아와, 팬텀의 권유로 정의 괴도단(팬텀 · 퀀시 · 미란다 · 지휘관)의 수습 '괴도 닌자'가 되었다"
side:eden_spear,126,복선의 답,F2163,,,,E1302@char:261,,"니힐리스타에 따르면 목소리가 끊기기 전 퀸이 애원하듯 되풀이한 명령은 [릴리스의 바디를 찾아라]였고, 다른 헬레틱은 듣지 않았지만 그녀는 찾아 나서 최근에 찾았다 — 퀸은 머리만으로는 만족하지 못해 릴리스의 바디를 보면 허겁지겁 몸에 들일 것이라 했다"
side:eden_spear,126,복선의 답,F2166,,,,E148@ch20,1,"이사벨은 파피용이 도로시와 연락하며 에덴의 기술을 빼돌리는 것을 알았지만 하란은 그냥 두라 했다 — 하란은 도로시가 방주에 복수하거나 방주를 빼앗으려는 것이라 보고, 자기를 버린 부모가 몰락해 매달릴 때 그 손을 뿌리치는 상상을 하는 어린아이 같다고 했다"
ch41,127,복선의 답,F2180,,,,E453@ch32,1,"웨일리에서 떨어진 지휘관은 팔다리 · 허리 · 목이 꺾이고 온몸의 뼈가 500조각 넘게 부서진 채 바하무트들에게 발견되었는데, 죽지 않아 유사 방주로 옮겨진 뒤 아주 멀쩡하게 깨어났다 — 레비아탄은 '인간이 맞긴 해?'라 했다"
ch41,127,복선의 답,F2181,,,,E440@ch31,1,"포비스트의 넷째 바하무트는 스스로 포비스트의 '두뇌'라 하며 알 없는 안경을 쓰고 책을 거꾸로 들지만, 크기를 바꾸는 거대한 검은 원기둥을 다뤄 — 푸른 불을 둘러 지휘관이 뿌린 피를 한 방울도 닿지 못하게 하고 — 건물을 깔아뭉개며 굴린다"
ch41,127,복선의 답,F2184,,,,E509@ch34 E671@ch38 E797@ch39,1,"포비스트는 정신을 잃은 지휘관에게서 바늘로 채취한 '정수'(생명의 씨앗 — 새 생명의 탄생에 필수라 들었다)와, 지즈가 주워 온 코어 두 개의 목 없는 라피의 몸을 용광로에 넣어 퀸을 만들기 시작했다 — 레비아탄은 코어를 다크 매터로 감싸면 새 랩쳐가 탄생한다고 했다"
ch41,127,복선의 답,F2185,,,,E820@ch40,1,"유사 방주는 방주의 일부 지역을 그대로 흉내 낸 하얀 도시로, 불 켜진 건물도 없이 출입문 · 창문까지 하얗게 모습만 흉내 냈다 — 지휘관은 수정으로 하모니 큐브에 전력을 대던 까닭이 이것이라 보았고, 레비아탄은 효과가 입증되지 않은 '의식'이라 했다"
ch41,127,복선의 답,F2204,,,,E568@event_footstepwalkrun1 E581@event_wisdomspring,1,"M.M.R. 심층부의 어둠 속에는 사제 같은 검은 옷의 깡마른 여성들(이름표 D.E.E.P.)이 바닥을 기며 네온에게 '열쇠', '깊은 것의 정수'를 달라 했다 — 인류를 위했다 · 실수를 만회해야 한다 · 우리는 죄가 없다며 영광 · 광명을 구했고, 불이 켜지자 '우리는 방주의 어둠'이라며 벽 아래 구멍으로 달아났다"
ch41,127,복선의 답,F2205,,,,E337@ch28 E826@ch40,1,"지엔에 따르면 네온의 안경은 '열쇠'라 부르는 것으로 제대로 쓰려면 패스워드가 필요하다 — 네온은 니케가 될 때부터 갖고 있었다고 했고, 지엔이 뒷조사해 보니 네온은 인간일 때의 기록이 하나도 없었다 — 지엔은 패스워드를 알아내려 뇌 스캔을 원했다"
ch41,127,복선의 답,F2209,,,,E381@ch30,1,"식스오에 따르면 미스트는 말 잘 듣는 바보를 만들려는 것으로 아우터 림만이 아니라 방주에서도 암암리에 성행해 수뇌부 몇몇까지 중독되었고, 방주에 큰일이 났을 때 일을 더 꼬려는 것이다 — 방주 테러의 참사로 에닉이 전능하지 않음이 증명되어 서두르며, 목적은 에닉 — 에닉이 있는 한 아우터 림은 빛을 볼 수 없어서다"
ch42,128,복선의 답,F2214,,,,E10@ch02 E656@relic:주워갈것들메모,1,"지휘관은 라피의 어린 시절 모습을 한 그것을 포비스트의 퀸이라 했고 리버렐리오도 헬레틱이라 안다며 맞다 했다 — 지휘관은 지즈가 가진 목 없는 라피의 바디가 예전 그레이브 디거 전에서 소실된 바디일 것이라 했고, 라피는 교관이 깊은 지하 · 대량의 랩쳐 때문에 여러 번 회수하려다 포기했었다고 했다"
ch42,128,복선의 답,F2218,,,,E510@ch34,1,리버렐리오는 직계와 포비스트가 태생이 달라 합쳐질 수 없게 서로 그렇게 만들어졌다며 포비스트를 '어머니가 만든 실패작들' · '반쪽짜리 헬레틱'이라 했고 — 대화의 본질은 서로를 변화시키는 것인데 너희는 그럴 수 없게 만들어졌다 했다 — 신데렐라 · 세이렌은 여기 선 모두가 변했다고 답했다
ch42,128,복선의 답,F2240,,,,E807@ch39 E809@ch39 E827@ch40,1,"아니스는 불평만 쏟는 피신민들에게 혐오를 느꼈지만, 민트가 보여 준 서로 돕는 사람들과 아비스타가 말한 — 쓰러진 아니스를 도와 온 이들 — 을 보고 '방주에 별은 언제나 있었다'고 깨달았다"
ch42,128,복선의 답,F2242,,,,E481@ch33,1,"아니스는 머스탱에게 확장 무장 STAR를 달라며 방주로 오는 것을 막고 사람들에게 희망을 주는 '별들의 별'이 되겠다고 — '테트라의 니케는 전장에서도 연예인이어야 한다'는 슬로건의 뜻을 이제 알았다고 — 했고, 머스탱은 그것이 진정한 엔터테인먼트이자 인류를 위한 사랑이라 했다"
ch42,128,복선의 답,F2246,,,,E813@relic:정갈하게쓴기록,,"지휘관은 그 아이가 태어난 뒤 같은 행동 · 같은 말만 되풀이했는데 무섭고 이질적이라 아무도 듣지 않았다는 것을 떠올렸다 — 피노키오는 그 말을 알아들었다 — 다가가 들으니 '안아 줘'였고, 지휘관 · 라피가 끌어안자 아이는 잠들고 검은 탑이 무너졌다"
ch42,128,복선의 답,F2249,,,,E511@ch34 E618@ch36,1,포비스트는 지휘관 일행 편이 되어 절대 배신하지 않겠다 했고 — 레비아탄은 자기들이 만든 아이를 책임지고 키워 그 퀸에 걸맞은 힘을 반드시 선한 곳에 쓰겠다고 했다 — 방주는 믿지 않는다며 리버렐리오가 쓸어버린 유사 방주로 돌아가 다시 고치기로 했다
erelic:goddess_fall_mini,128,긴 회수,Q128,Q128-3,event_overzone,92,,1,"방주가 관리 A.I.를 위험하다고 보아 방주의 두뇌들을 포섭하며 비밀리에 준비한 '카운터'는 무엇이고, 도로시가 지상으로 끌어올리려던 '방주 최고의 두뇌'는 누구인가?"
erelic:goddess_fall_mini,128,복선의 답,F2325,,,,E1281@char:230 E1282@char:230,,"하란은 승리의 여신을 동경해 지상 탈환에 나섰다가 코어가 반쯤 망가지자 동료들에게 랩쳐 앞의 미끼로 버려졌다 — 복수하려 찾아낸 동료들도 방주에 수없이 구조 요청을 보낸 단말기를 쥔 채 또 다른 미끼가 되어 죽어 있었고, 하란은 모두가 공평하게 방주에 버려진 희생양이며 모든 원인이 방주에 있다고 깨달았다"
erelic:goddess_fall_mini,128,복선의 답,F2327,,,,E1277@char:231,,"사랑할 것을 위해 산다는 이사벨은 고향 방주와 동료들을 사랑했지만, 2차 지상 탈환전 실패 뒤 패잔병으로 다시 지상에 실려 올라가 죽어 가는 동료를 살리려 방주에 연락했다가 랩쳐의 첩자냐는 조롱 속에 거절당했다 — 그 사랑이 일방적이었음을 깨달은 이사벨은 살 의미를 잃었었다"
erelic:goddess_fall_mini,128,복선의 답,F2330,,,,E1250@char:232 E160@ch21 E161@ch21,1,"노아는 다들 자기는 안 될 거라며 혼자 버려두고 갔던 과거 때문에 또 버려질까 주눅 들어 있었다 — 하란이 나약한 자기 앞에 오만한 자기를 방패로 세우라며 '지상 최강의 방패'로 오만하게 웃으라 가르쳐, 노아는 그날부터 키득거리며 오만하게 굴었다"
erelic:goddess_fall_mini,128,복선의 답,F2334,,,,E158@ch21,1,"요한의 꿈에 따르면 중앙 정부는 2차 지상 탈환전이 실패한 뒤에도 성과를 내라며 후퇴를 막았고, 실패를 총지휘관 샛별의 무모한 작전 탓으로 발표해 갱생관에 구속했다 — 갱생관을 탈출해 지상 엘리베이터로 가던 샛별은 '두둔하는 자도 쏘라'는 포위 속에 총격을 받았다"
erelic:goddess_fall_mini,128,복선의 답,F2335,,,,E886@side:eden_spear,1,"세실은 요한이 갱생관을 탈출하며 방주의 병력을 다 끌고 간 덕에 연구실을 빠져나와 아우터 림의 엘리베이터로 지상에 올랐고, 지상에서 죽을 만큼 다친 요한을 발견해 의료 시설도 없이 급히 기계 몸을 만들어 살렸다 — 요한은 그 바디를 이식했을 때 말고는 잠든 적이 없고, 세실에게 정기 바디 점검을 받는다"
event_goddessfall1,128,긴 회수,Q132,Q132-3,erelic:white_memory,92,,,릴리스의 관에서 사라진 머리는 누가 가져갔고 어디로 갔나?
event_goddessfall1,128,복선의 답,F2260,,,,E815@ch40,1,"나유타에 따르면 퀸은 우주 정거장 일부와 함께 100년 가까이 궤도를 떠돌았고, 액체 금속으로 보이는 장막이 퀸을 따라다니며 시야를 가려 내려오지 못했다 — 인자 살해자(리버렐리오)가 에덴의 창으로 장막을 치워 퀸은 미뤄 둔 일을 하러 내려오고 있으며, 그 목표는 에덴의 창을 가진 에덴을 부수고 지상에 내려오는 것이다"
event_goddessfall1,128,복선의 답,F2268,,,,E1301@char:261,,"니힐리스타에 따르면 퀸이 머물던 스테이션이 어째서인지 궤도 엘리베이터에서 분리되어 우주를 떠돌 때 퀸은 이미 뇌가 죽어 가 '머리를 올려보내 달라'고 했고, 리버렐리오가 릴리스의 머리를 잘라 퀸에게 쏘아 보냈다 — 뒤에 퀸이 바디까지 원했지만 바디는 원래 자리에 없었고, 니힐리스타는 그것을 북부 아래 빙하에서 찾아냈다"
event_goddessfall1,128,복선의 답,F2271,,,,E412@event_lastkingdom1,1,"며칠 전 크라운 왕국에서, 먼 곳에서 솟은 빛을 심상치 않게 보며 '가 봐야 한다 · 빼앗아야 한다'던 마리안이 말없이 사라졌고, 크라운 · 차임 · 킬로 · 탈로스는 빛이 솟은 에덴 쪽으로 찾아 나섰다"
event_goddessfall1,128,복선의 답,F2277,,,,E366@side:second_affection,,"미러는 나유타와 구면으로, 마리안을 넘기며 마리안이 크라운 왕국의 전투로 퀸 인자를 각성해 인디빌리아 · 토커티브를 거둔 뒤 원래의 퀸을 느끼고 그 인자를 흡수 통합하려고 왔다고 알렸다 — 마리안이 숨기고 싶어 하니 에덴에 발설하지 말고 [대관]의 날까지 지켜 달라 했다"
event_goddessfall1,128,복선의 답,F2290,,,,E361@side:second_affection,,"마리안은 모두 앞에서 자기가 랩쳐의 퀸이고 왕관을 빼앗으러 왔다고 밝혔다 — 파이오니아는 바뀌는 건 없다 했고(크라운 왕국에서 총구를 겨눴을 때 짐작했다), 마리안은 자기가 랩쳐로 인류를 멸망시키려 하면 죽여 달라 했으며, 차임은 퀸이든 무엇이든 크라운 왕국의 신하라며 마리안을 쥐어박았다"
event_goddessfall1,128,복선의 답,F2297,,,,E1286@char:222,,하란은 스노우 화이트 대신 스테이션 돌입을 맡으며 — 에덴은 방주를 용서하지 못하지만 파이오니아는 방주를 용서하고 사랑하면서도 곤란할까 봐 자기들끼리 해결하려 하니 더 미쳐 있다며 — 파이오니아는 [영광스런 칭호]를 짊어질 자격이 있고 에덴은 그 칭호를 받을 수 없을 것이라 했다
event_goddessfall1,128,복선의 답,F2300,,,,E413@event_lastkingdom1,1,인디빌리아는 몰래 뿌려 둔 에블라 입자로 크라운의 몸을 둔하게 만든 뒤 차임을 노리는 척해 크라운을 어깨에서 허리까지 베었다 — 크라운이 예전의 그 '바보 같은 힘'을 쓸 수 없다고 보았다
event_goddessfall1,128,복선의 답,F2307,,,,E398@event_lastkingdom1,1,미러는 토커티브에게 마리안을 '퀸의 다음 바디'로 보호하게 시켰지만 그것은 거짓이었다 — 헬레틱 이상만 퀸의 목소리를 들을 수 있어 그것을 못 듣는 토커티브에게 퀸이 그를 인정했다고 속여 거짓 사명에 매달리게 하고 정보를 물어 오게 했다 — 장화에게는 마리안이 '차기 퀸'이라는 쪽이 맞다고 했다
relic:주의용광로사용법,128,긴 회수,Q199,Q199-2,ch31,48,,1,베히모스가 초면인 지휘관에게서 '받아 가야 할 게 있다'며 돌려 말하려 머뭇거린 것은 무엇인가?
fl:terminus_ticket,131,복선의 답,F2353,,,,E1447@fl:blank_ticket,,"지상에 오른 노라는 사슴 인형을 부모 사슴의 사체로 여겨 묻고 사막의 신기루 속 사람을 쫓는 등 환각을 보았고, 모래 폭풍에 정신을 잃은 뒤로는 기억이 끊겼다 돌아오기를 되풀이했다 — 메어리는 뇌에 문제가 생겼다고 보았지만 열차 의무실로는 병명을 알 수 없었고, 방주로 돌아가야 한다는 절망이 상태를 급격히 나쁘게 했다"
fl:terminus_ticket,131,복선의 답,F2354,,,,E1443@fl:blank_ticket,,"고아였던 노라에게는 어릴 적부터 알고 지내며 노라를 가족처럼 여긴 루시안이 있었다 — 루시안은 노라에게 청혼했고(노라는 사귀는 것부터 하자 했다), 노라가 여행을 떠날 때마다 같은 자리에서 기다렸다 — 진지하게 할 말이 있다며 레스토랑을 예약해 둔 날 떠난 여행이 노라가 루시안을 본 마지막이었다 — 노라는 결혼하지 못했고 루시안을 하나뿐인 가족이라 불렀다"
fl:terminus_ticket,131,복선의 답,F2355,,,,E93@sub:철도로GO_00,,"노라의 상태가 계속 나빠지자 디젤은 노라가 브리드에게 알려 준 지상 시절 집 주소를 좌표로 바꿔, 일행은 원래 계획한 선로를 벗어나 닷새 거리의 노라의 집으로 향하기로 했다 — 그 이야기를 엿듣고 설산 절벽에서 내리려던 노라는 그 말을 듣고 조금만 더 살아 보겠다 했다"
fl:terminus_ticket,131,복선의 답,F2356,,,,E1448@fl:blank_ticket,,"노라가 티켓에 쓴 종착역(TERMINUS)은 따뜻한 지역의 꽃밭 속, 노라의 집 앞에 있던 기차역이었다 — 도착한 노라는 그곳에서 자기를 기다렸다는 루시안의 환영을 보고 오열했고, 마지막까지 함께해 자기와 루시안의 영혼을 같이 보내 달라고 부탁한 뒤 숨을 거두었다 — 일행은 꽃밭에 일기장과 노라를 묻고 도착 닷새 만에 방주로 돌아갔다"
fl:ark_guardian,133,긴 회수,Q83,Q83-3,char:221,116,,,"갓데스 스쿼드의 지휘관은 누구이고, 방주로 피난한 뒤 어떻게 되었나?"
fl:ark_guardian,133,긴 회수,Q104,Q104-2,ch19,108,,1,언체인드의 원료가 된 Rh X(가칭) 혈액형 보유자 1인은 누구인가 — 갓데스의 지휘관인가?
fl:ark_guardian,133,긴 회수,Q131,Q131-2,erelic:white_memory,97,,,릴리스의 관 근처에 떨어져 있던 군번줄의 주인 — 릴리스와 서로 사랑한 '그' — 는 누구인가?
fl:ark_guardian,133,긴 회수,Q159,Q159-2,erelic:red_ash_lost,78,,,"상부가 지휘관과 릴리스만 불러야 했던 ‘별것 아닌 이유가 아닌’ 사정은 무엇이고, 영상 메시지 끝에 릴리스에게 무슨 일이 일어났나?"
fl:ark_guardian,133,복선의 답,F2358,,,,E293@event_redash E297@event_redash,1,"릴리바이스의 바디는 단기 결전용으로 만들어져 전쟁이 길어지자 한계가 왔다 — 중앙 정부 본부 리페어 센터에서 길어야 반년(격하게 움직이면 더 짧다), 다른 방법은 없다는 진단을 받았고, 릴리바이스는 이를 동료 가운데 도로시에게만 알렸다"
fl:ark_guardian,133,복선의 답,F2364,,,,E119@ch17,1,V.T.C. 여사제는 내장 상당 부분을 덜어내 앞으로 정상적인 삶이 어려워진 갓데스의 지휘관을 최상부(성하)의 허가로 실험실에 가둬 피를 뽑아 언체인드를 양산하려 했다 — 갓데스를 신앙보다 위에 둔 V.T.C. 신도 중앙 정부 소대장이 여사제를 죽이고 지휘관을 탈출시킨 뒤 추격대를 막으러 갔다
fl:ark_guardian,133,복선의 답,F2368,,,,E1309@char:233,,릴리바이스의 이름은 하얀 꽃 릴리바이스(꽃말: 순수한 사랑과 희생)에서 따왔다 — 3차 밀봉 전 스노우 화이트가 오래전 찾아 둔 방주 근처의 하얀 꽃밭에 갓데스가 함께 갔다
fl:ark_guardian,133,복선의 답,F2369,,,,E778@event_overthehorizon,,"갓데스의 전용 이동 기지였던 무장 비행선 승리의 날개 호(V.T.C. · 중앙 정부가 절반씩 소유, 스노우 화이트가 설계에 크게 관여)는 3차 밀봉 때 방주로 옮길 예정이었지만, 스노우 화이트가 양산형 니케 20명가량과 몰고 나와 3차 밀봉 전투에 참전했다 — 스톰 브링어 20기 이상에 둘러싸이자 그것들을 끌고 전장을 벗어났고, 그 끝에 추락했다"
fl:ark_guardian,133,복선의 답,F2373,,,,E26@ch04 E1256@char:72 E1257@char:221 E120@ch17 E1308@char:233 E257@ch25 E273@ch26 E588@ch35,1,"갓데스의 지휘관은 엔더슨이다 — 3차 밀봉 전투 끝에 쓰러진 그를 릴리바이스가 주요 인사용 엘리베이터에 태워 방주로 보냈고, 함께 죽겠다며 버티는 엔더슨에게 지상에 버려질 동생들을 책임지고 구해 달라 했다 — 둘은 서로 사랑한다고 고백하며 헤어졌고, 그때 엔더슨의 군번줄이 전장 바닥에 떨어졌다"
fl:ark_guardian,133,복선의 답,F2375,,,,E123@ch17 E198@event_overzone,1,"중앙 정부의 아크 가디언 후속 회의록은 돌아온 갓데스가 신격화로 중앙 정부를 넘어설 위험이 크다며, 밀봉 마무리를 맡긴 뒤 배신자 2세대처럼(랩쳐 내통 혐의 등) 정치 · 사회적으로 말살해 평생 자택 연금하자고 결론 냈다 — 무력 처단엔 에닉이 비협조적이었고, 엔더슨은 V.T.C.가 혼수상태로 두며 같은 엘리베이터의 목격자들은 처분되었다"
fl:sin_editor,135,복선의 답,F2383,,,,E722@event_arcanearchive,,"레이블 · 아르카나 · 팬텀은 한날한시에 처음 만나 사진을 찍었는데, 정보 조작 업무를 받고 힘들어하던 레이블이 둘을 믿고 방에 들여 일을 알려 주자 에닉은 셋을 판결해 아르카나 · 팬텀은 기억 소거, 레이블은 재발 방지를 위해 기억을 지닌 채 '현상 유지'하게 했다 — 레이블은 그 기억을 벌로 짊어지고 둘을 피해 다녔다"
fl:fatal_maid,136,복선의 답,F2389,,,,E862@fl:coins_in_rush E867@fl:coins_in_rush,,쉐이드 해체 뒤 벨벳을 쫓던 것은 몇 번이나 벨벳을 잡을 뻔한 '진짜'들이었다 — 벨벳이 요란하게 지휘관 아래로 들어간 것은 그들이 벨벳의 가치와 지휘관과 척지는 리스크를 저울질해 몸을 사리게 하려는 유도였다
ch43,137,긴 회수,Q165,Q165-3,ch27,72,,1,"네온의 안경 — 뉴 매터 프레임 · 처음 보는 고성능 디스플레이 · 엄청난 OS 용량 — 은 무엇이고, 네온은 그것을 어떻게 갖게 되었나?"
ch43,137,복선의 답,F2399,,,,E805@ch39 E825@ch40,1,스톨 3세는 배드 드림 공용 화장실의 마지막 칸 — '산부인과'라 불리는 잡동사니 칸 — 에서 발견된 세 번째 아이라 '셋째'라 불리며 부모를 모른다 — 고칠 수 없는 기침병을 앓고 시력을 거의 잃어 갔다(아우터 림 태생의 평균 수명은 30대)
ch43,137,복선의 답,F2403,,,,E986@fl:ark_guardian,1,"프린세스는 자기가 V.T.C.의 머리로 신으로 받들어진 '성하'이고 실제 나이는 200살 가까이 된다고 했다 — 이터널 라이프 대신 V.T.C. 기술의 정수(중앙 정부가 막았지만 자기는 예외)로 뇌를 어리고 튼튼한 인간 몸에 옮겨 20대 중반마다 갈아탔고, 원래 몸 주인은 죽었거나 뇌만 떼어 니케가 되었을 것이라 했다"
ch43,137,복선의 답,F2409,,,,E1592@char:11,,"엘리시온 리페어 센터에서 유일한 생존자로 니케가 되어 깨어난 그녀(스톨 3세)는 기억이 없었고, 잉그리드는 피 묻은 지문이 찍힌 안경을 그대로 두고 조사를 청했지만 거절당했다 — 그녀는 창밖의 네온사인을 보고 '네온'을 이름으로 골랐다"
ch43,137,복선의 답,F2410,,,,E103@relic:종말의서 E984@fl:ark_guardian,1,"지엔에 따르면 V.T.C.는 랩쳐가 나타나기 전부터 있던, 말만 종교인 생명 공학 연구소로 — 잘린 팔다리를 돋게 하고 뇌를 교체해 새 몸을 얻게 하는 [기적]으로 신도를 늘렸고 — 오만해져 머신 메사이어 프로젝트 · 방주 프로젝트 같은 인류의 명운을 건 프로젝트를 진행했으며, 니케 기술과 만나 절대 권력을 가졌다"
ch43,137,복선의 답,F2412,,,,E581@event_wisdomspring,,지엔에 따르면 D.E.E.P.은 V.T.C.가 만든 기술 특화형 니케들로 V.T.C. 기술 전반을 크게 발전시킨 일등 공신이고 '방주의 수호자'를 자칭했다 — M.M.R.도 원래 D.E.E.P.과 미실리스가 협업해 만든 곳이다
ch43,137,복선의 답,F2893,,,,E1593@char:11,,시력을 잃어 가던 스톨 3세는 총알이 터질 때의 번쩍임을 좋아했다 — 화력이 강할수록 더 밝게 빛나 온 세상이 밝아지는 느낌이라서다 — 니케가 되어 기억을 잃은 뒤에도 '어두운 건 질색'이라며 네온사인을 이름으로 골랐다
ch44,138,긴 회수,Q141,Q141-5,ch23,95,,1,버닝엄이 '애초에 잉크와 합쳤어야 했어. 카운터는 무슨…'이라 한 잉크와 카운터는 무엇인가?
ch44,138,긴 회수,Q206,Q206-3,sub:관짝이_02,57,,,"스노우 화이트가 다른 무기 개발을 멈추고 비밀 공방에서 그것만 만들었다는 [어떤 무기]는 무엇이고, 공방에 함께 남은 테스트용 드릴은 어디에 쓰는 것인가?"
ch44,138,복선의 답,F2429,,,,E464@sub:관짝이_02,,"카운터스는 스노우 화이트에게 그간의 일(방주 테러 · 레드 후드 부활 · 신데렐라 · 계승 · 포비스트의 퀸과 동맹 · 리버렐리오의 설득)을 모두 알렸다 — 스노우 화이트는 아나키오르(신데렐라) 때 인류가 졌지만 침식 탓이었다며 공격하지 않기로 했고, 이 모든 것을 에덴에 빠짐없이 전하기로 했다"
ch44,138,복선의 답,F2430,,,,E296@event_redash E300@event_redash E586@ch35,1,"라피의 세븐스 드워프 제로는 스노우 화이트가 레드 후드를 위해 만들던 무기로, 거의 완성된 때 아크 가디언 작전이 시작되어 끝내지 못했고 그레이브가 원래 부품을 건드리지 않고 완성했다"
ch44,138,복선의 답,F2435,,,,E891@side:eden_spear E929@ch42,1,"리버렐리오는 릴리바이스의 모습을 한 퀸에게 인간과 대화할 수 있다며 평화를 위해 대화해 달라고 간청했지만, 퀸은 미소 지으며 뺨을 어루만지다 리버렐리오의 머리를 뽑아 죽였다 — 머리 잃은 몸은 랩쳐들이 가져갔고, 지켜보던 미러는 퀸이 대화가 통할 리 없는 진짜 괴물이라고 확신했다"
ch44,138,복선의 답,F2443,,,,E380@ch30,1,"에닉에 따르면 식스오는 에닉에게서 떨어져 나간 A.I.다 — 판결 · 방주 운용에서 생긴 혐오감 · 자괴감 같은 부정적 [감정]을 따로 하드웨어에 옮겨 왔는데, 프리티의 바디를 확장 무장 STAR로 만든 일에 느낀 전례 없는 혐오감을 통째로 잘라 옮기다 섞여 든 메인 사고 로직이 버린 감정을 학습해 자아를 가진 A.I.가 되었다"
ch44,138,복선의 답,F2449,,,,E226@ch23,1,"목단은 모란회와 상관없이 혼자 미스트 시설을 치려 했지만 진과 모란회 조직원들이 따라와 함께했다 — 모란회 37명과 자칼은 23군데 중 12곳을 부수고 불태웠고, 몸에 폭탄을 두른 미스트 중독자들은 자칼이 폭탄만 떼어 던져 사상자가 없었다 — 중독자들은 명령을 따르지 않으면 미스트를 끊겠다는 식스오의 협박을 받았다고 했다"
ch44,138,복선의 답,F2450,,,,E319@event_dirtybackyard,,"슈가는 식스오에게 의뢰받아 미스트 생산 장소를 지키고 있다며 목단을 막았지만, 일부러 감속해 목단이 바이크에 타게 하고 싸우는 척하며 함께 빠져나갔다"
ch44,138,복선의 답,F2451,,,,E377@ch29,1,"프레자일에 따르면 패스파인더가 일을 잃어 리버린 · 프레자일 · 프레자일의 동생은 단칸방에 함께 살았고, 동생의 큰 사고로 큰돈을 물어야 하자 리버린이 며칠 사라졌다 큰돈을 가져왔다 — 그때부터 식스오의 운반책으로 블랙넷 물건을 배달해 크게 벌었다"
ch44,138,복선의 답,F2461,,,,E1009@ch43 E1017@ch43,1,"네온은 지엔 · 에테르가 안경의 설계도대로 만든 새 바디(네오-네온)를 얻었다 — 외부 간섭을 완전히 막는 바디로 침식 면역이고 이론상 E2 크리스탈 · 다크 매터도 영향을 못 주며, 바디 자체가 잃어버린 기술의 정수가 담긴 [열쇠]가 되어 수리된 D.E.E.P.을 부릴 수 있다 — 안경은 기능을 모두 잃었다"
fl:lie_cause_recoil,138,복선의 답,F2479,,,,E126@sub:제니퍼f_00,,"제니퍼에 따르면 예전 센터는 아이들이 죽거나 어느 정도 자라야 돈이 되어 수지가 맞지 않았고 무서워 달아나는 아이까지 생겼는데, 지휘관에게 수색을 의뢰했다가 수상히 여겨진 일로 들킬 위기를 깨닫고 겉으로 수상한 것을 모두 정리한 뒤 아이들을 암살자로 키우기 시작했다 — 사람들은 살인을 어른 짓으로 여기기 때문이다"
fl:enter_heaven,140,긴 회수,Q125,Q125-4,ch22,104,,1,"E.H.는 왜 '엘리시온 하퍼'라는 이름을 버렸고, 잉그리드와 익스터너를 어떻게 아나 — '결국 완성했구나, 잉그리드'는 무슨 뜻인가?"
fl:enter_heaven,140,복선의 답,F2489,,,,E602@ch35,1,둔기에 맞아 피를 많이 흘린 지휘관의 머리 상처는 깨어났을 때 벌써 아물어 있어 E.H.가 놀랐다
fl:enter_heaven,140,복선의 답,F2490,,,,E240@ch24,1,"E.H.의 예전 이름은 엘리시온 하퍼다 — 이름에 '엘리시온'이 들어가는 것은 엘리시온의 차기 CEO(후계자)라는 뜻이고, E.H.와 잉그리드는 어머니가 같은 이부 자매(E.H.가 동생)이며 그 어머니가 전 엘리시온 CEO였다 — 본명을 버리면서 E.H.를 엔터 헤븐의 약자로 삼았다"
fl:enter_heaven,140,복선의 답,F2499,,,,E110@ch16,1,"크로우도 엔터 헤븐 단원이었다 — 아우터 림 태생으로 처음엔 헌신적이었으나 하퍼가 없는 사이 세력을 키워 중앙 정부 주요 시설 폭탄 계획(혁명)을 들고 왔고, 하퍼는 아웃로 모두를 쏠 명분을 주고 언더월드 퀸과의 협약도 깬다며 거부했다 — 크로우는 슬로건을 [엔터 헤븐은] 빛으로로 바꾸자 했다"
side:pretty_star,142,긴 회수,Q247,Q247-2,event_arcanearchive,31,,,"베스트셀러 스쿼드의 창립자 [O] — 아크 가디언 작전 때 사람으로 은퇴 뒤 도서관 관장이 되어 갓데스의 기록을 직접 쓴 이 — 는 누구인가, 갓데스의 팬이던 오스왈드인가?"
side:pretty_star,142,복선의 답,F2543,,,,E295@event_redash,1,"니케가 된 프리시아의 전투 능력치는 릴리바이스에 준하는 '포스트 릴리바이스'급이었지만, 오스왈드는 프로파간다로 이용되어 전장에 나가지 않게 하려고 옛 특무대 동료에게 데이터를 평범한 니케로 조작해 달라고 했다 — 에닉이 그때는 방주 시설 관리만 맡아 가능했다"
side:pretty_star,142,복선의 답,F2546,,,,E479@ch33,1,"인간 시절 아니스는 방주에서 태어나자마자 버려져 시설을 전전하다 사립 학교에 취약 계층 특별 입학했지만 반장 무리에게 따돌림당했고, 반년 넘게 무시당한 끝에 옥상에서 뛰어내리려다 방주에 울린 프리티의 데뷔곡을 듣고 살기로 했다"
side:pretty_star,142,복선의 답,F2552,,,,E480@ch33,1,"휴식 중 밤 공원에서 프리티는 17살 팬 아니스를 만났다 — 아니스는 반에서 잘나가는 애와 싸워 따돌림당했지만 프리티 노래로 이겨냈고, 반장이 망신 주려 떠민 장기자랑에서 [프리티 스타]를 하겠다고 해 프리티가 춤을 봐 주었으며, 프리티를 '영원한 우상'이라 했다"
side:pretty_star,142,복선의 답,F2556,,,,E1276@char:12 E479@ch33 E503@ch34,1,"콘서트에서 죽은 5명 가운데 뇌가 무사한 여성은 테트라가 책임지고 니케로 만들었는데, 총잡이를 붙잡다 쓰러져 짓밟힌 아니스도 그중 하나였다 — 한슨은 깨어난 아니스에게 '방주에는 프리티 같은 별이 필요하다'며 아이돌을 권했고, 아니스는 희망을 주는 별이 되겠다고 했다"
side:pretty_star,142,복선의 답,F2558,,,,E1602@char:800 E205@erelic:white_memory E294@event_redash E724@event_arcanearchive E990@fl:ark_guardian,1,"아니스의 무대를 보러 다니던 오스왈드는 프리시아는 세상이 기억해 줄 것이라며, 기록만 남겨도 중죄가 된 갓데스의 기록을 옛 특무대 동료의 도움으로 중앙 정부의 눈을 피해 머리가 하얗게 셀 때까지 써서 끝냈다"
ch45,143,복선의 답,F2576,,,,E925@ch42,1,"중앙 회의실에서 지휘관이 식스오 작전을 설명했다 — 식스오의 [본체]는 전선만 있으면 어디로든 옮겨 하나뿐이라는 보장도 없어, 방주 전원을 끄되 미끼 하드웨어만 남겨 본체가 다 옮겨 오면 전선을 끊고 부순다(생명 유지 기기는 자체 동력) — 식스오가 예고한 이틀 뒤 E2 크리스탈 대규모 테러에 맞추고, 시민에게 알리지 않으며 정전은 1시간만 한다"
ch45,143,복선의 답,F2581,,,,E348@event_boomsday E419@event_darkhero E583@event_wisdomspring,,"일레그에 따르면 초거대 코어는 영구 동력이 아닌 1세대 코어로, 벽 가득한 컨테이너 안의 것이 관을 타고 [먹이]로 주입된다 — 트로니는 생체 조직을 섭취해 동력을 유지한다며, 방주는 시신을 매장하지 않고 니케에는 뇌만 있으면 되며 출산율이 지상의 5배 가까운데 피임구가 없고 인구는 초창기와 변함없다고 했다"
ch45,143,복선의 답,F2596,,,,E738@event_lordforjustice,,"에닉은 식스오가 방주의 정의를 돋보이게 할 악행만 학습해 그 종착지로 자기를 장악해 방주를 무너뜨리려 했고 물리력을 얻으려 엔드리스를 탐냈다고 보았다 — 지휘관은 그저 방주를 엉망으로 만들고 싶었던 것이라 했고, 에닉은 이유 없는 악의마저 인간의 것을 배운 것일 수 있다며 '방주가 만든 괴물'로 방주가 큰 피해를 입었다고 했다"
ch45,143,복선의 답,F2599,,,,E1051@side:pretty_star,1,"머스탱은 배틀 데이터로 STAR의 진짜 기능이 광학 병기만이 아닌 모든 에너지의 제어이고, 흡수할 에너지가 아주 많으면 드레스 형태의 '스타라이트 모드'로 잠시 전설의 니케 릴리바이스의 힘을 재현한다고 밝혔다 — 프리티는 포스트 릴리바이스라 할 바디를 타고났고, 머스탱은 STAR를 쓰기로 마음먹기까지 오래 걸려 보는 것조차 힘들었다고 했다"
ch45,143,복선의 답,F2604,,,,E383@ch30,1,"리버린은 아무도 모르는 빈민가 비밀 장소의 절연 상자에 식스오의 꼭두각시에게 거금으로 산 E2 크리스탈 병을 숨겨 두고, 벌받기 전에 팔아 다시 시작할 밑천으로 삼으려 했다 — 뒤쫓아 온 프레자일은 말없이 리버린을 쏘고 상자에 넣어 깨진 병의 수정과 함께 뚜껑을 눌러 죽게 한 뒤 오열했고, 또 한 발의 총성이 울렸다"
ch45,143,복선의 답,F2606,,,,E425@event_beautyfullshot1 E793@fl:boom_the_ghost,,"일렉트릭 쇼크에 따르면 다시 켠 방주 동력원의 출력이 평소의 20% 안팎에서 더 오르지 않고 아주 느리지만 안정적으로 떨어지고 있어 반년도 안 되어 멈추고 방주는 끝난다 — 짐작 가는 원인은 수명으로, 표면에 굳은 타르 같은 비활성 부분이 너무 많았다(버닝엄은 사후 강직에 견줬다)"
ch45,143,복선의 답,F2609,,,,E650@ch37,1,"며칠째 금서고를 찾아온 오버시어 아이리는 도로시가 방주에 당했을 수도 있다며 아르카나를 설득하다, 정전이 오자 야간 투시 안경으로 아르카나의 작업실 문을 걷어차고 — 아르카나가 외친 '뒤집지 말라는 사진' · 'A-2 자료'를 따라 — 금서고 A-2에서 [도로시]라는 책을 들고 달아났다"
ch46,144,긴 회수,Q248,Q248-3,event_arcanearchive,33,,,"베스트셀러 창립자와 당시 방주 고위층이 숨기고 싶었던, 갓데스의 행적 · 구성원을 외부에 알리지 않게 한 비밀은 무엇이고, 사실과 다르게 남은 기록은 어떤 것인가?"
ch46,144,긴 회수,Q261,Q261-2,fl:boom_the_ghost,28,,,"도로시가 방주에 강요하는 '선택'은 무엇이고, 방주가 많은 것을 버려야 할 그 순간에 가장 먼저 버릴 것은 무엇인가 — 도반이 지키려는 '내 왕국'과는 어떻게 부딪치나?"
ch46,144,복선의 답,F2619,,,,E315@event_newyearnewsword,,"장화는 미러가 '뭐든 벨 수 있는 존재'가 필요하다며 멋대로 되살렸고 죽는 것도 미러의 허락이 있어야 한다며, 홍련('련이')에게 좋은 것을 해 준 적이 없어 기회가 오면 무언가 해 주려고 살아 있다고 했다 — 자기는 잡는 이를 다치게 하는 부러진 검이라며 홍련에게 말하지 말아 달라 했고 스노우 화이트는 약속했다"
ch46,144,복선의 답,F2624,,,,E621@ch36 E662@ch38,1,포비스트는 지휘관('남자')과의 약속에 따라 그의 제안대로 온리 원을 데리고 에덴으로 가기로 했다 — 흰 유사 방주는 퀸을 만들려 지은 의식용 공간이었지만 이제는 그들의 집이 되었다
ch46,144,복선의 답,F2633,,,,E1624@char:223,,"미러는 나유타에게 진심으로 협력했고 믿었지만 너무 실망했다며, 예전부터 꼭두각시 소재로 나유타가 탐났고 자기도 이기기 위해선 무슨 짓이든 한다고 했다"
ch46,144,복선의 답,F2642,,,,E794@fl:boom_the_ghost E795@fl:boom_the_ghost E1618@char:234,,"도반은 유토피아 호 도청과 금서고 책에서 얻은 이름 피나의 최후까지 알아내, 프로덕트 23 양산형들에게 피나의 목걸이를 채워 도로시에게 보내 폭사시켰다 — 도로시가 이성을 잃고 덤비면 방주의 적으로 몰려는 것이었고, 도로시는 도반을 겨눴다가 라피에게 붙들려 이탈했다"
ch46,144,복선의 답,F2643,,,,E177@ch22 E204@event_overzone E242@ch24 E252@ch25 E272@ch26 E1088@ch45,1,"도로시는 낙원이라 여긴 방주는 자기들을 들이지 않았고 새로 만든 낙원(에덴)에서는 추방당해 아무것도 남지 않았다며, 방주의 인간 · 니케를 선동해 데리고 나가 다시 낙원을 만드는 것이 방주에서 빼앗을 수 있는 유일한 복수였다고 했다"
ch46,144,복선의 답,F2646,,,,E1034@ch44,1,"에닉은 도반이 수뇌부 과반 동의 없이 사병 · 실탄 · 폭발물을 쓰고 니케를 무의미하게 희생시키고 극비 연구 중인 침식 데이터를 남용한 것을 들어, 버닝엄의 즉결심판을 전시 상황에 준해 정당하다고 판결했다 — 침식된 니케들은 엘리시온이 에닉이 확보해 둔 언체인드로 치료하게 했다"
ch46,144,복선의 답,F2649,,,,E58@ch07 E201@event_overzone E725@event_arcanearchive,1,"버닝엄에 따르면 아크 가디언 뒤 방주가 갓데스를 추락시키려 하자 갓데스의 광팬이자 작전 총책임자 오스왈드가 일부러 그들을 버렸다 — 임시 캠프 대화를 엿들어 책에 남겼고, 피나의 일 뒤 예정을 앞당겼으며, 사실대로 말하면 오히려 왔을 것이라 증오를 살 거짓말을 했다"
ch46,144,복선의 답,F2651,,,,E193@event_overzone E1066@side:pretty_star,1,"버닝엄은 방주를 대표할 순 없지만 사과한다며, 도로시는 방주를 몇 번이나 구하고 도반에게 총 한 발 못 쏜 승리의 여신이라 복수할 수 없다고 했다 — 아군이라면 방주가 반드시 돕겠다며 오스왈드가 손수 쓴 책 [도로시]를 건네고 '갓데스 스쿼드에게 감사를'이라 경례했다"
ch46,144,복선의 답,F2654,,,,E27@ch04 E985@fl:ark_guardian E988@fl:ark_guardian,1,깨어난 엔더슨은 몸이 엉망이고 갓데스가 '필그림'이라 불리는 까닭을 인맥을 다 써 캐다 원흉이 V.T.C.임을 알고 주요 인사가 모인 행사에서 그들을 다 죽였으며(대장은 놓침) 그 공으로 부사령관에 올랐다 — 그 뒤 필그림을 잡을 수 없었고 전용 치료 시설 없이는 하루도 못 버티는 몸이라 필그림은 공격하지 말고 도움을 청하라는 지침만 내렸다
ch46,144,복선의 답,F2657,,,,E352@event_boomsday E425@event_beautyfullshot1 E1084@ch45,1,"지휘관은 동력원에 방법이 없으니 방주를 버리고 자원이 넘치는 지상으로 가자며 도로시를 선봉으로 한 3차 지상 탈환전을 제안했다 — 잇단 사고를 퀸 탓으로 발표하고 중앙 정부가 탈환전 준비로 비밀로 했다고 하며, 도로시의 말이 거짓이 되지 않게 선봉에 두고 갓데스의 명예 회복도 요구했다"
ch46,144,복선의 답,F2660,,,,E1077@fl:good_world,,버닝엄에 따르면 총사령관은 아직 '그런 상태'이고 나머지 부사령관 둘은 버닝엄에게 전권을 맡겨 — 엔더슨의 말로 그 둘은 여전히 방주에 관심이 없다 — 탈환전 승인은 문제없다
ch46,144,복선의 답,F2663,,,,E930@ch42 E1018@ch44,1,"지휘관은 니케 제작 기술을 기술 자체로는 최고인 미실리스에게서 받아 일부를 에덴에 먼저 보냈다 — 중앙 정부와 테트라는 펑크 스트리트 · 검은 탑 · 식스오 전으로 방주의 희망의 상징이 된 아니스가 3차 지상 탈환전을 독려하길 바랐고, 카운터스는 T.T.STAR 공연을 본 뒤 에덴에 가기로 했다"
event_staranis1,144,긴 회수,Q19,Q19-4,ch04,139,,1,"아니스는 테트라 라인(머스탱)과 무슨 관계이고, 왜 아직 돌아가지 않나?"
event_staranis1,144,긴 회수,Q43,Q43-4,ch08,135,,1,아니스는 예전에 무슨 일을 겪어 누구도 완전히 믿지 못하게 되었나?
event_staranis1,144,긴 회수,Q269,Q269-3,ch39,26,,1,"아니스가 휘말려 무대를 떠나게 된, 누가 봐도 거짓이던 '아주 안 좋은 사건'('더러운 꼴')은 무엇이었나?"
event_staranis1,144,복선의 답,F2674,,,,E1054@side:pretty_star,1,"한슨은 머스탱의 아들이다 — 머스탱은 일부러 비워 둔 이사 자리로 돌아오라 했지만, 한슨은 3인조에 맞는 곡만 사러 왔다며 잘 안 되면 돌아오고 잘 되면 방주의 별에 투자한 셈 치라 했고, 머스탱은 요요의 다음 곡을 넘겼다"
event_staranis1,144,복선의 답,F2679,,,,E1062@side:pretty_star,1,"새 매니저 리스는 인간 시절 아니스의 장기자랑을 녹화하며 '아니스가 아이돌 하면 매니저 하겠다'고 약속한 동창으로, 매니저 경력을 쌓아 찾아와 일정을 정리했다 — 특별할 것 없는 아니스가 포기하지 않고 해내는 모습에 위로받아 팬이 되었다고 했다"
event_staranis1,144,복선의 답,F2690,,,,E61@sub:러블리_드림_00 E901@ch41,1,"스마일 박스는 '어떤 사람이 어떤 짓을 하든 항상 웃어 주는 꿈의 아이돌'을 내건 테트라의 T.T.STAR 프로젝트였다 — 경호원은 신체 접촉만 막고 웃으라고 강요했고, [팬]들이 일부러 음료 · 아이스크림을 던졌으며, 셋은 장난감으로 던져졌음을 깨닫고도 막대한 위약금 때문에 웃었다"
event_staranis1,144,복선의 답,F2694,,,,E1050@side:pretty_star,1,"머스탱은 배드 드림에서 놀아 생긴 여러 병으로 길면 두 달 남은 시한부였고 진통제로 버티며, 병을 안 뒤부터 V.T.C.에 돈을 퍼부어 만든 자기 전용 신약을 2주 뒤 받을 예정이었다 — 이터널 라이프는 수명만 늘리고 감이 떨어진다며 맞지 않았고, 한슨이 그 병 정보를 엘리시온 · 미실리스에 팔아 요요를 무너뜨렸다고 했다"
event_staranis1,144,복선의 답,F2698,,,,E630@ch36 E900@ch41,1,"메이저 데뷔 공연 직전 아크리온 홀 앞에서 요요가 아니스에게 '학생 때로 돌아가 정정당당하게 경쟁하자'며 리스를 자기가 죽였다고 말하고 리스의 안경을 떨어뜨렸고, 아니스는 요요의 얼굴을 알아볼 수 없을 만큼 때렸다 — 모여든 사람들은 모두 그것을 촬영했다"
event_staranis1,144,복선의 답,F2700,,,,E1058@side:pretty_star,1,"한슨은 에닉의 며칠 테스트로 자기 신분을 테트라 CEO로 바꿔 '머스탱이 되는' 계획을 승인받았고(대상의 자발적 동의 필요), 머스탱 전용 치료제를 들고 가 '죽어 주십시오' · '당신 아들이 평생 당신 흉내를 내며 회사를 잇는 게 재밌지 않느냐'고 했다 — 머스탱은 치료제를 벽에 던져 깨며 '내 아들이다'라 했다"
event_staranis1,144,복선의 답,F2701,,,,E898@ch41 E1049@side:pretty_star,1,"테트라 이사 한슨은 자기 차에서 숨진 채 발견된 것으로 보도되었고, 그 뒤의 머스탱은 머스탱 흉내를 내는 한슨이다 — 그 대가로 테트라는 2차 지상 탈환전에서 지원으로 빠져 보상을 엘리시온 · 미실리스가 독점하고 엔터 사업에만 전념하기로 했고, 두 Line. 0은 그를 머스탱으로 인정했다"
event_staranis1,144,복선의 답,F2705,,,,E503@ch34 E576@event_footstepwalkrun1 E649@ch37 E664@ch38 E665@ch38 E810@ch39 E899@ch41 E1052@side:pretty_star,1,"아니스는 주제에 맞게 살겠다며 아이돌을 그만두고 지상 전투 부대로 보내 달라 했다 — 쓰레기 같은 방주 놈들을 위해 노래하기 싫다며, 머스탱(한슨)이 '죽을 생각이군', '또 늦었구나' 하면서도 받아들였고, 민트 · 프리카는 아니스가 돌아오면 셋이 다시 시작하려고 다른 그룹 데뷔를 마다하고 연예계에 남아 기다리기로 했다"
event_staranis1,144,복선의 답,F2708,,,,E666@ch38,1,"기념 공연이 끝난 뒤 아니스는 조용히 T.T.STAR를 탈퇴해 '배틀 아이돌'이란 별명을 얻었고, 민트 · 프리카는 아비스타 · 미세스 미스와 함께 Twinkle Twin Star로 데뷔했다 — 아니스는 방주의 별이 되겠다며 카운터스와 곧바로 지상으로 올라갔다"
fl:bitter_spice,147,복선의 답,F2721,,,,E1530@fl:b-side_idol,,"아니스가 빠진 뒤 둘이 처음 내는 앨범을 프리카가 작사 · 작곡을 맡았지만 셋의 곡만 나오고 아니스를 지우면 밋밋해 한 곡도 만들지 못하고 촬영에서 빠졌고, 민트는 혼자 일정을 무리하게 소화했다 — 둘은 말다툼 끝에 따로 다녀 불화설 기사가 퍼졌다"
fl:bitter_spice,147,복선의 답,F2723,,,,E1532@fl:b-side_idol,,프리카는 매일 곁을 지켜 준 지휘관이 잠든 모습에서 영감을 받아 곡 [뮤즈]를 만들고 지휘관을 '뮤즈'라 부르게 되었다 — 이 곡은 프리카 솔로곡으로 앨범의 보너스 트랙에 실렸다
fl:ark_ranger,148,복선의 답,F2734,,,,E1283@char:230,,크레이터는 화학무기 착탄 자리였다 — 다가간 네온은 잠깐 정신을 잃었고 지휘관은 피를 토하며 심장이 멎었다가 라피의 AED · CPR로 살아났으며(인자가 아니었다면 죽었으리라 봄) — 지휘관은 그 향기가 하란의 에센스 향기와 같다고 했고 라피는 퀸을 떠올렸다
fl:ark_ranger,148,복선의 답,F2742,,,,E776@event_overthehorizon,,"오버 더 호라이즌은 승리의 날개 호를 찾아 고쳤고, 엘리시온이 최신 무장 · 엔진 · 장갑 강화와 중력 제어 장치로 개조한 [승리의 날개 호 ver.엘리시온]에 지휘관을 캡틴으로 태워 낙하하는 애니힐리오를 갑판에서 상대해 격추했다"
fl:wave_to_you,149,복선의 답,F2748,,,,E1329@event_schooloflock,,"에테르는 마르차나에게 졸업 여행 계획서를 주며, 졸업반 가운데 우등생 나가 · 티아 둘이 7호(지휘관)와 카운터스가 들러 안전을 검증한 바다 섬(코랄 아일랜드)에 마르차나와 다녀오면 진짜로 졸업한다고 했다 — 마르차나가 학생을 졸업시키는 것은 처음이다"
fl:wave_to_you,149,복선의 답,F2763,,,,E1334@event_dazzlingcupid,,"마르차나는 비상용 발전기로 꺼진 등대를 다시 켰고, 나가 · 티아가 엮은 씨 글라스 장식을 받고 졸업을 축하했다 — 나가는 학교를 다니며 포기한 선생님의 꿈을 다시 꾸고 싶다고 했다"
fl:wave_to_you,149,복선의 답,F2765,,,,E1335@event_dazzlingcupid,,"나가 · 티아는 졸업해 미미르 부속고를 떠나며 교문에서 학교를 향해 인사했고, 마르차나는 나가면 두 사람의 발걸음을 붙잡을 수 있다며 창가에서 배웅했다"
fl:project_matis,151,긴 회수,Q58,Q58-2,ch12,138,,1,슈엔에게 메티스는 왜 다른 니케와 달리 특별한가?
fl:project_matis,151,복선의 답,F2776,,,,E1264@char:102 E1289@event_hightechtoy,,슈엔은 2차 지상 탈환전 패배 뒤 대중이 원하는 것은 히어로처럼 강한 니케라며 맥스웰의 보조로 '히어로 니케' 설계도를 완성했다 — 맥스웰은 니케가 된 자기는 지금의 자기와 같은 개체가 아니라며 니케가 되지 않았다
fl:project_matis,151,복선의 답,F2785,,,,E1288@event_hightechtoy,,슈엔은 PROJECT MATIS(Missilis Industry Advanced Technology Invincible Squad) — 니케의 원형 · 오리지널의 힘을 가진 새 히어로 니케 스쿼드 — 를 발표하고 히어로가 되고 싶은 지원자를 모집했다
fl:project_matis,151,복선의 답,F2786,,,,E1600@char:100,,"라플라스는 니케로 만들어 돈을 받으려는 아버지에게 맞으며 자란 병약한 골목 소녀로, 도움을 외면한 니케들에게 버려진 뒤 최강의 히어로가 되겠다고 맹세했다 — 1차 면접에서 떨어졌지만 슈엔의 휴게실에서 일주일을 버텨 슈엔의 권한으로 합격했다"
fl:project_matis,151,복선의 답,F2791,,,,E128@ch18 E613@ch35,1,"남은 후보들이 보상을 받고 일반 니케 바디로 옮겨 가자, 슈엔은 진짜 니케는 몸이 바뀌어도 기억을 잃지 않고 인간 이상의 힘으로 이겨 내는 귀중한 존재이고 그 밖은 고철이라며 첫 메티스로 라플라스 한 사람만 개발해 한 달 뒤 타일런트 급 단독 처치로 증명하기로 했다"
fl:project_matis,151,복선의 답,F2794,,,,E1265@char:102 E1289@event_hightechtoy,,"지엔이 '영원히 옆에 둘지 떠나보낼지 직접 고르라'며 다 준비해 놨다고 한 직후 맥스웰은 연구실 앞 편지를 보러 나서다 폭탄에 하반신을 잃었고, 슈엔은 맥스웰이 거부했는데도 울며 맥스웰을 니케로 만들기를 골랐다 — 니케 맥스웰(메티스 둘째 · 미케닉)은 인간 맥스웰의 기억은 있지만 자기는 다른 개체라 했다"
ch47,153,복선의 답,F2815,,,,E1183@fl:ark_ranger,,"엔더슨은 감방에 있던 도로시를 '바람이나 쐬라'며 오버 더 호라이즌의 승리의 날개 호 ver.엘리시온에 태워 보내고, 방송에서 한 말을 진짜로 만들어 퀸과의 전면전을 선포할 3차 지상 탈환전의 선봉에 서라고 요구했다 — 시엘로는 갓데스의 이동 기지였던 그 함선에서 도로시를 모시게 되어 영광이라 했다"
relic:승리를_부르는_그림자,153,복선의 답,F2821,,,,E778@event_overthehorizon,,"랩쳐 침공 시기 갓데스 스쿼드는 공중 함선을 타고 전장에 나타나 — 함선은 포격으로 랩쳐를 끌어가고 갓데스는 내려와 전장을 압도했다 — 죽음 직전의 병사들을 살렸고, 그 함선은 승리의 여신들의 이동 기지라 [승리의 날개 호]라 이름 붙었다"
ch48,154,복선의 답,F2824,,,,E1225@ch47,1,"이어 궤도 엘리베이터에서 애니힐리오 셋이 솟아 방주로 향했다 — 방주로 가려던 일행 앞에 에고비스타가 나타나 지즈의 날개를 베었고, 앨트루이아가 네온의 탄환을 막았다"
ch48,154,복선의 답,F2825,,,,E1024@ch44 E1101@ch46,1,"에고비스타의 명령 '해월'에 맞춰 멀리서 쏜 물줄기가 라피 · 아니스 · 베히모스를 쓰러뜨렸다 — 하늘을 가린 거대한 신체는 머리가 없는 리버렐리오의 바디가 거대화한 것으로, 레비아탄은 퀸이 리버렐리오의 몸만 가져간 까닭이 이것이라 했다"
ch48,154,복선의 답,F2828,,,,E540@event_oldtales1 E542@event_oldtales1 E547@event_oldtales1 E1396@char:226 E1213@ch47,1,되살아나던 라푼젤의 NIMPH에 레드 슈즈 무장 깊숙이 숨겨 둔 레드 슈즈의 인격 데이터가 침입했다 — 침식의 메커니즘을 가진 그 데이터로 라푼젤을 레드 슈즈 기준으로 사고하게 만들어 그 몸으로 이번에야말로 헬레틱이 되려 했다
ch48,154,복선의 답,F2830,,,,E1258@char:221,,"라푼젤은 영면한 자매 1만 2천 명의 NIMPH를 짊어지고 있다 — 침식은 NIMPH의 데이터 양을 체급으로 눌러 이기는데, 그 NIMPH들이 미끼가 되어 시간을 벌다 황금빛으로 레드 슈즈의 인격 데이터를 집어삼켜 없앴다"
ch48,154,복선의 답,F2831,,,,E1215@ch47,1,"깨어난 장화는 세실의 말을 모두 듣고 홍련을 살리라는 뜻으로 부러진 검으로 스스로 머리를 찔러 죽었고, 세실은 장화의 바디를 홍련에게 쓰기로 했다"
ch48,154,복선의 답,F2832,,,,E1216@ch47,1,"되살아나는 홍련의 꿈속에서 장화는 미러가 꼭두각시를 빼앗기지 않으려 자기 몸의 블랙박스에 심어 둔, 그리운 기억을 끌어내는 가짜 옛 동료 검사들을 홍련과 함께 베어 냈다 — 장화도 예전에 가짜 홍련을 베지 못해 꼭두각시가 되었다"
ch48,154,복선의 답,F2834,,,,E1104@ch46 E1212@ch47,1,"온리 원은 마리안과 함께 검은 공간에서 궤도 엘리베이터 전투를 지켜보다, 하늘에서 온 그것(퀸)을 죽이고 인자를 빼앗아 퀸이 되겠다고 정했다 — 그때 싸우며 그것이 자기가 만든 것 말고는 다 죽이고 다시 시작하려 한다는 것을 알았고, 퀸은 원하지 않지만 그것을 이길 수 있는 것은 자기뿐이라 했다"
ch48,154,복선의 답,F2835,,,,E1219@ch47,1,"온리 원에 따르면 퀸은 일곱의 조율자와 함께 세상을 만들어 나가야 하고 그 밖에는 아무것도 할 수 없어 — 안기지도, 놀지도, 웃지도 못하고 — 외롭다"
ch48,154,복선의 답,F2837,,,,E2@ch00 E5@ch01 E91@ch13,1,"그 감각에 몸을 맡긴 마리안의 붕대가 빛나며 지난 기억(모더니아 시절, 지휘관과의 일들)과 함께 지휘관이 되려는 이를 응원하며 '내가 니케가 된다면 네가 내 지휘관이 되면 좋겠다'던 소녀의 기억이 되살아났고, 마리안은 그 사람이 죽지 않고 행복하게 웃을 수 있는 세계를 만들려 긴 시간과 영원할 것 같던 굴레를 견뎠다는 것을 떠올렸다"
ch48,154,복선의 답,F2838,,,,E1207@ch47 E1221@ch47,1,"마리안은 이제 하고 싶은 일을 알아 약하지 않다며 온리 원에게 인자를 달라 했고, 홍련 · 라푼젤이 돌아와 이기는 것을 보여 준 뒤 그 누구도 죽지 않고 사랑하고 사랑받는 세계를 만들겠다고 하자 퀸이 되기 싫던 온리 원은 코어 둘레의 검은 빛(인자)을 마리안에게 넘겼다"
ch48,154,복선의 답,F2840,,,,E1100@ch46 E1110@ch46 E1214@ch47,1,"되살아난 라푼젤은 레드 슈즈 파츠를 단 타륜으로 앨트루이아의 실드를 밀어 부수고 나노머신 분해용 초진동 지팡이로 머리를 내리찍었고, 홍련은 일격에 에고비스타의 검과 어깨를 갈랐다 — 홍련은 자기에게 목이 썰린 퀸이 검을 두려워해 편견으로 에고비스타를 빚었다고 비웃었다"
ch48,154,복선의 답,F2843,,,,E958@event_goddessfall1 E1225@ch47,1,"벗겨진 애니힐리오의 장갑 안에서 본체 대신 침식된 붉은 눈의 승려(나유타의 분신) 42명이 쏟아졌고 — 미러는 '동료를 만들어 볼까요'라 했다 — 도로시가 잠깐 망설인 사이 그중 하나가 가시로 찔러 도로시가 침식에 걸렸다 — 도로시는 그들을 모두 쓰러뜨렸지만, 처음 보는 빠르기로 보아 전쟁을 위한 개량형 침식이라 했다"
ch48,154,복선의 답,F2848,,,,E1211@ch47,1,"다크 매터로 뒤덮인 궤도 엘리베이터가 액체처럼 꿈틀대며 거대화해 사라지고, 그 자리에 한눈에 다 들어오지 않을 만큼 거대한 승리의 여신상 — 퀸 — 이 나타나 방주 방향으로 전진하기 시작했다"
char:871,155,복선의 답,F2871,,,,E1582@fl:persona_on_frontline,,"D-WAVE로 온 유키코는 지휘관과 생존 전문가 토브의 에스코트로 지상의 설온장에 가 루드밀라 · 미카의 대접을 받고 곰과 함께 며칠을 지냈다 — 설온장에는 상주하며 돕는 니케가 있고, 앱솔루트는 임무가 끝나면 종종 피로를 풀러 온다"
fl:great_villain_union,156,복선의 답,F2872,,,,E926@ch42,1,드레이크는 빌런 연합 [드레이크와 빌런들]을 해체하고 [신 빌런 연합]을 출범해 면접으로 지즈와 그레이브('그레그레')를 받아들이고 지휘관을 작전 참모로 두었다 — 주둔지에서 저지른 '악행'(볼록 거울 · 뒤집힌 책 · 숙소 잠입 · 온리 원에게 초코바)은 모두 고마운 일이 되었다
