person,chapter,lines,line_share,scenes,scene_share,threads,changes,hit
person:#000000,ch41,104,0.065,2,0.125,,,
person:D,ch14,7,0.009,1,0.053,,,
person:D,ch20,0,0.000,1,0.067,,,
person:D.E.E.P.,ch27,0,0.000,0,0.000,J18,,
person:D.E.E.P.,event_footstepwalkrun1,74,0.033,1,0.036,J18,,1
person:D.E.E.P.,ch39,0,0.000,1,0.053,J18,,1
person:D.E.E.P.,ch40,0,0.000,1,0.053,J18,,1
person:D.E.E.P.,ch41,21,0.013,3,0.188,J18,,1
person:D.E.E.P.,ch43,0,0.000,1,0.067,J18,,1
person:D.E.E.P.,ch44,0,0.000,1,0.053,J18,,1
person:D.E.E.P.,ch45,0,0.000,0,0.000,J18,,
person:E.H.,ch22,87,0.084,6,0.353,,D232 D233 D234,1
person:E.H.,ch23,0,0.000,3,0.130,,,
person:E.H.,ch24,38,0.023,5,0.227,,D288 D294,1
person:E.H.,ch39,115,0.068,4,0.211,,D767 D768,1
person:E.H.,ch40,97,0.058,4,0.211,,,
person:E.H.,ch41,50,0.031,3,0.188,,D863,1
person:E.H.,ch42,63,0.030,5,0.294,,D897,1
person:E.H.,ch43,13,0.010,1,0.067,,,
person:E.H.,ch44,62,0.026,4,0.211,,D1068,1
person:E.H.,ch45,32,0.023,1,0.091,,D1142,1
person:E.H.,ch47,0,0.000,1,0.143,,,
person:ELYSION_Line._0,event_staranis1,49,0.014,3,0.107,,,
person:JohnD,ch16,0,0.000,3,0.158,,,
person:JohnD,ch17,0,0.000,1,0.053,,,
person:JohnD,ch18,0,0.000,1,0.050,,,
person:JohnD,ch22,0,0.000,1,0.059,,,
person:K,ch14,25,0.031,1,0.053,,,
person:MISSILIS_Line._0,event_staranis1,36,0.010,3,0.107,,,
person:N102,ch23,0,0.000,1,0.043,,,
person:T.A.L.O.S.,event_lastkingdom1,199,0.073,23,0.590,,D468,1
person:T.A.L.O.S.,event_goddessfall1,39,0.012,8,0.286,,D922,1
person:곰,ch22,0,0.000,1,0.059,,,
person:그레그레,ch35,0,0.000,3,0.158,,,
person:그레그레,ch36,0,0.000,1,0.077,,,
person:그레그레,ch37,0,0.000,1,0.091,,,
person:그레그레,ch41,0,0.000,2,0.125,,,
person:그레그레,ch42,0,0.000,1,0.059,,,
person:그레이브,ch28,24,0.019,4,0.222,J12,,1
person:그레이브,ch29,48,0.038,7,0.350,J12,D428 D429,1
person:그레이브,ch30,147,0.124,9,0.500,J12,D437 D438 D439 D440,1
person:그레이브,ch31,55,0.056,10,0.769,J12,D499,1
person:그레이브,ch32,263,0.214,14,0.933,J12,D500 D501 D512,1
person:그레이브,ch33,76,0.066,8,0.615,J12,D534 D537,1
person:그레이브,ch34,148,0.092,11,0.733,J12,D551 D552,1
person:그레이브,event_oldtales1,936,0.328,25,0.893,J12,D580,1
person:그레이브,ch35,114,0.069,12,0.632,J12,D606,1
person:그레이브,ch36,54,0.051,5,0.385,J12,,1
person:그레이브,side:mudfish,32,0.024,6,0.375,J12,D643,1
person:그레이브,ch37,0,0.000,1,0.091,,,
person:그레이브,side:eden_spear,0,0.000,0,0.000,J12,,
person:그레이브,ch41,4,0.002,1,0.063,,,
person:그레이브,ch42,33,0.016,9,0.529,J12,,1
person:그레이브,event_goddessfall1,0,0.000,0,0.000,J12,,
person:그레이브,fl:ark_guardian,0,0.000,1,0.036,,,
person:그레이브,ch44,0,0.000,1,0.053,,,
person:그레이브,ch46,0,0.000,1,0.048,,,
person:그레텔,ch28,0,0.000,0,0.000,J12,,
person:그레텔,ch29,0,0.000,0,0.000,J12,,
person:그레텔,ch30,0,0.000,0,0.000,J12,,
person:그레텔,ch31,0,0.000,0,0.000,J12,,
person:그레텔,ch32,0,0.000,0,0.000,J12,,
person:그레텔,ch33,0,0.000,0,0.000,J12,,
person:그레텔,ch34,0,0.000,0,0.000,J12,,
person:그레텔,event_oldtales1,12,0.004,17,0.607,J12,,1
person:그레텔,ch35,0,0.000,0,0.000,J12,,
person:그레텔,ch36,0,0.000,1,0.077,J12,,1
person:그레텔,side:mudfish,0,0.000,2,0.125,J12,,1
person:그레텔,side:eden_spear,0,0.000,0,0.000,J12,,
person:그레텔,ch42,0,0.000,2,0.118,J12,,1
person:그레텔,event_goddessfall1,0,0.000,0,0.000,J12,,
person:글러트니,event_oldtales1,0,0.000,3,0.107,,,
person:글러트니,side:mudfish,0,0.000,4,0.250,,,
person:글러트니,ch38,0,0.000,4,0.308,,,
person:글러트니,ch39,0,0.000,3,0.158,,,
person:글러트니,ch41,0,0.000,1,0.063,,,
person:글러트니,ch42,0,0.000,6,0.353,,,
person:길로틴,ch12,13,0.020,1,0.071,,,
person:길로틴,ch23,51,0.037,3,0.130,,D275,1
person:길로틴,ch45,0,0.000,1,0.091,,,
person:나유타,event_lastkingdom1,0,0.000,2,0.051,,,
person:나유타,ch39,174,0.103,6,0.316,,D762 D763 D764,1
person:나유타,ch40,158,0.094,8,0.421,,D794,1
person:나유타,side:eden_spear,241,0.177,10,0.769,,,1
person:나유타,ch41,0,0.000,2,0.125,,,
person:나유타,event_goddessfall1,607,0.185,25,0.893,,D899 D904 D916 D940 D947,1
person:나유타,ch44,0,0.000,1,0.053,,,
person:나유타,ch45,0,0.000,1,0.091,,,
person:나유타,ch46,155,0.078,9,0.429,,D1152 D1153 D1154,1
person:나유타,ch47,0,0.000,2,0.286,,,
person:네온,ch01,10,0.022,1,0.083,,D13 D14,1
person:네온,ch02,85,0.167,13,0.929,,D19 D20,1
person:네온,ch03,15,0.082,7,1.000,,,1
person:네온,ch04,66,0.081,16,0.800,,,1
person:네온,ch05,57,0.125,11,0.786,,,1
person:네온,ch06,18,0.051,3,0.333,,,
person:네온,ch07,31,0.071,5,0.417,,,1
person:네온,ch08,49,0.187,7,0.875,,,1
person:네온,ch09,43,0.079,13,0.867,,,1
person:네온,ch10,21,0.061,5,0.714,,,1
person:네온,ch11,4,0.012,3,0.429,,,1
person:네온,ch12,35,0.053,9,0.643,,,1
person:네온,ch13,58,0.071,13,0.722,,,1
person:네온,ch14,60,0.074,12,0.632,,,1
person:네온,ch15,67,0.130,12,0.857,,,1
person:네온,ch16,41,0.061,12,0.632,,,1
person:네온,ch17,66,0.062,14,0.737,,,1
person:네온,ch18,40,0.034,8,0.400,,,1
person:네온,ch19,34,0.055,6,0.545,,,1
person:네온,ch20,37,0.049,12,0.800,,,1
person:네온,ch21,128,0.106,16,0.762,,,1
person:네온,ch22,22,0.021,8,0.471,,,1
person:네온,ch23,49,0.036,11,0.478,,,1
person:네온,ch24,33,0.020,9,0.409,,,1
person:네온,ch25,168,0.141,13,0.813,,D306,1
person:네온,ch26,89,0.069,11,0.611,,,1
person:네온,ch27,77,0.057,14,0.875,J18,,1
person:네온,ch28,104,0.084,15,0.833,,,1
person:네온,ch29,88,0.070,16,0.800,,,1
person:네온,ch30,37,0.031,9,0.500,,,1
person:네온,ch31,66,0.068,12,0.923,,,1
person:네온,ch32,41,0.033,13,0.867,,,1
person:네온,ch33,64,0.055,9,0.692,,,1
person:네온,ch34,92,0.057,13,0.867,,,1
person:네온,event_footstepwalkrun1,21,0.009,3,0.107,J18,,1
person:네온,ch35,70,0.043,9,0.474,,D602,1
person:네온,ch36,70,0.067,4,0.308,,,
person:네온,ch37,44,0.044,3,0.273,,,
person:네온,ch38,91,0.071,5,0.385,,D667,1
person:네온,ch39,128,0.076,7,0.368,J18,D769,1
person:네온,ch40,122,0.072,6,0.316,J18,,1
person:네온,ch41,71,0.044,4,0.250,J18,,1
person:네온,ch42,0,0.000,3,0.176,,,
person:네온,ch43,378,0.293,14,0.933,J18,D1025 D1026 D1027 D1028 D1029 D1030,1
person:네온,ch44,53,0.022,5,0.263,J18,D1069,1
person:네온,ch45,93,0.066,7,0.636,J18,D1136,1
person:네온,ch46,24,0.012,5,0.238,,,
person:네온,event_staranis1,34,0.010,4,0.143,,,
person:네온,ch47,52,0.049,4,0.571,,D1318,1
person:네온,ch48,10,0.011,4,0.500,,,1
person:노벨,ch09,56,0.103,3,0.200,,D82,1
person:노벨,ch31,0,0.000,1,0.077,,,
person:노아,ch19,7,0.011,2,0.182,,,
person:노아,ch20,22,0.029,7,0.467,,,1
person:노아,ch21,72,0.059,9,0.429,,D211 D212,1
person:노아,side:eden_spear,64,0.047,7,0.538,,D844,1
person:노아,event_goddessfall1,67,0.020,9,0.321,,D913 D914,1
person:노아,fl:ark_guardian,0,0.000,1,0.036,,,
person:노아,ch44,0,0.000,4,0.211,,,
person:노아,ch46,0,0.000,1,0.048,,,
person:노아,ch47,0,0.000,1,0.143,,,
person:노아,ch48,0,0.000,2,0.250,,,
person:노이즈,ch26,0,0.000,1,0.056,,,
person:노이즈,ch39,39,0.023,1,0.053,,D771,1
person:노이즈,ch40,2,0.001,2,0.105,,,
person:노이즈,ch46,0,0.000,2,0.095,,,
person:노이즈,event_staranis1,0,0.000,2,0.071,,,
person:누아르,ch22,18,0.017,4,0.235,,D228,1
person:니힐리스타,ch03,0,0.000,0,0.000,J15,,
person:니힐리스타,ch04,0,0.000,0,0.000,J15,,
person:니힐리스타,ch06,0,0.000,0,0.000,J15,,
person:니힐리스타,ch07,0,0.000,1,0.083,J15,,1
person:니힐리스타,ch11,0,0.000,0,0.000,J15,,
person:니힐리스타,ch12,0,0.000,0,0.000,J15,,
person:니힐리스타,ch19,0,0.000,1,0.091,J15,,1
person:니힐리스타,ch20,115,0.151,13,0.867,,D195 D197,1
person:니힐리스타,ch21,0,0.000,3,0.143,,,
person:니힐리스타,ch22,32,0.031,2,0.118,J15,,1
person:니힐리스타,ch23,0,0.000,1,0.043,,,
person:니힐리스타,ch24,53,0.033,6,0.273,J15,,1
person:니힐리스타,ch25,27,0.023,5,0.313,,D312 D313,1
person:니힐리스타,event_lastkingdom1,0,0.000,1,0.026,J15,,1
person:니힐리스타,ch32,0,0.000,1,0.067,,,
person:니힐리스타,ch33,0,0.000,3,0.231,,,
person:니힐리스타,ch34,0,0.000,1,0.067,,,
person:니힐리스타,ch35,0,0.000,1,0.053,,,
person:니힐리스타,ch37,0,0.000,1,0.091,,,
person:니힐리스타,ch40,0,0.000,0,0.000,J15,,
person:니힐리스타,side:eden_spear,145,0.107,12,0.923,J15,,1
person:니힐리스타,ch41,0,0.000,0,0.000,J15,,
person:니힐리스타,ch42,0,0.000,0,0.000,J15,,
person:니힐리스타,event_goddessfall1,230,0.070,13,0.464,,D898 D900 D944 D946 D948 D949,1
person:니힐리스타,fl:ark_guardian,0,0.000,0,0.000,J15,,
person:니힐리스타,ch44,0,0.000,1,0.053,,,
person:도라,ch15,64,0.124,9,0.643,,D120,1
person:도라,ch22,33,0.032,1,0.059,,,
person:도로시,ch17,0,0.000,1,0.053,,,
person:도로시,ch19,120,0.193,3,0.273,J7,D176 D177,1
person:도로시,ch20,105,0.138,11,0.733,,D189,1
person:도로시,ch21,21,0.017,3,0.143,J7,,1
person:도로시,ch22,4,0.004,1,0.059,,,
person:도로시,event_overzone,950,0.441,27,0.964,J7,D237 D238 D239 D240 D241 D242 D243,1
person:도로시,ch23,56,0.041,3,0.130,J7,,1
person:도로시,ch24,95,0.058,7,0.318,J7,,1
person:도로시,ch25,247,0.207,13,0.813,J7,D316,1
person:도로시,ch26,235,0.183,10,0.556,J7,D324 D326 D332,1
person:도로시,event_redash,210,0.090,20,0.714,,D351,1
person:도로시,ch27,0,0.000,1,0.063,,,
person:도로시,ch33,0,0.000,1,0.077,,,
person:도로시,event_oldtales1,8,0.003,4,0.143,,,
person:도로시,ch35,0,0.000,1,0.053,,,
person:도로시,ch36,0,0.000,1,0.077,,,
person:도로시,ch37,111,0.111,3,0.273,J7,D648,1
person:도로시,ch39,0,0.000,1,0.053,J7,,1
person:도로시,side:eden_spear,0,0.000,5,0.385,,,
person:도로시,ch42,0,0.000,1,0.059,,,
person:도로시,event_goddessfall1,59,0.018,5,0.179,J7,,1
person:도로시,fl:ark_guardian,289,0.123,18,0.643,,D983 D987,1
person:도로시,ch44,35,0.014,4,0.211,J7,,1
person:도로시,ch45,87,0.062,5,0.455,J7,D1139,1
person:도로시,ch46,210,0.106,8,0.381,J7,D1168 D1173 D1175,1
person:도로시,ch47,47,0.044,3,0.429,,D1319,1
person:도로시,ch48,37,0.039,1,0.125,J7,D1346 D1347 D1348,1
person:도반,ch22,34,0.033,2,0.118,,D235 D236,1
person:도반,ch23,14,0.010,5,0.217,,,
person:도반,ch24,32,0.020,2,0.091,,,
person:도반,ch25,43,0.036,1,0.063,,D315,1
person:도반,ch44,35,0.014,2,0.105,,,
person:도반,ch45,0,0.000,2,0.182,,,
person:도반,ch46,79,0.040,5,0.238,,D1164 D1165 D1166 D1170,1
person:드레이크,ch11,27,0.082,6,0.857,,D91,1
person:드레이크,ch12,9,0.014,4,0.286,,D97,1
person:드레이크,ch15,2,0.004,1,0.071,,D125,1
person:드레이크,ch16,3,0.004,1,0.053,,,
person:드레이크,ch17,5,0.005,1,0.053,,,
person:드레이크,ch18,64,0.054,15,0.750,,D160,1
person:드레이크,ch35,81,0.049,10,0.526,,,1
person:드레이크,ch36,29,0.028,6,0.462,,D619,1
person:드레이크,ch37,62,0.062,7,0.636,,D644,1
person:드레이크,ch38,47,0.037,5,0.385,,D670,1
person:드레이크,ch39,43,0.025,8,0.421,,,1
person:드레이크,ch40,13,0.008,6,0.316,,,
person:드레이크,ch41,38,0.024,5,0.313,,,
person:드레이크,ch42,18,0.008,7,0.412,,D876,1
person:드릴리,ch27,0,0.000,2,0.125,,,
person:드릴리,ch29,170,0.136,15,0.750,,D421 D422 D423 D424,1
person:드릴리,ch30,116,0.098,10,0.556,,D434,1
person:드릴리,ch44,0,0.000,1,0.053,,,
person:디젤,ch13,23,0.028,3,0.167,,,
person:디젤,ch23,20,0.014,1,0.043,,,
person:디젤,ch24,62,0.038,2,0.091,,D280,1
person:라이온,ch39,0,0.000,1,0.053,,,
person:라이온,ch40,0,0.000,3,0.158,,,
person:라이온,ch44,76,0.031,1,0.053,,,
person:라푼젤,ch14,1,0.001,1,0.053,,,
person:라푼젤,ch17,220,0.207,15,0.789,,,1
person:라푼젤,event_overzone,259,0.120,22,0.786,,D250,1
person:라푼젤,ch26,7,0.005,3,0.167,,,
person:라푼젤,event_redash,193,0.082,20,0.714,,D349,1
person:라푼젤,event_lastkingdom1,64,0.023,15,0.385,,,
person:라푼젤,event_oldtales1,24,0.008,3,0.107,,,
person:라푼젤,ch39,0,0.000,2,0.105,,,
person:라푼젤,ch40,0,0.000,1,0.053,,,
person:라푼젤,event_goddessfall1,110,0.033,16,0.571,,D951,1
person:라푼젤,fl:ark_guardian,135,0.057,18,0.643,,,1
person:라푼젤,ch44,0,0.000,5,0.263,,,
person:라푼젤,ch45,0,0.000,1,0.091,,,
person:라푼젤,ch46,0,0.000,1,0.048,,,
person:라푼젤,ch47,0,0.000,2,0.286,,,
person:라푼젤,ch48,119,0.127,3,0.375,,D1327 D1328 D1329,1
person:라플라스,ch11,69,0.210,7,1.000,,D88 D89,1
person:라플라스,ch12,48,0.073,7,0.500,,D95,1
person:라플라스,ch15,6,0.012,1,0.071,,D123,1
person:라플라스,ch16,6,0.009,2,0.105,,,
person:라플라스,ch17,24,0.023,1,0.053,,,
person:라플라스,ch18,250,0.212,15,0.750,,D153 D154 D155 D156,1
person:라플라스,ch35,94,0.057,11,0.579,,D613,1
person:라플라스,ch36,57,0.054,7,0.538,,D618,1
person:라플라스,ch37,53,0.053,7,0.636,,,1
person:라플라스,ch38,48,0.038,6,0.462,,D669,1
person:라플라스,ch39,37,0.022,8,0.421,,,1
person:라플라스,ch40,14,0.008,6,0.316,,,
person:라플라스,side:eden_spear,0,0.000,1,0.077,,,
person:라플라스,ch41,45,0.028,5,0.313,,,
person:라플라스,ch42,52,0.025,9,0.529,,,1
person:라피,ch00,23,0.163,2,0.400,,D2 D6,1
person:라피,ch01,105,0.234,12,1.000,J2,D9,1
person:라피,ch02,88,0.173,11,0.786,,D18,1
person:라피,ch03,48,0.264,6,0.857,,,1
person:라피,ch04,141,0.173,18,0.900,J2,D36,1
person:라피,ch05,78,0.171,10,0.714,,,1
person:라피,ch06,38,0.108,5,0.556,,,1
person:라피,ch07,49,0.113,5,0.417,,D73,1
person:라피,ch08,29,0.111,7,0.875,,,1
person:라피,ch09,88,0.162,13,0.867,J2,D79 D80,1
person:라피,ch10,38,0.111,5,0.714,J2,,1
person:라피,ch11,42,0.128,7,1.000,,,1
person:라피,ch12,78,0.118,12,0.857,J2,,1
person:라피,ch13,115,0.140,16,0.889,J2,,1
person:라피,ch14,124,0.153,13,0.684,,,1
person:라피,ch15,61,0.118,10,0.714,,,1
person:라피,ch16,64,0.096,11,0.579,,,1
person:라피,ch17,79,0.074,14,0.737,,,1
person:라피,ch18,55,0.047,10,0.500,,,1
person:라피,ch19,24,0.039,6,0.545,,,1
person:라피,ch20,25,0.033,9,0.600,,,1
person:라피,ch21,104,0.086,15,0.714,,,1
person:라피,ch22,39,0.037,8,0.471,,,1
person:라피,ch23,72,0.052,12,0.522,,,1
person:라피,ch24,90,0.055,13,0.591,J2,D300,1
person:라피,ch25,0,0.000,12,0.750,J2,,1
person:라피,ch26,58,0.045,14,0.778,J2,D329 D330 D331 D337,1
person:라피,event_redash,0,0.000,1,0.036,J2,,1
person:라피,ch27,132,0.097,15,0.938,,,1
person:라피,ch28,170,0.137,17,0.944,,D385,1
person:라피,ch29,91,0.073,18,0.900,,,1
person:라피,ch30,136,0.115,13,0.722,,D441 D442,1
person:라피,event_lastkingdom1,0,0.000,1,0.026,,,
person:라피,ch31,120,0.123,11,0.846,,D498,1
person:라피,ch32,160,0.130,14,0.933,J2,D505 D508 D516,1
person:라피,ch33,94,0.081,11,0.846,,D535,1
person:라피,ch34,327,0.203,13,0.867,J2,D546 D547 D548 D549,1
person:라피,event_footstepwalkrun1,736,0.326,28,1.000,J2,D586 D587 D588 D589 D590 D592,1
person:라피,ch35,252,0.153,18,0.947,J2,D600 D603 D607 D608,1
person:라피,ch36,80,0.076,10,0.769,,D615 D620,1
person:라피,ch37,154,0.154,9,0.818,,D655,1
person:라피,ch38,155,0.122,9,0.692,J2,D657 D668,1
person:라피,ch39,96,0.057,10,0.526,,,1
person:라피,ch40,90,0.053,10,0.526,,,1
person:라피,side:eden_spear,0,0.000,1,0.077,,,
person:라피,ch41,104,0.065,6,0.375,,D853 D854,1
person:라피,ch42,155,0.073,13,0.765,J2,D880 D881 D882,1
person:라피,ch44,168,0.069,13,0.684,J2,D1037,1
person:라피,ch45,71,0.050,6,0.545,J2,,1
person:라피,ch46,48,0.024,5,0.238,J2,D1169,1
person:라피,event_staranis1,29,0.008,4,0.143,,,
person:라피,ch47,60,0.057,4,0.571,,,1
person:라피,ch48,29,0.031,6,0.750,,,1
person:랩칠리언,ch27,67,0.049,1,0.063,,D372 D373,1
person:랩칠리언,ch35,0,0.000,1,0.053,,,
person:랩칠리언,ch39,98,0.058,10,0.526,,D765,1
person:랩칠리언,ch40,30,0.018,7,0.368,,,
person:랩칠리언,ch41,14,0.009,1,0.063,,,
person:랩칠리언,ch42,23,0.011,5,0.294,,,
person:레드_슈즈,ch28,0,0.000,0,0.000,J12,,
person:레드_슈즈,ch29,0,0.000,0,0.000,J12,,
person:레드_슈즈,ch30,0,0.000,0,0.000,J12,,
person:레드_슈즈,ch31,0,0.000,0,0.000,J12,,
person:레드_슈즈,ch32,0,0.000,0,0.000,J12,,
person:레드_슈즈,ch33,0,0.000,0,0.000,J12,,
person:레드_슈즈,ch34,0,0.000,0,0.000,J12,,
person:레드_슈즈,event_oldtales1,348,0.122,21,0.750,J12,D563 D564 D565 D566 D567 D581,1
person:레드_슈즈,ch35,0,0.000,0,0.000,J12,,
person:레드_슈즈,ch36,0,0.000,0,0.000,J12,,
person:레드_슈즈,side:mudfish,0,0.000,0,0.000,J12,,
person:레드_슈즈,side:eden_spear,0,0.000,0,0.000,J12,,
person:레드_슈즈,ch42,0,0.000,0,0.000,J12,,
person:레드_슈즈,event_goddessfall1,0,0.000,0,0.000,J12,,
person:레드_슈즈,fl:ark_guardian,0,0.000,2,0.071,,,
person:레드_슈즈,ch46,0,0.000,2,0.095,,,
person:레드_슈즈,ch47,0,0.000,2,0.286,,,
person:레드_슈즈,ch48,46,0.049,1,0.125,,D1325 D1326,1
person:레드_후드,ch01,0,0.000,0,0.000,J2,,
person:레드_후드,ch04,0,0.000,1,0.050,J2,,1
person:레드_후드,ch09,0,0.000,0,0.000,J2,,
person:레드_후드,ch10,0,0.000,0,0.000,J2,,
person:레드_후드,ch12,0,0.000,0,0.000,J2,,
person:레드_후드,ch13,0,0.000,1,0.056,J2,,1
person:레드_후드,ch17,0,0.000,2,0.105,,,
person:레드_후드,event_overzone,0,0.000,4,0.143,,,
person:레드_후드,ch24,0,0.000,2,0.091,J2,,1
person:레드_후드,ch25,38,0.032,2,0.125,J2,D317 D318,1
person:레드_후드,ch26,353,0.275,14,0.778,J2,D321 D322 D323 D327 D328,1
person:레드_후드,event_redash,720,0.308,26,0.929,J2,D345 D350,1
person:레드_후드,ch27,0,0.000,1,0.063,,,
person:레드_후드,ch30,0,0.000,1,0.056,,,
person:레드_후드,event_lastkingdom1,0,0.000,1,0.026,,,
person:레드_후드,ch31,0,0.000,3,0.231,,,
person:레드_후드,ch32,14,0.011,3,0.200,J2,,1
person:레드_후드,ch33,0,0.000,2,0.154,,,
person:레드_후드,ch34,7,0.004,5,0.333,J2,D562,1
person:레드_후드,event_oldtales1,13,0.005,4,0.143,,,
person:레드_후드,event_footstepwalkrun1,454,0.201,14,0.500,J2,D591,1
person:레드_후드,ch35,0,0.000,1,0.053,J2,,1
person:레드_후드,ch36,0,0.000,1,0.077,,,
person:레드_후드,ch38,0,0.000,0,0.000,J2,,
person:레드_후드,ch42,0,0.000,0,0.000,J2,,
person:레드_후드,event_goddessfall1,0,0.000,1,0.036,,,
person:레드_후드,fl:ark_guardian,4,0.002,9,0.321,,,
person:레드_후드,ch44,14,0.006,2,0.105,J2,,1
person:레드_후드,side:pretty_star,0,0.000,4,0.267,,,
person:레드_후드,ch45,0,0.000,0,0.000,J2,,
person:레드_후드,ch46,0,0.000,2,0.095,J2,,1
person:레드_후드,ch48,0,0.000,1,0.125,,,
person:레비아탄,ch12,0,0.000,0,0.000,J10,,
person:레비아탄,ch31,0,0.000,1,0.077,J10,,1
person:레비아탄,ch32,52,0.042,1,0.067,J10,D506 D507,1
person:레비아탄,ch33,174,0.151,8,0.615,J10,D542 D543,1
person:레비아탄,ch34,191,0.119,10,0.667,J10,D556 D557,1
person:레비아탄,ch35,47,0.029,6,0.316,J10,D604,1
person:레비아탄,ch36,325,0.309,10,0.769,J10,D614 D616 D617,1
person:레비아탄,side:mudfish,571,0.432,12,0.750,J10,D631 D632 D633 D634 D635 D636 D637 D638,1
person:레비아탄,ch37,23,0.023,5,0.455,J10,D653,1
person:레비아탄,ch38,141,0.111,7,0.538,J10,D659 D672,1
person:레비아탄,ch39,91,0.054,7,0.368,,D766,1
person:레비아탄,ch40,67,0.040,7,0.368,J10,D784 D787 D788 D789,1
person:레비아탄,ch41,117,0.073,6,0.375,J10,D848 D849 D857,1
person:레비아탄,ch42,229,0.108,9,0.529,J10,D867 D868 D869 D870 D871 D872,1
person:레비아탄,ch45,0,0.000,0,0.000,J10,,
person:레비아탄,ch46,125,0.063,3,0.143,J10,D1162,1
person:레비아탄,ch47,70,0.066,4,0.571,J10,,1
person:레비아탄,ch48,41,0.044,6,0.750,J10,,1
person:로산나,ch22,185,0.178,8,0.471,,D229 D230,1
person:로산나,ch23,37,0.027,3,0.130,,,
person:로산나,ch24,11,0.007,2,0.091,,,
person:로산나,ch44,71,0.029,3,0.158,,,
person:로산나,ch45,0,0.000,1,0.091,,,
person:로지,ch41,0,0.000,2,0.125,,,
person:로지,ch44,0,0.000,1,0.053,,,
person:로지,ch45,0,0.000,1,0.091,,,
person:루드밀라,ch05,128,0.281,10,0.714,,D55 D56 D57,1
person:루드밀라,ch06,113,0.322,6,0.667,,D61,1
person:루드밀라,ch07,25,0.058,3,0.250,,,
person:루드밀라,ch12,0,0.000,1,0.071,,,
person:루주,ch22,0,0.000,1,0.059,,,
person:루피,ch15,59,0.114,8,0.571,,D122,1
person:리버렐리오,ch03,0,0.000,0,0.000,J15,,
person:리버렐리오,ch04,0,0.000,0,0.000,J15,,
person:리버렐리오,ch06,0,0.000,0,0.000,J15,,
person:리버렐리오,ch07,0,0.000,0,0.000,J15,,
person:리버렐리오,ch11,0,0.000,0,0.000,J15,,
person:리버렐리오,ch12,0,0.000,0,0.000,J15,,
person:리버렐리오,ch19,0,0.000,0,0.000,J15,,
person:리버렐리오,ch20,28,0.037,2,0.133,,D196,1
person:리버렐리오,ch22,0,0.000,0,0.000,J15,,
person:리버렐리오,ch24,0,0.000,0,0.000,J15,,
person:리버렐리오,event_lastkingdom1,0,0.000,0,0.000,J15,,
person:리버렐리오,ch33,0,0.000,2,0.154,,,
person:리버렐리오,ch40,132,0.078,6,0.316,J15,,1
person:리버렐리오,side:eden_spear,59,0.043,4,0.308,J15,,1
person:리버렐리오,ch41,122,0.076,5,0.313,J15,D850 D851,1
person:리버렐리오,ch42,145,0.068,10,0.588,J15,D877 D879,1
person:리버렐리오,event_goddessfall1,0,0.000,3,0.107,,,
person:리버렐리오,fl:ark_guardian,0,0.000,1,0.036,J15,,1
person:리버렐리오,ch44,31,0.013,4,0.211,,D1048 D1049,1
person:리버렐리오,ch45,4,0.003,1,0.091,,,
person:리버렐리오,ch46,0,0.000,4,0.190,,,
person:리버렐리오,ch47,0,0.000,2,0.286,,,
person:리버렐리오,ch48,0,0.000,4,0.500,,,1
person:리버린,ch27,211,0.156,13,0.813,,D376 D380,1
person:리버린,ch28,275,0.222,17,0.944,,D388,1
person:리버린,ch29,39,0.031,12,0.600,,,1
person:리버린,ch30,193,0.163,13,0.722,,D433,1
person:리버린,ch40,0,0.000,1,0.053,,,
person:리버린,ch41,41,0.026,2,0.125,,D864 D865,1
person:리버린,ch42,17,0.008,3,0.176,,,
person:리버린,ch44,104,0.043,4,0.211,,D1061 D1063 D1067,1
person:리버린,ch45,26,0.018,1,0.091,,D1143 D1144,1
person:리스,side:pretty_star,38,0.018,3,0.200,,,
person:리스,event_staranis1,254,0.072,16,0.571,,D1191 D1192 D1195 D1206 D1217 D1218,1
person:리안,ch14,11,0.014,1,0.053,,D119,1
person:리안,ch15,4,0.008,1,0.071,,,
person:리안,ch16,18,0.027,1,0.053,,,
person:리안,ch18,17,0.014,2,0.100,,,
person:리오,event_footstepwalkrun1,160,0.071,4,0.143,,,
person:리타,ch29,0,0.000,1,0.050,,,
person:리타,ch30,0,0.000,1,0.056,,,
person:릴리,event_redash,0,0.000,1,0.036,,,
person:릴리,event_goddessfall1,0,0.000,2,0.071,,,
person:릴리,fl:ark_guardian,0,0.000,2,0.071,,,
person:릴리스,ch07,0,0.000,0,0.000,J6,,
person:릴리스,ch17,0,0.000,1,0.053,J6,,1
person:릴리스,event_overzone,28,0.013,12,0.429,J6,D254,1
person:릴리스,ch23,0,0.000,0,0.000,J6,,
person:릴리스,event_redash,275,0.118,20,0.714,J6,D341 D342 D343 D344,1
person:릴리스,event_oldtales1,25,0.009,3,0.107,,,
person:릴리스,event_goddessfall1,0,0.000,4,0.143,,,
person:릴리스,fl:ark_guardian,409,0.174,22,0.786,J6,D978 D984 D985 D992 D993,1
person:릴리스,ch44,0,0.000,5,0.263,,,
person:릴리스,side:pretty_star,0,0.000,2,0.133,J6,,1
person:릴리스,ch45,0,0.000,1,0.091,,,
person:릴리스,ch46,0,0.000,2,0.095,J6,,1
person:릴리스,ch47,0,0.000,3,0.429,,,1
person:마나,ch12,36,0.054,1,0.071,,,
person:마나,ch13,13,0.016,1,0.056,,,
person:마나,ch31,93,0.095,9,0.692,,,1
person:마나,ch32,21,0.017,5,0.333,,,
person:마나,ch33,42,0.036,3,0.231,,D538,1
person:마나,ch34,3,0.002,1,0.067,,,
person:마나,event_footstepwalkrun1,0,0.000,1,0.036,,,
person:마나,ch44,0,0.000,1,0.053,,,
person:마리안,ch00,69,0.489,5,1.000,,D4,1
person:마리안,ch01,55,0.122,8,0.667,J1,D8,1
person:마리안,ch02,0,0.000,1,0.071,,,
person:마리안,ch04,0,0.000,1,0.050,J1,,1
person:마리안,ch05,0,0.000,0,0.000,J1,,
person:마리안,ch06,9,0.026,1,0.111,J1,,1
person:마리안,ch07,56,0.129,4,0.333,J1,D68 D69 D70,1
person:마리안,ch10,0,0.000,1,0.143,,,
person:마리안,ch12,0,0.000,3,0.214,,,
person:마리안,ch13,123,0.150,12,0.667,J1,D101 D102 D103 D104,1
person:마리안,ch14,107,0.132,18,0.947,J1,D110 D111 D112,1
person:마리안,ch15,0,0.000,2,0.143,,,
person:마리안,ch17,3,0.003,5,0.263,,,
person:마리안,ch18,0,0.000,1,0.050,,,
person:마리안,ch19,0,0.000,4,0.364,,,
person:마리안,ch21,0,0.000,2,0.095,,,
person:마리안,ch22,0,0.000,0,0.000,J1,,
person:마리안,ch26,0,0.000,3,0.167,,,
person:마리안,ch27,0,0.000,1,0.063,,,
person:마리안,ch28,0,0.000,1,0.056,,,
person:마리안,event_lastkingdom1,245,0.090,32,0.821,J1,D450 D451 D466 D467,1
person:마리안,ch31,0,0.000,1,0.077,,,
person:마리안,ch32,0,0.000,1,0.067,,,
person:마리안,ch33,0,0.000,1,0.077,,,
person:마리안,ch35,0,0.000,1,0.053,,,
person:마리안,ch38,0,0.000,1,0.077,,,
person:마리안,ch40,0,0.000,0,0.000,J1,,
person:마리안,side:eden_spear,25,0.018,1,0.077,J1,D846,1
person:마리안,ch42,0,0.000,1,0.059,,,
person:마리안,event_goddessfall1,128,0.039,18,0.643,J1,D902 D932 D950,1
person:마리안,ch44,0,0.000,6,0.316,,,
person:마리안,ch46,0,0.000,2,0.095,,,
person:마리안,ch47,22,0.021,4,0.571,,D1315 D1316,1
person:마리안,ch48,99,0.106,3,0.375,J1,D1339 D1340 D1341 D1342 D1343,1
person:마린,event_redash,0,0.000,1,0.036,,,
person:마스트,ch37,30,0.030,5,0.455,,,1
person:마스트,ch38,21,0.016,5,0.385,,,
person:맥스,ch41,0,0.000,1,0.063,,,
person:맥스웰,ch11,83,0.252,7,1.000,,D90,1
person:맥스웰,ch12,38,0.057,6,0.429,,D96,1
person:맥스웰,ch15,1,0.002,1,0.071,,D124,1
person:맥스웰,ch16,9,0.013,1,0.053,,D139,1
person:맥스웰,ch17,14,0.013,1,0.053,,,
person:맥스웰,ch18,181,0.154,14,0.700,,D159,1
person:맥스웰,ch35,251,0.153,11,0.579,,D611,1
person:맥스웰,ch36,68,0.065,9,0.692,,,1
person:맥스웰,ch37,108,0.108,8,0.727,,D645,1
person:맥스웰,ch38,133,0.104,6,0.462,,D656 D671,1
person:맥스웰,ch39,101,0.060,8,0.421,,,1
person:맥스웰,ch40,55,0.033,8,0.421,,,1
person:맥스웰,ch41,51,0.032,5,0.313,,,
person:맥스웰,ch42,21,0.010,7,0.412,,,1
person:머스탱,ch04,38,0.047,1,0.050,,D42,1
person:머스탱,ch06,4,0.011,1,0.111,,,
person:머스탱,ch12,2,0.003,1,0.071,,,
person:머스탱,ch18,7,0.006,1,0.050,,,
person:머스탱,ch22,0,0.000,3,0.176,,,
person:머스탱,ch23,38,0.028,5,0.217,,,
person:머스탱,ch24,34,0.021,3,0.136,,,
person:머스탱,ch26,0,0.000,1,0.056,,,
person:머스탱,event_footstepwalkrun1,0,0.000,1,0.036,,,
person:머스탱,ch35,46,0.028,3,0.158,,D610,1
person:머스탱,ch36,0,0.000,1,0.077,,,
person:머스탱,ch39,41,0.024,3,0.158,,,
person:머스탱,ch40,17,0.010,2,0.105,,D797,1
person:머스탱,ch41,0,0.000,1,0.063,,,
person:머스탱,ch42,52,0.025,3,0.176,,,
person:머스탱,side:pretty_star,353,0.171,11,0.733,,D1091 D1098,1
person:머스탱,ch45,58,0.041,5,0.455,,D1140,1
person:머스탱,ch46,21,0.011,1,0.048,,,
person:머스탱,event_staranis1,569,0.161,17,0.607,,D1184 D1185 D1197 D1203 D1227,1
person:머스탱,ch47,0,0.000,2,0.286,,,
person:메어리,ch13,18,0.022,3,0.167,,,
person:메어리,ch20,1,0.001,1,0.067,,,
person:메이든,ch12,8,0.012,1,0.071,,,
person:메이든,ch23,20,0.014,4,0.174,,,
person:모리,ch41,13,0.008,1,0.063,,,
person:모리,ch42,71,0.033,7,0.412,,D887 D888,1
person:목단,ch22,98,0.094,6,0.353,,,
person:목단,ch23,127,0.092,6,0.261,,D271,1
person:목단,ch24,22,0.013,2,0.091,,,
person:목단,ch30,0,0.000,1,0.056,,,
person:목단,ch40,0,0.000,1,0.053,,,
person:목단,ch44,150,0.062,4,0.211,,D1058 D1060 D1065,1
person:목단,ch45,0,0.000,1,0.091,,,
person:미란다,ch21,16,0.013,1,0.048,,,
person:미란다,ch22,44,0.042,6,0.353,,,
person:미란다,ch23,16,0.012,3,0.130,,,
person:미란다,ch24,12,0.007,2,0.091,,,
person:미러,ch28,0,0.000,0,0.000,J12,,
person:미러,ch29,0,0.000,0,0.000,J12,,
person:미러,ch30,0,0.000,0,0.000,J12,,
person:미러,ch31,0,0.000,0,0.000,J12,,
person:미러,ch32,0,0.000,0,0.000,J12,,
person:미러,ch33,0,0.000,2,0.154,J12,,1
person:미러,ch34,0,0.000,0,0.000,J12,,
person:미러,event_oldtales1,62,0.022,4,0.143,J12,,1
person:미러,ch35,0,0.000,0,0.000,J12,,
person:미러,ch36,0,0.000,0,0.000,J12,,
person:미러,side:mudfish,0,0.000,0,0.000,J12,,
person:미러,ch40,0,0.000,1,0.053,,,
person:미러,side:eden_spear,0,0.000,0,0.000,J12,,
person:미러,ch42,0,0.000,0,0.000,J12,,
person:미러,event_goddessfall1,244,0.074,8,0.286,J12,D908 D909 D910 D942 D957,1
person:미러,fl:ark_guardian,12,0.005,1,0.036,,,
person:미러,ch44,0,0.000,1,0.053,,D1050,1
person:미러,ch46,201,0.102,7,0.333,,D1155 D1156,1
person:미러,ch47,0,0.000,3,0.429,,,1
person:미러,ch48,2,0.002,2,0.250,,,
person:미세스_미스,ch38,0,0.000,1,0.077,,,
person:미세스_미스,ch39,0,0.000,1,0.053,,,
person:미세스_미스,ch40,132,0.078,6,0.316,,D796,1
person:미세스_미스,ch41,91,0.057,3,0.188,,D858 D859,1
person:미세스_미스,ch42,36,0.017,2,0.118,,D895,1
person:미세스_미스,ch44,0,0.000,1,0.053,,,
person:미세스_미스,side:pretty_star,154,0.075,9,0.600,,D1093 D1099 D1103 D1114,1
person:미세스_미스,event_staranis1,60,0.017,6,0.214,,D1230,1
person:미하라,ch02,13,0.026,1,0.071,,D24,1
person:미하라,ch03,73,0.401,6,0.857,,D30,1
person:미하라,ch04,95,0.117,14,0.700,,D32 D34 D35,1
person:미하라,ch12,10,0.015,1,0.071,,,
person:미하라,ch16,6,0.009,1,0.053,,,
person:미하라,ch17,12,0.011,2,0.105,,,
person:미하라,ch18,0,0.000,1,0.050,,,
person:미하라,ch23,22,0.016,2,0.087,,,
person:미하라,ch24,22,0.013,5,0.227,,D283 D291,1
person:미하라,ch35,0,0.000,1,0.053,,,
person:미하라,side:mudfish,21,0.016,1,0.063,,,
person:민트,ch38,90,0.071,4,0.308,,D661 D662,1
person:민트,ch39,0,0.000,1,0.053,,,
person:민트,ch40,57,0.034,3,0.158,,,
person:민트,ch41,47,0.029,3,0.188,,D860 D861,1
person:민트,ch42,27,0.013,5,0.294,,,
person:민트,ch44,0,0.000,1,0.053,,,
person:민트,side:pretty_star,0,0.000,1,0.067,,,
person:민트,ch46,0,0.000,1,0.048,,,
person:민트,event_staranis1,358,0.101,25,0.893,,D1177 D1179 D1207 D1211 D1212 D1222 D1234,1
person:바이퍼,ch16,69,0.103,10,0.526,,D135 D136 D137,1
person:바이퍼,ch22,0,0.000,2,0.118,,,
person:바이퍼,ch23,104,0.075,12,0.522,,,1
person:바이퍼,ch24,131,0.080,9,0.409,,D286 D287 D289 D290 D296 D297,1
person:바이퍼,ch39,150,0.089,4,0.211,,,
person:바이퍼,ch40,106,0.063,4,0.211,,D795,1
person:바이퍼,ch42,36,0.017,5,0.294,,,
person:바이퍼,ch44,30,0.012,1,0.053,,,
person:바이퍼,ch45,24,0.017,1,0.091,,,
person:바하무트,ch31,0,0.000,1,0.077,,,
person:바하무트,ch34,0,0.000,1,0.067,,,
person:바하무트,ch35,0,0.000,1,0.053,,,
person:바하무트,ch37,0,0.000,1,0.091,,,
person:바하무트,ch38,0,0.000,1,0.077,,,
person:바하무트,ch41,108,0.067,4,0.250,,D847 D852,1
person:바하무트,ch42,14,0.007,7,0.412,,,1
person:바하무트,ch46,26,0.013,3,0.143,,,
person:바하무트,ch47,39,0.037,3,0.429,,,1
person:바하무트,ch48,17,0.018,4,0.500,,,1
person:버닝엄,ch14,20,0.025,4,0.211,,D113 D114,1
person:버닝엄,ch18,11,0.009,1,0.050,,,
person:버닝엄,ch19,0,0.000,2,0.182,,,
person:버닝엄,ch20,0,0.000,1,0.067,,,
person:버닝엄,ch21,0,0.000,1,0.048,,,
person:버닝엄,ch23,44,0.032,2,0.087,,D278,1
person:버닝엄,ch24,83,0.051,2,0.091,,,
person:버닝엄,ch25,30,0.025,1,0.063,,,
person:버닝엄,ch26,34,0.027,1,0.056,,D333,1
person:버닝엄,ch27,0,0.000,1,0.063,,,
person:버닝엄,ch33,0,0.000,1,0.077,,,
person:버닝엄,ch35,0,0.000,1,0.053,,,
person:버닝엄,ch38,0,0.000,1,0.077,,,
person:버닝엄,ch44,141,0.058,2,0.105,,D1053 D1055 D1056,1
person:버닝엄,side:pretty_star,5,0.002,1,0.067,,D1119,1
person:버닝엄,ch45,38,0.027,2,0.182,,,
person:버닝엄,ch46,139,0.070,6,0.286,,D1172,1
person:버닝엄,ch47,26,0.025,1,0.143,,D1321,1
person:버닝엄,ch48,7,0.007,1,0.125,,,
person:베스티,ch04,7,0.009,1,0.050,,D41,1
person:베스티,ch10,41,0.120,6,0.857,,,1
person:베스티,ch11,2,0.006,3,0.429,,,1
person:베스티,ch12,5,0.008,4,0.286,,,
person:베스티,ch13,4,0.005,2,0.111,,,
person:베스티,ch31,52,0.053,9,0.692,,D497,1
person:베스티,ch32,67,0.055,10,0.667,,D502 D503,1
person:베스티,ch33,1,0.001,1,0.077,,,
person:베스티,ch34,53,0.033,9,0.600,,,1
person:베이,side:eden_spear,0,0.000,1,0.077,,,
person:베이,fl:ark_guardian,0,0.000,1,0.036,,,
person:베히모스,ch12,0,0.000,0,0.000,J10,,
person:베히모스,ch31,120,0.123,5,0.385,J10,D493 D494 D495,1
person:베히모스,ch32,151,0.123,12,0.800,J10,D504 D509,1
person:베히모스,ch33,165,0.143,11,0.846,J10,D544 D545,1
person:베히모스,ch34,165,0.103,13,0.867,J10,D558 D559,1
person:베히모스,ch35,0,0.000,3,0.158,J10,,1
person:베히모스,ch36,0,0.000,8,0.615,J10,,1
person:베히모스,side:mudfish,0,0.000,1,0.063,J10,,1
person:베히모스,ch37,0,0.000,3,0.273,J10,,1
person:베히모스,ch38,0,0.000,5,0.385,J10,,1
person:베히모스,ch39,0,0.000,2,0.105,,,
person:베히모스,ch40,27,0.016,1,0.053,J10,D790 D791 D792 D793,1
person:베히모스,side:eden_spear,0,0.000,1,0.077,,,
person:베히모스,ch41,88,0.055,6,0.375,J10,D856,1
person:베히모스,ch42,63,0.030,9,0.529,J10,,1
person:베히모스,ch45,0,0.000,0,0.000,J10,,
person:베히모스,ch46,41,0.021,3,0.143,J10,D1159,1
person:베히모스,ch47,31,0.029,4,0.571,J10,,1
person:베히모스,ch48,18,0.019,5,0.625,J10,,1
person:볼륨,event_redash,0,0.000,1,0.036,,,
person:볼륨,ch29,0,0.000,1,0.050,,,
person:볼륨,ch39,33,0.020,1,0.053,,D772,1
person:볼륨,event_staranis1,0,0.000,2,0.071,,,
person:브리드,ch13,10,0.012,3,0.167,,,
person:브리드,ch24,0,0.000,1,0.045,,,
person:블랑,ch22,36,0.035,4,0.235,,D227,1
person:비스킷,event_overzone,0,0.000,1,0.036,,,
person:빅_마담,ch43,55,0.043,11,0.733,,D1018 D1019,1
person:사쿠라,ch22,121,0.116,8,0.471,,,1
person:사쿠라,ch23,28,0.020,3,0.130,,D272,1
person:사쿠라,ch24,13,0.008,2,0.091,,,
person:사쿠라,ch44,86,0.035,3,0.158,,,
person:세르반,ch44,0,0.000,1,0.053,,,
person:세실,ch19,25,0.040,2,0.182,J8,D178,1
person:세실,ch20,86,0.113,6,0.400,J8,D193 D194,1
person:세실,ch21,230,0.190,15,0.714,J8,D213 D214,1
person:세실,event_overzone,0,0.000,1,0.036,,,
person:세실,ch24,0,0.000,1,0.045,,,
person:세실,ch25,0,0.000,1,0.063,,,
person:세실,ch32,0,0.000,1,0.067,J8,,1
person:세실,ch33,0,0.000,1,0.077,J8,,1
person:세실,ch34,0,0.000,1,0.067,,,
person:세실,ch39,0,0.000,0,0.000,J8,,
person:세실,ch40,0,0.000,0,0.000,J8,,
person:세실,side:eden_spear,165,0.122,12,0.923,J8,,1
person:세실,ch42,0,0.000,0,0.000,J8,,
person:세실,event_goddessfall1,127,0.039,14,0.500,J8,,1
person:세실,fl:ark_guardian,74,0.032,3,0.107,J8,D975,1
person:세실,ch44,53,0.022,5,0.263,J8,D1034,1
person:세실,ch45,11,0.008,1,0.091,,,
person:세실,ch46,38,0.019,5,0.238,J8,,1
person:세실,ch47,97,0.092,5,0.714,,D1310,1
person:세실,ch48,41,0.044,2,0.250,,,
person:세이라,event_footstepwalkrun1,88,0.039,2,0.071,,,
person:세이렌,ch28,0,0.000,0,0.000,J12,,
person:세이렌,ch29,0,0.000,0,0.000,J12,,
person:세이렌,ch30,0,0.000,0,0.000,J12,,
person:세이렌,ch31,0,0.000,0,0.000,J12,,
person:세이렌,ch32,0,0.000,0,0.000,J12,,
person:세이렌,ch33,0,0.000,0,0.000,J12,,
person:세이렌,ch34,0,0.000,3,0.200,J12,,1
person:세이렌,event_oldtales1,118,0.041,18,0.643,J12,D572 D573,1
person:세이렌,ch35,0,0.000,4,0.211,J12,,1
person:세이렌,ch36,0,0.000,3,0.231,J12,,1
person:세이렌,side:mudfish,469,0.354,15,0.938,J12,D639 D640 D641 D642,1
person:세이렌,ch38,0,0.000,1,0.077,,,
person:세이렌,side:eden_spear,14,0.010,1,0.077,J12,,1
person:세이렌,ch41,13,0.008,2,0.125,,,
person:세이렌,ch42,95,0.045,10,0.588,J12,D873 D874,1
person:세이렌,event_goddessfall1,0,0.000,0,0.000,J12,,
person:세이렌,ch46,0,0.000,1,0.048,,,
person:센티,ch27,0,0.000,1,0.063,,,
person:소라,ch47,7,0.007,2,0.286,,,
person:소라,ch48,9,0.010,1,0.125,,,
person:솔린,ch13,6,0.007,3,0.167,,,
person:솔린,ch24,38,0.023,2,0.091,,,
person:슈가,ch13,32,0.039,2,0.111,,D106,1
person:슈가,ch44,87,0.036,3,0.158,,D1064 D1066,1
person:슈가,ch45,0,0.000,1,0.091,,,
person:슈엔,ch02,68,0.134,1,0.071,,D22,1
person:슈엔,ch03,0,0.000,3,0.429,,,1
person:슈엔,ch04,29,0.036,5,0.250,,D45,1
person:슈엔,ch08,46,0.176,4,0.500,,,1
person:슈엔,ch09,73,0.135,12,0.800,,,1
person:슈엔,ch10,0,0.000,1,0.143,,,
person:슈엔,ch11,14,0.043,2,0.286,,D92,1
person:슈엔,ch12,43,0.065,3,0.214,,D100,1
person:슈엔,ch13,0,0.000,1,0.056,,,
person:슈엔,ch14,18,0.022,1,0.053,,,
person:슈엔,ch15,67,0.130,6,0.429,,D126 D127,1
person:슈엔,ch16,29,0.043,5,0.263,,,
person:슈엔,ch17,148,0.139,5,0.263,,D152,1
person:슈엔,ch18,185,0.157,13,0.650,,D157 D158,1
person:슈엔,ch23,60,0.043,6,0.261,,,
person:슈엔,ch24,74,0.045,10,0.455,,D298,1
person:슈엔,ch25,49,0.041,4,0.250,,D308 D309,1
person:슈엔,ch26,24,0.019,3,0.167,,D334,1
person:슈엔,ch35,0,0.000,3,0.158,,D605,1
person:슈엔,ch36,0,0.000,3,0.231,,,
person:슈엔,ch37,0,0.000,2,0.182,,D647,1
person:슈엔,ch38,0,0.000,3,0.231,,,
person:슈엔,ch41,0,0.000,1,0.063,,,
person:슈엔,ch42,0,0.000,2,0.118,,,
person:슈엔,ch45,28,0.020,2,0.182,,,
person:슈엔,ch46,15,0.008,1,0.048,,,
person:스노우_화이트,ch04,5,0.006,1,0.050,,,
person:스노우_화이트,ch06,28,0.080,3,0.333,,D62 D63 D64,1
person:스노우_화이트,ch07,127,0.293,10,0.833,,D71 D72,1
person:스노우_화이트,ch12,6,0.009,1,0.071,,,
person:스노우_화이트,ch13,14,0.017,3,0.167,,,
person:스노우_화이트,ch14,20,0.025,1,0.053,,,
person:스노우_화이트,ch15,0,0.000,1,0.071,,,
person:스노우_화이트,ch16,0,0.000,5,0.263,,,
person:스노우_화이트,ch17,97,0.091,8,0.421,,D147 D148 D149,1
person:스노우_화이트,ch20,0,0.000,1,0.067,,,
person:스노우_화이트,event_overzone,241,0.112,18,0.643,,D247 D248 D249,1
person:스노우_화이트,ch26,3,0.002,4,0.222,,,
person:스노우_화이트,event_redash,358,0.153,23,0.821,,D346 D347 D348,1
person:스노우_화이트,ch29,0,0.000,1,0.050,,,
person:스노우_화이트,event_lastkingdom1,96,0.035,15,0.385,,,
person:스노우_화이트,ch32,0,0.000,1,0.067,,,
person:스노우_화이트,ch33,0,0.000,1,0.077,,,
person:스노우_화이트,ch34,7,0.004,1,0.067,,,
person:스노우_화이트,event_oldtales1,11,0.004,2,0.071,,,
person:스노우_화이트,ch39,0,0.000,2,0.105,,,
person:스노우_화이트,ch40,0,0.000,1,0.053,,,
person:스노우_화이트,event_goddessfall1,167,0.051,19,0.679,,D920 D953 D956,1
person:스노우_화이트,fl:ark_guardian,321,0.137,20,0.714,,D973 D974 D988 D989 D994,1
person:스노우_화이트,ch44,140,0.058,4,0.211,,D1036 D1038 D1039 D1040 D1041 D1042 D1043 D1044,1
person:스노우_화이트,ch45,10,0.007,2,0.182,,,
person:스노우_화이트,ch46,153,0.077,11,0.524,,D1148 D1150,1
person:스노우_화이트,ch47,52,0.049,5,0.714,,D1311,1
person:스노우_화이트,ch48,55,0.059,5,0.625,,D1349,1
person:스카이,ch37,0,0.000,1,0.091,,,
person:스카이,ch47,7,0.007,1,0.143,,,
person:스카이,ch48,6,0.006,1,0.125,,,
person:시그널,ch31,0,0.000,1,0.077,,,
person:시그널,ch35,0,0.000,1,0.053,,,
person:시엘로,ch47,25,0.024,2,0.286,,D1322,1
person:시엘로,ch48,9,0.010,1,0.125,,,
person:시프티,ch01,66,0.147,8,0.667,,D17,1
person:시프티,ch02,48,0.094,8,0.571,,,1
person:시프티,ch03,0,0.000,1,0.143,,,
person:시프티,ch04,15,0.018,3,0.150,,,
person:시프티,ch05,22,0.048,4,0.286,,,
person:시프티,ch08,47,0.179,5,0.625,,,1
person:시프티,ch09,32,0.059,8,0.533,,,1
person:시프티,ch10,37,0.108,5,0.714,,,1
person:시프티,ch11,32,0.097,7,1.000,,,1
person:시프티,ch12,57,0.086,9,0.643,,,1
person:시프티,ch13,48,0.059,11,0.611,,,1
person:시프티,ch14,2,0.002,2,0.105,,,
person:시프티,ch17,3,0.003,1,0.053,,,
person:시프티,ch18,1,0.001,1,0.050,,,
person:시프티,ch21,0,0.000,1,0.048,,,
person:시프티,ch27,114,0.084,12,0.750,,D375,1
person:시프티,ch28,61,0.049,12,0.667,,D386,1
person:시프티,ch29,103,0.082,13,0.650,,,1
person:시프티,ch30,125,0.106,8,0.444,,,1
person:시프티,ch31,37,0.038,8,0.615,,,1
person:시프티,ch32,30,0.024,6,0.400,,,1
person:시프티,ch33,23,0.020,1,0.077,,,
person:시프티,ch34,7,0.004,2,0.133,,,
person:시프티,ch35,0,0.000,1,0.053,,,
person:식스오,ch29,0,0.000,1,0.050,,,
person:식스오,ch30,0,0.000,6,0.333,,,
person:식스오,ch40,0,0.000,1,0.053,,,
person:식스오,ch41,15,0.009,2,0.125,,,
person:식스오,ch42,0,0.000,3,0.176,,,
person:식스오,ch44,37,0.015,8,0.421,,,1
person:식스오,ch45,19,0.014,8,0.727,,,1
person:식스오,ch46,0,0.000,2,0.095,,,
person:신데렐라,ch19,0,0.000,1,0.091,,,
person:신데렐라,event_redash,6,0.003,10,0.357,,,
person:신데렐라,ch28,0,0.000,2,0.111,J12,,1
person:신데렐라,ch29,0,0.000,0,0.000,J12,,
person:신데렐라,ch30,0,0.000,3,0.167,J12,,1
person:신데렐라,ch31,0,0.000,5,0.385,J12,,1
person:신데렐라,ch32,49,0.040,10,0.667,J12,D510 D511 D513 D514 D515,1
person:신데렐라,ch33,183,0.158,12,0.923,J12,D540,1
person:신데렐라,ch34,133,0.083,11,0.733,J12,D553 D554 D555,1
person:신데렐라,event_oldtales1,760,0.266,27,0.964,J12,D574 D575 D576 D577 D578 D582 D583,1
person:신데렐라,ch35,180,0.109,13,0.684,J12,D612,1
person:신데렐라,ch36,106,0.101,6,0.462,J12,,1
person:신데렐라,side:mudfish,0,0.000,1,0.063,J12,,1
person:신데렐라,ch37,0,0.000,1,0.091,,,
person:신데렐라,ch38,0,0.000,1,0.077,,,
person:신데렐라,side:eden_spear,12,0.009,1,0.077,J12,,1
person:신데렐라,ch41,4,0.002,2,0.125,,,
person:신데렐라,ch42,95,0.045,10,0.588,J12,D878 D889,1
person:신데렐라,event_goddessfall1,0,0.000,1,0.036,J12,,1
person:신데렐라,fl:ark_guardian,0,0.000,7,0.250,,,
person:신데렐라,ch44,0,0.000,1,0.053,,,
person:신데렐라,ch48,0,0.000,1,0.125,,,
person:아니스,ch00,33,0.234,2,0.400,,D3 D7,1
person:아니스,ch01,97,0.216,12,1.000,,D10,1
person:아니스,ch02,127,0.250,13,0.929,,D21 D25,1
person:아니스,ch03,20,0.110,6,0.857,,,1
person:아니스,ch04,148,0.182,17,0.850,,D37,1
person:아니스,ch05,64,0.141,11,0.786,,D59,1
person:아니스,ch06,28,0.080,6,0.667,,,1
person:아니스,ch07,47,0.108,5,0.417,,,1
person:아니스,ch08,80,0.305,7,0.875,,D75,1
person:아니스,ch09,69,0.127,14,0.933,,,1
person:아니스,ch10,65,0.190,6,0.857,,,1
person:아니스,ch11,13,0.040,3,0.429,,,1
person:아니스,ch12,57,0.086,10,0.714,,,1
person:아니스,ch13,125,0.152,14,0.778,,,1
person:아니스,ch14,106,0.131,13,0.684,,,1
person:아니스,ch15,79,0.153,12,0.857,,,1
person:아니스,ch16,102,0.153,14,0.737,,,1
person:아니스,ch17,128,0.120,16,0.842,,,1
person:아니스,ch18,61,0.052,9,0.450,,,1
person:아니스,ch19,60,0.096,6,0.545,,,1
person:아니스,ch20,49,0.064,12,0.800,,,1
person:아니스,ch21,144,0.119,17,0.810,,,1
person:아니스,ch22,49,0.047,9,0.529,,,1
person:아니스,ch23,58,0.042,11,0.478,,,1
person:아니스,ch24,52,0.032,10,0.455,,,1
person:아니스,ch25,274,0.230,13,0.813,,D307 D314,1
person:아니스,ch26,151,0.118,11,0.611,,D325,1
person:아니스,ch27,110,0.081,14,0.875,,,1
person:아니스,ch28,145,0.117,16,0.889,,,1
person:아니스,ch29,137,0.110,19,0.950,,,1
person:아니스,ch30,46,0.039,9,0.500,,,1
person:아니스,ch31,99,0.101,13,1.000,,,1
person:아니스,ch32,86,0.070,13,0.867,,,1
person:아니스,ch33,175,0.152,9,0.692,,D536 D539 D541,1
person:아니스,ch34,155,0.096,13,0.867,,D560 D561,1
person:아니스,event_footstepwalkrun1,57,0.025,4,0.143,,,
person:아니스,ch35,126,0.077,9,0.474,,D601 D609,1
person:아니스,ch36,83,0.079,3,0.231,,,
person:아니스,ch37,89,0.089,3,0.273,,,
person:아니스,ch38,155,0.122,5,0.385,,D660 D665 D666,1
person:아니스,ch39,215,0.127,6,0.316,,D773 D775 D779,1
person:아니스,ch40,147,0.087,5,0.263,,D798 D799 D800,1
person:아니스,ch41,72,0.045,4,0.250,,D862,1
person:아니스,ch42,308,0.145,9,0.529,,D892 D893 D894,1
person:아니스,ch44,191,0.079,13,0.684,,,1
person:아니스,side:pretty_star,225,0.109,10,0.667,,D1097 D1109 D1116 D1117,1
person:아니스,ch45,144,0.102,6,0.545,,D1137 D1138,1
person:아니스,ch46,42,0.021,5,0.238,,,
person:아니스,event_staranis1,908,0.257,26,0.929,,D1182 D1189 D1193 D1194 D1198 D1199 D1205 D1210 D1214 D1215 D1219 D1220 D1221 D1224 D1226 D1232 D1233 D1237 D1238 D1239 D1240,1
person:아니스,ch47,76,0.072,5,0.714,,D1317,1
person:아니스,ch48,22,0.023,4,0.500,,,1
person:아르카나,ch44,0,0.000,1,0.053,,,
person:아르카나,ch45,42,0.030,1,0.091,,D1135,1
person:아르카나,ch46,0,0.000,1,0.048,,,
person:아리아,ch40,0,0.000,1,0.053,,,
person:아비스타,ch36,22,0.021,2,0.154,,,
person:아비스타,ch37,27,0.027,3,0.273,,,
person:아비스타,ch38,8,0.006,1,0.077,,,
person:아비스타,ch39,137,0.081,2,0.105,,D774 D777 D778,1
person:아비스타,ch40,23,0.014,2,0.105,,,
person:아비스타,ch41,24,0.015,2,0.125,,,
person:아비스타,ch42,52,0.025,5,0.294,,,
person:아비스타,ch44,0,0.000,1,0.053,,,
person:아비스타,ch46,0,0.000,1,0.048,,,
person:아비스타,event_staranis1,11,0.003,2,0.071,,D1241,1
person:아서,side:pretty_star,27,0.013,1,0.067,,,
person:아이리,ch36,49,0.047,2,0.154,,,
person:아이리,ch37,63,0.063,3,0.273,,D649,1
person:아이리,ch38,16,0.013,1,0.077,,,
person:아이리,ch39,0,0.000,1,0.053,,,
person:아이리,ch42,0,0.000,1,0.059,,,
person:아이리,ch44,34,0.014,1,0.053,,D1072,1
person:아이리,ch45,39,0.028,1,0.091,,D1134,1
person:아이리,ch46,28,0.014,2,0.095,,,
person:아인,ch12,0,0.000,1,0.071,,,
person:애니힐리오,ch20,0,0.000,0,0.000,J13,,
person:애니힐리오,ch35,0,0.000,0,0.000,J13,,
person:애니힐리오,side:eden_spear,0,0.000,0,0.000,J13,,
person:애니힐리오,ch42,0,0.000,0,0.000,J13,,
person:애니힐리오,event_goddessfall1,0,0.000,0,0.000,J13,,
person:애니힐리오,ch44,0,0.000,0,0.000,J13,,
person:애니힐리오,ch45,0,0.000,0,0.000,J13,,
person:애니힐리오,ch46,0,0.000,0,0.000,J13,,
person:애니힐리오,ch47,0,0.000,4,0.571,J13,,1
person:애니힐리오,ch48,0,0.000,2,0.250,J13,,1
person:애드미,ch09,5,0.009,2,0.133,,,
person:애드미,ch14,15,0.018,2,0.105,,D117,1
person:앨리스,ch05,58,0.127,9,0.643,,D58,1
person:앨리스,ch06,27,0.077,5,0.556,,,1
person:앨리스,ch07,4,0.009,2,0.167,,,
person:앨트루이아,ch20,0,0.000,0,0.000,J13,,
person:앨트루이아,ch35,0,0.000,0,0.000,J13,,
person:앨트루이아,side:eden_spear,0,0.000,0,0.000,J13,,
person:앨트루이아,ch42,0,0.000,0,0.000,J13,,
person:앨트루이아,event_goddessfall1,0,0.000,0,0.000,J13,,
person:앨트루이아,ch44,46,0.019,2,0.105,J13,D1045 D1046 D1047,1
person:앨트루이아,ch45,0,0.000,0,0.000,J13,,
person:앨트루이아,ch46,0,0.000,4,0.190,J13,,1
person:앨트루이아,ch47,0,0.000,0,0.000,J13,,
person:앨트루이아,ch48,29,0.031,4,0.500,J13,D1351,1
person:앵커,ch21,0,0.000,5,0.238,,,
person:앵커,ch26,0,0.000,2,0.111,,,
person:앵커,ch37,26,0.026,4,0.364,,,
person:앵커,ch38,17,0.013,5,0.385,,,
person:얀,ch15,56,0.109,9,0.643,,D121,1
person:에고비스타,ch20,0,0.000,0,0.000,J13,,
person:에고비스타,ch35,0,0.000,0,0.000,J13,,
person:에고비스타,side:eden_spear,0,0.000,0,0.000,J13,,
person:에고비스타,ch42,0,0.000,0,0.000,J13,,
person:에고비스타,event_goddessfall1,0,0.000,0,0.000,J13,,
person:에고비스타,ch44,0,0.000,0,0.000,J13,,
person:에고비스타,ch45,0,0.000,0,0.000,J13,,
person:에고비스타,ch46,27,0.014,3,0.143,J13,D1151,1
person:에고비스타,ch47,0,0.000,1,0.143,J13,,1
person:에고비스타,ch48,40,0.043,4,0.500,J13,D1350,1
person:에닉,ch04,18,0.022,2,0.100,,,
person:에닉,ch06,0,0.000,0,0.000,J16,,
person:에닉,ch14,52,0.064,2,0.105,J16,,1
person:에닉,ch16,0,0.000,1,0.053,,,
person:에닉,ch18,0,0.000,3,0.150,,,
person:에닉,ch22,76,0.073,7,0.412,J16,D223 D224,1
person:에닉,event_overzone,0,0.000,1,0.036,J16,,1
person:에닉,ch23,21,0.015,5,0.217,J16,,1
person:에닉,ch24,103,0.063,7,0.318,J16,,1
person:에닉,ch25,43,0.036,3,0.188,J16,D310 D311,1
person:에닉,ch26,0,0.000,1,0.056,,,
person:에닉,ch30,0,0.000,1,0.056,,,
person:에닉,ch39,0,0.000,1,0.053,J16,,1
person:에닉,ch40,0,0.000,1,0.053,,,
person:에닉,side:eden_spear,0,0.000,1,0.077,,,
person:에닉,ch41,0,0.000,2,0.125,,,
person:에닉,ch42,137,0.065,7,0.412,J16,D890 D891,1
person:에닉,fl:ark_guardian,0,0.000,1,0.036,,,
person:에닉,ch43,0,0.000,1,0.067,,,
person:에닉,ch44,106,0.044,5,0.263,J16,D1057,1
person:에닉,side:pretty_star,0,0.000,2,0.133,,,
person:에닉,ch45,217,0.154,8,0.727,J16,D1133 D1141,1
person:에닉,ch46,23,0.012,2,0.095,,,
person:에닉,event_staranis1,22,0.006,3,0.107,,,
person:에닉,ch47,68,0.064,2,0.286,,D1323 D1324,1
person:에테르,ch41,35,0.022,1,0.063,,,
person:에테르,ch43,28,0.022,2,0.133,,,
person:에테르,ch44,34,0.014,1,0.053,,D1071,1
person:엑시아,ch07,5,0.012,2,0.167,,,
person:엑시아,ch08,52,0.198,5,0.625,,D76,1
person:엑시아,ch09,89,0.164,11,0.733,,D78,1
person:엑시아,ch17,0,0.000,1,0.053,,,
person:엑시아,ch25,0,0.000,1,0.063,,,
person:엑시아,ch33,0,0.000,1,0.077,,,
person:엔더슨,ch01,54,0.120,3,0.250,,D15,1
person:엔더슨,ch02,23,0.045,2,0.143,J5,,1
person:엔더슨,ch04,68,0.083,7,0.350,,D43 D44,1
person:엔더슨,ch07,33,0.076,3,0.250,,,
person:엔더슨,ch09,30,0.055,4,0.267,,,
person:엔더슨,ch12,45,0.068,4,0.286,,,
person:엔더슨,ch13,48,0.059,3,0.167,J5,,1
person:엔더슨,ch14,58,0.071,9,0.474,,,1
person:엔더슨,ch17,0,0.000,4,0.211,J5,,1
person:엔더슨,ch18,55,0.047,5,0.250,J5,,1
person:엔더슨,ch20,2,0.003,1,0.067,,,
person:엔더슨,event_overzone,0,0.000,3,0.107,,,
person:엔더슨,ch23,0,0.000,2,0.087,J5,,1
person:엔더슨,ch24,0,0.000,1,0.045,,,
person:엔더슨,ch25,100,0.084,2,0.125,J5,D304 D305,1
person:엔더슨,ch26,33,0.026,1,0.056,,,
person:엔더슨,event_redash,0,0.000,19,0.679,,,1
person:엔더슨,ch27,76,0.056,1,0.063,,D374,1
person:엔더슨,event_oldtales1,0,0.000,2,0.071,,,
person:엔더슨,event_footstepwalkrun1,0,0.000,1,0.036,,,
person:엔더슨,ch35,85,0.052,5,0.263,,,
person:엔더슨,ch41,0,0.000,1,0.063,,,
person:엔더슨,fl:ark_guardian,6,0.003,21,0.750,J5,D986 D991,1
person:엔더슨,ch43,0,0.000,2,0.133,J5,,1
person:엔더슨,ch44,52,0.021,4,0.211,,D1051 D1052,1
person:엔더슨,ch45,13,0.009,2,0.182,,,
person:엔더슨,ch46,155,0.078,2,0.095,J5,D1174,1
person:엔더슨,ch47,69,0.065,2,0.286,,D1320,1
person:엔더슨,ch48,27,0.029,1,0.125,J5,D1344 D1345,1
person:엔드리스,ch06,0,0.000,0,0.000,J16,,
person:엔드리스,ch14,0,0.000,0,0.000,J16,,
person:엔드리스,ch22,0,0.000,0,0.000,J16,,
person:엔드리스,event_overzone,0,0.000,0,0.000,J16,,
person:엔드리스,ch23,0,0.000,0,0.000,J16,,
person:엔드리스,ch24,0,0.000,0,0.000,J16,,
person:엔드리스,ch25,0,0.000,0,0.000,J16,,
person:엔드리스,ch39,0,0.000,2,0.105,J16,,1
person:엔드리스,ch40,0,0.000,1,0.053,,,
person:엔드리스,ch42,0,0.000,2,0.118,J16,,1
person:엔드리스,ch44,0,0.000,0,0.000,J16,,
person:엔드리스,ch45,100,0.071,5,0.455,J16,,1
person:엔드리스,ch47,0,0.000,1,0.143,,,
person:엠마,ch04,14,0.017,1,0.050,,D40,1
person:엠마,ch10,61,0.178,7,1.000,,D85,1
person:엠마,ch11,6,0.018,2,0.286,,,
person:엠마,ch12,16,0.024,5,0.357,,,
person:엠마,ch13,5,0.006,2,0.111,,,
person:엠마,ch31,76,0.078,9,0.692,,,1
person:엠마,ch32,51,0.042,8,0.533,,,1
person:엠마,ch33,1,0.001,1,0.077,,,
person:엠마,ch34,68,0.042,9,0.600,,,1
person:오스왈드,ch07,0,0.000,0,0.000,J6,,
person:오스왈드,ch17,0,0.000,0,0.000,J6,,
person:오스왈드,event_overzone,104,0.048,5,0.179,J6,D252 D253,1
person:오스왈드,ch23,0,0.000,0,0.000,J6,,
person:오스왈드,event_redash,105,0.045,5,0.179,J6,D352,1
person:오스왈드,event_oldtales1,181,0.063,8,0.286,,D579,1
person:오스왈드,fl:ark_guardian,127,0.054,5,0.179,J6,D979 D980 D982 D995 D996,1
person:오스왈드,side:pretty_star,310,0.151,12,0.800,J6,D1085 D1086 D1087 D1111 D1118,1
person:오스왈드,ch46,0,0.000,2,0.095,J6,,1
person:온리_원,ch12,0,0.000,0,0.000,J10,,
person:온리_원,ch31,0,0.000,0,0.000,J10,,
person:온리_원,ch32,0,0.000,0,0.000,J10,,
person:온리_원,ch33,0,0.000,0,0.000,J10,,
person:온리_원,ch34,0,0.000,0,0.000,J10,,
person:온리_원,ch35,0,0.000,0,0.000,J10,,
person:온리_원,ch36,0,0.000,0,0.000,J10,,
person:온리_원,side:mudfish,0,0.000,0,0.000,J10,,
person:온리_원,ch37,0,0.000,0,0.000,J10,,
person:온리_원,ch38,0,0.000,0,0.000,J10,,
person:온리_원,ch40,0,0.000,0,0.000,J10,,
person:온리_원,ch41,5,0.003,1,0.063,J10,,1
person:온리_원,ch42,22,0.010,11,0.647,J10,D883 D884 D885 D886,1
person:온리_원,ch44,0,0.000,4,0.211,,,
person:온리_원,ch45,0,0.000,0,0.000,J10,,
person:온리_원,ch46,54,0.027,3,0.143,J10,D1160 D1161,1
person:온리_원,ch47,64,0.061,4,0.571,J10,D1312 D1313 D1314,1
person:온리_원,ch48,80,0.085,3,0.375,J10,D1336 D1337 D1338,1
person:요요,event_staranis1,205,0.058,16,0.571,,D1186 D1187 D1188 D1190 D1202 D1204 D1225,1
person:요한,ch17,0,0.000,1,0.053,,,
person:요한,ch19,35,0.056,4,0.364,J8,D170 D171 D172,1
person:요한,ch20,139,0.183,12,0.800,J8,D184 D185 D186,1
person:요한,ch21,214,0.177,17,0.810,J8,D210,1
person:요한,ch23,0,0.000,1,0.043,,,
person:요한,ch25,0,0.000,1,0.063,,,
person:요한,ch29,0,0.000,1,0.050,,,
person:요한,ch32,0,0.000,0,0.000,J8,,
person:요한,ch33,0,0.000,0,0.000,J8,,
person:요한,event_footstepwalkrun1,0,0.000,3,0.107,,,
person:요한,ch35,0,0.000,1,0.053,,,
person:요한,ch39,0,0.000,0,0.000,J8,,
person:요한,ch40,0,0.000,0,0.000,J8,,
person:요한,side:eden_spear,317,0.233,13,1.000,J8,D840 D841,1
person:요한,ch42,0,0.000,1,0.059,J8,,1
person:요한,event_goddessfall1,308,0.094,18,0.643,J8,D915 D923 D924 D925 D939 D954 D955,1
person:요한,fl:ark_guardian,0,0.000,1,0.036,J8,,1
person:요한,ch44,37,0.015,3,0.158,J8,D1033,1
person:요한,ch45,12,0.009,2,0.182,,,
person:요한,ch46,103,0.052,5,0.238,J8,D1163,1
person:요한,ch47,111,0.105,5,0.714,,D1309,1
person:웬디,event_footstepwalkrun1,149,0.066,4,0.143,,,
person:유니,ch02,3,0.006,1,0.071,,D23,1
person:유니,ch03,19,0.104,5,0.714,,D29,1
person:유니,ch04,56,0.069,11,0.550,,D33,1
person:유니,ch12,18,0.027,1,0.071,,D98 D99,1
person:유니,ch16,4,0.006,1,0.053,,D138,1
person:유니,ch17,21,0.020,1,0.053,,D151,1
person:유니,ch18,35,0.030,1,0.050,,D162,1
person:유니,ch23,39,0.028,4,0.174,,D277,1
person:유니,ch24,99,0.061,7,0.318,,D282 D292,1
person:유니,ch35,0,0.000,1,0.053,,,
person:유니,side:mudfish,5,0.004,1,0.063,,,
person:율하,ch09,14,0.026,2,0.133,,,
person:율하,ch14,12,0.015,2,0.105,,D118,1
person:은화,ch04,24,0.029,1,0.050,,D38 D39,1
person:은화,ch10,76,0.222,7,1.000,,,1
person:은화,ch11,11,0.033,4,0.571,,,1
person:은화,ch12,34,0.051,7,0.500,,,1
person:은화,ch13,12,0.015,2,0.111,,,
person:은화,ch31,128,0.131,11,0.846,,D496,1
person:은화,ch32,90,0.073,9,0.600,,D517,1
person:은화,ch33,4,0.003,1,0.077,,,
person:은화,ch34,140,0.087,11,0.733,,D550,1
person:은화,event_footstepwalkrun1,0,0.000,1,0.036,,,
person:은화,ch35,0,0.000,1,0.053,,,
person:은화,ch38,0,0.000,1,0.077,,,
person:이브,ch32,0,0.000,1,0.067,,,
person:이사벨,ch19,5,0.008,2,0.182,,,
person:이사벨,ch20,17,0.022,7,0.467,,D191 D192,1
person:이사벨,ch21,50,0.041,7,0.333,,,
person:이사벨,side:eden_spear,67,0.049,7,0.538,,,1
person:이사벨,event_goddessfall1,144,0.044,18,0.643,,D911 D927 D929 D930,1
person:이사벨,fl:ark_guardian,0,0.000,1,0.036,,,
person:이사벨,ch44,0,0.000,1,0.053,,,
person:이사벨,ch46,0,0.000,2,0.095,,,
person:이사벨,ch47,0,0.000,1,0.143,,,
person:이사벨,ch48,0,0.000,2,0.250,,,
person:이터니티,ch06,0,0.000,0,0.000,J16,,
person:이터니티,ch14,0,0.000,0,0.000,J16,,
person:이터니티,ch22,0,0.000,0,0.000,J16,,
person:이터니티,event_overzone,0,0.000,0,0.000,J16,,
person:이터니티,ch23,0,0.000,0,0.000,J16,,
person:이터니티,ch24,0,0.000,0,0.000,J16,,
person:이터니티,ch25,0,0.000,0,0.000,J16,,
person:이터니티,ch39,0,0.000,2,0.105,J16,,1
person:이터니티,ch40,0,0.000,1,0.053,,,
person:이터니티,ch42,0,0.000,2,0.118,J16,D896,1
person:이터니티,ch44,0,0.000,0,0.000,J16,,
person:이터니티,ch45,0,0.000,2,0.182,J16,,1
person:이터니티,ch47,0,0.000,1,0.143,,,
person:인디빌리아,ch03,0,0.000,0,0.000,J15,,
person:인디빌리아,ch04,0,0.000,0,0.000,J15,,
person:인디빌리아,ch06,0,0.000,0,0.000,J15,,
person:인디빌리아,ch07,0,0.000,0,0.000,J15,,
person:인디빌리아,ch11,0,0.000,0,0.000,J15,,
person:인디빌리아,ch12,0,0.000,0,0.000,J15,,
person:인디빌리아,ch19,0,0.000,0,0.000,J15,,
person:인디빌리아,ch22,0,0.000,1,0.059,J15,,1
person:인디빌리아,ch24,24,0.015,4,0.182,J15,,1
person:인디빌리아,ch25,0,0.000,4,0.250,,,
person:인디빌리아,event_lastkingdom1,282,0.103,14,0.359,J15,D459 D460 D461 D462,1
person:인디빌리아,ch33,0,0.000,3,0.231,,,
person:인디빌리아,ch34,0,0.000,1,0.067,,,
person:인디빌리아,ch36,0,0.000,2,0.154,,,
person:인디빌리아,ch37,0,0.000,1,0.091,,,
person:인디빌리아,ch40,0,0.000,0,0.000,J15,,
person:인디빌리아,side:eden_spear,0,0.000,2,0.154,J15,,1
person:인디빌리아,ch41,0,0.000,0,0.000,J15,,
person:인디빌리아,ch42,0,0.000,0,0.000,J15,,
person:인디빌리아,event_goddessfall1,220,0.067,13,0.464,,D901 D903 D945,1
person:인디빌리아,fl:ark_guardian,0,0.000,0,0.000,J15,,
person:인디빌리아,ch46,0,0.000,1,0.048,,,
person:일레그,ch27,252,0.186,13,0.813,,D377,1
person:일레그,ch28,242,0.195,17,0.944,,D389 D390,1
person:일레그,ch29,145,0.116,12,0.600,,D430,1
person:일레그,ch30,79,0.067,6,0.333,,,
person:일레그,ch45,72,0.051,2,0.182,,,
person:잉그리드,ch01,22,0.049,3,0.250,,D16,1
person:잉그리드,ch02,9,0.018,1,0.071,,,
person:잉그리드,ch04,9,0.011,3,0.150,,,
person:잉그리드,ch08,0,0.000,1,0.125,,,
person:잉그리드,ch09,26,0.048,1,0.067,,,
person:잉그리드,ch10,0,0.000,1,0.143,,,
person:잉그리드,ch11,17,0.052,1,0.143,,D93,1
person:잉그리드,ch12,61,0.092,5,0.357,,,
person:잉그리드,ch13,64,0.078,3,0.167,,,
person:잉그리드,ch14,40,0.049,3,0.158,,,
person:잉그리드,ch16,0,0.000,1,0.053,,,
person:잉그리드,ch17,2,0.002,1,0.053,,,
person:잉그리드,ch18,9,0.008,1,0.050,,,
person:잉그리드,ch22,0,0.000,1,0.059,,,
person:잉그리드,ch23,52,0.038,2,0.087,,,
person:잉그리드,ch24,82,0.050,6,0.273,,D295,1
person:잉그리드,ch25,0,0.000,1,0.063,,,
person:잉그리드,ch26,29,0.023,3,0.167,,,
person:잉그리드,ch28,0,0.000,1,0.056,,,
person:잉그리드,ch30,0,0.000,2,0.111,,,
person:잉그리드,ch31,0,0.000,1,0.077,,,
person:잉그리드,ch32,0,0.000,1,0.067,,,
person:잉그리드,ch34,0,0.000,2,0.133,,,
person:잉그리드,event_footstepwalkrun1,119,0.053,2,0.071,,D593,1
person:잉그리드,ch35,123,0.075,5,0.263,,,
person:잉그리드,ch36,37,0.035,2,0.154,,,
person:잉그리드,ch37,0,0.000,2,0.182,,D646,1
person:잉그리드,ch39,0,0.000,1,0.053,,,
person:잉그리드,ch41,0,0.000,1,0.063,,,
person:잉그리드,ch43,32,0.025,2,0.133,,,
person:잉그리드,ch44,0,0.000,3,0.158,,,
person:잉그리드,ch45,70,0.050,4,0.364,,D1130,1
person:잉그리드,ch46,45,0.023,2,0.095,,D1176,1
person:잉그리드,ch47,10,0.009,2,0.286,,,
person:잉그리드,ch48,4,0.004,1,0.125,,,
person:잉크,ch06,0,0.000,0,0.000,J16,,
person:잉크,ch14,0,0.000,0,0.000,J16,,
person:잉크,ch22,0,0.000,0,0.000,J16,,
person:잉크,event_overzone,0,0.000,0,0.000,J16,,
person:잉크,ch23,0,0.000,1,0.043,J16,,1
person:잉크,ch24,0,0.000,0,0.000,J16,,
person:잉크,ch25,0,0.000,1,0.063,J16,,1
person:잉크,ch39,0,0.000,0,0.000,J16,,
person:잉크,ch42,0,0.000,0,0.000,J16,,
person:잉크,ch44,0,0.000,1,0.053,J16,,1
person:잉크,ch45,0,0.000,0,0.000,J16,,
person:자칼,ch16,56,0.084,11,0.579,,D132 D133 D134,1
person:자칼,ch22,0,0.000,1,0.059,,,
person:자칼,ch23,22,0.016,10,0.435,,,1
person:자칼,ch24,32,0.020,5,0.227,,,
person:자칼,ch39,18,0.011,4,0.211,,,
person:자칼,ch40,34,0.020,4,0.211,,,
person:자칼,ch42,16,0.008,4,0.235,,,
person:자칼,ch44,27,0.011,1,0.053,,,
person:자칼,ch45,12,0.009,1,0.091,,,
person:장화,event_overzone,0,0.000,2,0.071,,,
person:장화,event_lastkingdom1,0,0.000,1,0.026,,,
person:장화,event_goddessfall1,58,0.018,8,0.286,,D906 D907,1
person:장화,fl:ark_guardian,2,0.001,2,0.071,,,
person:장화,ch46,79,0.040,6,0.286,,D1147 D1149 D1157,1
person:장화,ch47,0,0.000,2,0.286,,,
person:장화,ch48,38,0.041,2,0.250,,D1330 D1331,1
person:지엔,ch41,76,0.047,2,0.125,,,
person:지엔,ch43,130,0.101,2,0.133,,D1031 D1032,1
person:지엔,ch44,20,0.008,1,0.053,,D1070,1
person:지엔,ch45,0,0.000,2,0.182,,,
person:지즈,ch12,0,0.000,0,0.000,J10,,
person:지즈,ch31,0,0.000,1,0.077,J10,,1
person:지즈,ch32,0,0.000,0,0.000,J10,,
person:지즈,ch33,0,0.000,0,0.000,J10,,
person:지즈,ch34,0,0.000,1,0.067,J10,,1
person:지즈,ch35,0,0.000,1,0.053,J10,,1
person:지즈,ch36,0,0.000,0,0.000,J10,,
person:지즈,side:mudfish,0,0.000,0,0.000,J10,,
person:지즈,ch37,77,0.077,2,0.182,J10,D650 D651 D652,1
person:지즈,ch38,122,0.096,6,0.462,J10,D673,1
person:지즈,ch39,86,0.051,7,0.368,,,
person:지즈,ch40,69,0.041,7,0.368,J10,D786,1
person:지즈,ch41,55,0.034,6,0.375,J10,D855,1
person:지즈,ch42,79,0.037,9,0.529,J10,D875,1
person:지즈,ch45,0,0.000,0,0.000,J10,,
person:지즈,ch46,34,0.017,3,0.143,J10,D1158,1
person:지즈,ch47,24,0.023,4,0.571,J10,,1
person:지즈,ch48,17,0.018,6,0.750,J10,,1
person:지휘관,ch00,16,0.113,5,1.000,,D1 D5,1
person:지휘관,ch01,30,0.067,12,1.000,J3,D11 D12,1
person:지휘관,ch02,45,0.088,13,0.929,J3,,1
person:지휘관,ch03,7,0.038,4,0.571,,,1
person:지휘관,ch04,56,0.069,17,0.850,J3,,1
person:지휘관,ch05,41,0.090,14,1.000,,,1
person:지휘관,ch06,35,0.100,7,0.778,J3,,1
person:지휘관,ch07,57,0.131,12,1.000,J3,D74,1
person:지휘관,ch08,5,0.019,3,0.375,,,1
person:지휘관,ch09,28,0.052,10,0.667,,,1
person:지휘관,ch10,4,0.012,2,0.286,,,1
person:지휘관,ch11,9,0.027,6,0.857,,,1
person:지휘관,ch12,43,0.065,9,0.643,,,1
person:지휘관,ch13,58,0.071,15,0.833,,,1
person:지휘관,ch14,56,0.069,14,0.737,,,1
person:지휘관,ch15,42,0.081,13,0.929,,,1
person:지휘관,ch16,48,0.072,17,0.895,,,1
person:지휘관,ch17,133,0.125,16,0.842,,D150,1
person:지휘관,ch18,102,0.087,19,0.950,,,1
person:지휘관,ch19,79,0.127,11,1.000,,,1
person:지휘관,ch20,62,0.082,15,1.000,J3,D187 D188,1
person:지휘관,ch21,158,0.130,20,0.952,,D217,1
person:지휘관,ch22,34,0.033,9,0.529,,,1
person:지휘관,event_overzone,0,0.000,3,0.107,,,1
person:지휘관,ch23,149,0.108,19,0.826,,,1
person:지휘관,ch24,130,0.080,16,0.727,,D285,1
person:지휘관,ch25,137,0.115,15,0.938,,,1
person:지휘관,ch26,142,0.111,15,0.833,,,1
person:지휘관,event_redash,0,0.000,15,0.536,,,1
person:지휘관,ch27,128,0.095,14,0.875,,,1
person:지휘관,ch28,88,0.071,14,0.778,,D384,1
person:지휘관,ch29,166,0.133,18,0.900,,,1
person:지휘관,ch30,137,0.116,15,0.833,,,1
person:지휘관,event_lastkingdom1,0,0.000,7,0.179,,,1
person:지휘관,ch31,130,0.133,12,0.923,,,1
person:지휘관,ch32,153,0.125,12,0.800,,,1
person:지휘관,ch33,153,0.132,12,0.923,,,1
person:지휘관,ch34,111,0.069,12,0.800,,,1
person:지휘관,event_oldtales1,0,0.000,1,0.036,,,1
person:지휘관,event_footstepwalkrun1,14,0.006,6,0.214,,,1
person:지휘관,ch35,176,0.107,17,0.895,,D599,1
person:지휘관,ch36,71,0.068,9,0.692,,,1
person:지휘관,ch37,69,0.069,9,0.818,,D654,1
person:지휘관,ch38,93,0.073,7,0.538,,,1
person:지휘관,ch39,75,0.044,9,0.474,J3,,1
person:지휘관,ch40,111,0.066,11,0.579,J3,D781 D785,1
person:지휘관,side:eden_spear,0,0.000,5,0.385,,,1
person:지휘관,ch41,101,0.063,7,0.438,J3,,1
person:지휘관,ch42,196,0.092,14,0.824,,,1
person:지휘관,event_goddessfall1,0,0.000,10,0.357,J3,,1
person:지휘관,fl:ark_guardian,0,0.000,18,0.643,,,1
person:지휘관,ch43,0,0.000,1,0.067,,,1
person:지휘관,ch44,245,0.101,16,0.842,J3,D1054,1
person:지휘관,ch45,112,0.080,9,0.818,,D1131 D1132,1
person:지휘관,ch46,99,0.050,8,0.381,,D1167 D1171,1
person:지휘관,event_staranis1,23,0.007,4,0.143,,,1
person:지휘관,ch47,78,0.074,6,0.857,,,1
person:지휘관,ch48,25,0.027,6,0.750,,,1
person:진,ch22,24,0.023,1,0.059,,D231,1
person:진,ch23,20,0.014,2,0.087,,,
person:진,ch24,17,0.010,1,0.045,,,
person:진,ch44,78,0.032,1,0.053,,D1059,1
person:차임,ch17,0,0.000,1,0.053,,,
person:차임,ch25,23,0.019,1,0.063,,D320,1
person:차임,ch26,76,0.059,6,0.333,,,
person:차임,event_lastkingdom1,438,0.160,33,0.846,,D452 D453 D454,1
person:차임,side:eden_spear,14,0.010,1,0.077,,,
person:차임,event_goddessfall1,127,0.039,12,0.429,,D921 D943,1
person:차임,ch47,0,0.000,1,0.143,,,
person:총사령관,ch16,0,0.000,1,0.053,,,
person:총사령관,ch27,0,0.000,0,0.000,J18,,
person:총사령관,event_footstepwalkrun1,0,0.000,0,0.000,J18,,
person:총사령관,ch35,0,0.000,1,0.053,,,
person:총사령관,ch39,0,0.000,0,0.000,J18,,
person:총사령관,ch40,0,0.000,0,0.000,J18,,
person:총사령관,ch41,0,0.000,1,0.063,J18,,1
person:총사령관,ch43,0,0.000,0,0.000,J18,,
person:총사령관,ch44,0,0.000,0,0.000,J18,,
person:총사령관,ch45,0,0.000,0,0.000,J18,,
person:총사령관,ch46,0,0.000,2,0.095,,,
person:칼리아,event_footstepwalkrun1,35,0.015,1,0.036,,,
person:칼슨,ch40,107,0.063,3,0.158,,,
person:칼슨,ch44,27,0.011,1,0.053,,,
person:퀸,ch06,0,0.000,1,0.111,,,
person:퀸,ch07,0,0.000,3,0.250,,,
person:퀸,ch13,0,0.000,2,0.111,,,
person:퀸,ch19,0,0.000,1,0.091,,,
person:퀸,ch20,0,0.000,4,0.267,J13,,1
person:퀸,event_overzone,0,0.000,2,0.071,,,
person:퀸,ch24,0,0.000,1,0.045,,,
person:퀸,ch26,0,0.000,2,0.111,,,
person:퀸,event_redash,0,0.000,4,0.143,,,
person:퀸,event_lastkingdom1,0,0.000,2,0.051,,,
person:퀸,ch32,0,0.000,1,0.067,,,
person:퀸,event_oldtales1,0,0.000,11,0.393,,,
person:퀸,ch35,0,0.000,1,0.053,J13,,1
person:퀸,ch38,0,0.000,2,0.154,,,
person:퀸,ch40,0,0.000,7,0.368,,,
person:퀸,side:eden_spear,0,0.000,6,0.462,J13,,1
person:퀸,ch41,0,0.000,6,0.375,,,
person:퀸,ch42,0,0.000,8,0.471,J13,,1
person:퀸,event_goddessfall1,0,0.000,28,1.000,J13,,1
person:퀸,fl:ark_guardian,0,0.000,4,0.143,,,
person:퀸,ch44,0,0.000,8,0.421,J13,,1
person:퀸,ch45,0,0.000,4,0.364,J13,,1
person:퀸,ch46,0,0.000,15,0.714,J13,D1146,1
person:퀸,ch47,0,0.000,7,1.000,J13,,1
person:퀸,ch48,0,0.000,4,0.500,J13,,1
person:크라운,ch17,0,0.000,1,0.053,,,
person:크라운,ch25,14,0.012,1,0.063,,D319,1
person:크라운,ch26,48,0.037,6,0.333,,D335,1
person:크라운,event_lastkingdom1,503,0.184,33,0.846,,D455 D456 D457 D458,1
person:크라운,side:eden_spear,0,0.000,1,0.077,,,
person:크라운,event_goddessfall1,83,0.025,11,0.393,,D931 D935,1
person:크라운,ch44,0,0.000,1,0.053,,,
person:크로우,ch16,201,0.301,14,0.737,,D128 D129 D130 D131,1
person:크로우,ch17,0,0.000,1,0.053,,,
person:크로우,ch18,81,0.069,3,0.150,,,
person:크로우,ch23,154,0.112,12,0.522,,,1
person:크로우,ch24,177,0.109,12,0.545,,D284 D293,1
person:크로우,ch25,0,0.000,1,0.063,,,
person:크로우,ch39,0,0.000,1,0.053,,,
person:크로우,ch44,0,0.000,1,0.053,,,
person:킬로,event_lastkingdom1,649,0.238,33,0.846,,D443 D444 D445 D446 D447 D448 D449,1
person:킬로,side:eden_spear,0,0.000,1,0.077,,,
person:킬로,event_goddessfall1,65,0.020,11,0.393,,D936,1
person:토커티브,ch03,0,0.000,2,0.286,J15,,1
person:토커티브,ch04,26,0.032,8,0.400,J15,D65,1
person:토커티브,ch05,0,0.000,2,0.143,,,
person:토커티브,ch06,51,0.145,4,0.444,J15,,1
person:토커티브,ch07,0,0.000,4,0.333,J15,,1
person:토커티브,ch09,0,0.000,1,0.067,,,
person:토커티브,ch11,0,0.000,0,0.000,J15,,
person:토커티브,ch12,0,0.000,2,0.143,J15,,1
person:토커티브,ch13,20,0.024,5,0.278,,D105,1
person:토커티브,ch14,0,0.000,1,0.053,,,
person:토커티브,ch17,0,0.000,1,0.053,,,
person:토커티브,ch19,0,0.000,0,0.000,J15,,
person:토커티브,ch20,0,0.000,1,0.067,,,
person:토커티브,ch22,0,0.000,3,0.176,J15,,1
person:토커티브,ch24,26,0.016,3,0.136,J15,D299,1
person:토커티브,ch25,0,0.000,6,0.375,,,
person:토커티브,event_lastkingdom1,170,0.062,16,0.410,J15,D463 D464 D465,1
person:토커티브,ch33,0,0.000,2,0.154,,,
person:토커티브,ch37,0,0.000,1,0.091,,,
person:토커티브,ch40,0,0.000,0,0.000,J15,,
person:토커티브,side:eden_spear,0,0.000,2,0.154,J15,,1
person:토커티브,ch41,0,0.000,0,0.000,J15,,
person:토커티브,ch42,0,0.000,0,0.000,J15,,
person:토커티브,event_goddessfall1,60,0.018,12,0.429,,D905 D941,1
person:토커티브,fl:ark_guardian,0,0.000,0,0.000,J15,,
person:트로니,ch29,92,0.074,14,0.700,,,1
person:트로니,ch30,39,0.033,6,0.333,,,
person:트로니,ch45,39,0.028,2,0.182,,,
person:트리키_보이,ch41,41,0.026,1,0.063,,,
person:트리키_보이,ch42,16,0.008,2,0.118,,,
person:파피용,ch18,7,0.006,1,0.050,,D163,1
person:파피용,ch19,84,0.135,6,0.545,,D180 D181,1
person:파피용,ch20,56,0.074,11,0.733,,D198,1
person:파피용,ch21,12,0.010,3,0.143,,D218,1
person:파피용,ch23,0,0.000,2,0.087,,,
person:파피용,ch26,0,0.000,1,0.056,,,
person:파피용,ch33,0,0.000,1,0.077,,,
person:파피용,side:eden_spear,121,0.089,7,0.538,,D842,1
person:파피용,event_goddessfall1,201,0.061,13,0.464,,D912 D926 D937 D938,1
person:파피용,ch44,36,0.015,4,0.211,,D1035,1
person:파피용,ch45,13,0.009,1,0.091,,,
person:파피용,ch46,9,0.005,1,0.048,,,
person:파피용,ch47,22,0.021,4,0.571,,,1
person:파피용,ch48,22,0.023,1,0.125,,D1335,1
person:페퍼,ch13,7,0.009,1,0.056,,,
person:페퍼,ch20,1,0.001,1,0.067,,,
person:폴리,ch21,16,0.013,1,0.048,,,
person:폴리,ch22,82,0.079,7,0.412,,D225,1
person:폴리,ch23,40,0.029,3,0.130,,,
person:폴리,ch24,28,0.017,3,0.136,,,
person:프레자일,ch29,152,0.122,15,0.750,,D425 D426,1
person:프레자일,ch30,83,0.070,10,0.556,,D431 D432,1
person:프레자일,ch42,0,0.000,1,0.059,,,
person:프레자일,ch44,112,0.046,2,0.105,,D1062,1
person:프레자일,ch45,0,0.000,1,0.091,,D1145,1
person:프로덕트_23,ch46,0,0.000,2,0.095,,,
person:프리_랫,ch43,130,0.101,6,0.400,,D1020 D1021 D1022 D1023 D1024,1
person:프리바티,ch09,21,0.039,2,0.133,,D81,1
person:프리바티,ch14,77,0.095,3,0.158,,D115 D116,1
person:프리시아,ch23,0,0.000,1,0.043,,,
person:프리시아,event_redash,26,0.011,2,0.071,,D353,1
person:프리시아,ch33,0,0.000,1,0.077,,,
person:프리시아,event_footstepwalkrun1,0,0.000,3,0.107,,,
person:프리시아,ch39,0,0.000,2,0.105,,D776,1
person:프리시아,ch40,0,0.000,2,0.105,,,
person:프리시아,ch41,0,0.000,1,0.063,,,
person:프리시아,ch42,0,0.000,1,0.059,,,
person:프리시아,fl:ark_guardian,96,0.041,5,0.179,,D981,1
person:프리시아,ch43,0,0.000,1,0.067,,,
person:프리시아,ch44,0,0.000,1,0.053,,,
person:프리시아,side:pretty_star,523,0.254,14,0.933,,D1088 D1089 D1090 D1096 D1101 D1102 D1104 D1105 D1107 D1108 D1110 D1112 D1113,1
person:프리시아,ch45,0,0.000,1,0.091,,,
person:프리시아,event_staranis1,0,0.000,13,0.464,,,1
person:프리카,ch38,87,0.068,4,0.308,,D663 D664,1
person:프리카,ch39,0,0.000,1,0.053,,,
person:프리카,ch40,49,0.029,3,0.158,,D801,1
person:프리카,ch41,40,0.025,3,0.188,,D866,1
person:프리카,ch42,19,0.009,5,0.294,,,
person:프리카,ch44,0,0.000,1,0.053,,,
person:프리카,side:pretty_star,0,0.000,1,0.067,,,
person:프리카,event_staranis1,265,0.075,25,0.893,,D1178 D1180 D1209 D1213 D1223 D1235,1
person:프린세스,ch27,0,0.000,0,0.000,J18,,
person:프린세스,event_footstepwalkrun1,0,0.000,0,0.000,J18,,
person:프린세스,ch39,0,0.000,0,0.000,J18,,
person:프린세스,ch40,0,0.000,0,0.000,J18,,
person:프린세스,ch41,0,0.000,0,0.000,J18,,
person:프린세스,fl:ark_guardian,0,0.000,1,0.036,,,
person:프린세스,ch43,426,0.330,13,0.867,J18,D1010 D1011 D1012 D1013 D1014 D1015 D1016 D1017,1
person:프린세스,ch44,0,0.000,0,0.000,J18,,
person:프린세스,ch45,0,0.000,0,0.000,J18,,
person:플로라,ch27,29,0.021,1,0.063,,,
person:피나,event_overzone,207,0.096,16,0.571,,D244 D245 D246,1
person:피나,fl:ark_guardian,10,0.004,2,0.071,,,
person:피나,ch46,0,0.000,4,0.190,,,
person:피노키오,ch40,27,0.016,4,0.211,,D782 D783,1
person:피노키오,ch41,12,0.007,1,0.063,,,
person:피노키오,ch42,32,0.015,4,0.235,,,
person:하란,ch19,149,0.240,7,0.636,,,1
person:하란,ch20,15,0.020,5,0.333,,D190,1
person:하란,ch21,45,0.037,7,0.333,,D216,1
person:하란,ch22,0,0.000,1,0.059,,,
person:하란,ch28,0,0.000,1,0.056,,,
person:하란,event_oldtales1,0,0.000,1,0.036,,,
person:하란,side:eden_spear,114,0.084,6,0.462,,D845,1
person:하란,event_goddessfall1,150,0.046,18,0.643,,D917 D918 D919 D933 D934,1
person:하란,fl:ark_guardian,0,0.000,1,0.036,,,
person:하란,ch44,0,0.000,1,0.053,,,
person:한슨,side:pretty_star,220,0.107,13,0.867,,D1092 D1094 D1095 D1100 D1106 D1115,1
person:한슨,event_staranis1,514,0.145,24,0.857,,D1181 D1183 D1196 D1200 D1201 D1208 D1216 D1228 D1229 D1231 D1236,1
person:한슨,ch47,0,0.000,2,0.286,,,
person:해머링,ch27,158,0.117,13,0.813,,D378 D379,1
person:해머링,ch28,129,0.104,16,0.889,,D387,1
person:해머링,ch29,19,0.015,13,0.650,,D427,1
person:해머링,ch30,44,0.037,12,0.667,,D435 D436,1
person:해머링,ch32,0,0.000,2,0.133,,,
person:해머링,ch34,0,0.000,1,0.067,,,
person:해머링,ch41,0,0.000,1,0.063,,,
person:해머링,ch42,0,0.000,1,0.059,,,
person:해머링,ch44,0,0.000,2,0.105,,,
person:헨젤,ch28,0,0.000,0,0.000,J12,,
person:헨젤,ch29,0,0.000,0,0.000,J12,,
person:헨젤,ch30,0,0.000,0,0.000,J12,,
person:헨젤,ch31,0,0.000,0,0.000,J12,,
person:헨젤,ch32,0,0.000,0,0.000,J12,,
person:헨젤,ch33,0,0.000,0,0.000,J12,,
person:헨젤,ch34,0,0.000,0,0.000,J12,,
person:헨젤,event_oldtales1,188,0.066,18,0.643,J12,D568 D569 D570 D571,1
person:헨젤,ch35,0,0.000,0,0.000,J12,,
person:헨젤,ch36,0,0.000,1,0.077,J12,,1
person:헨젤,side:mudfish,0,0.000,2,0.125,J12,,1
person:헨젤,side:eden_spear,0,0.000,0,0.000,J12,,
person:헨젤,ch42,0,0.000,2,0.118,J12,,1
person:헨젤,event_goddessfall1,0,0.000,0,0.000,J12,,
person:헬름,ch37,63,0.063,6,0.545,,,1
person:헬름,ch38,51,0.040,5,0.385,,D658,1
person:홍련,ch14,1,0.001,1,0.053,,,
person:홍련,ch17,84,0.079,6,0.316,,,
person:홍련,event_overzone,313,0.145,21,0.750,,D251,1
person:홍련,ch26,1,0.001,2,0.111,,,
person:홍련,event_redash,172,0.074,21,0.750,,,1
person:홍련,event_lastkingdom1,84,0.031,16,0.410,,,1
person:홍련,event_oldtales1,2,0.001,2,0.071,,,
person:홍련,ch39,0,0.000,2,0.105,,,
person:홍련,ch40,0,0.000,1,0.053,,,
person:홍련,event_goddessfall1,95,0.029,19,0.679,,D928 D952,1
person:홍련,fl:ark_guardian,264,0.112,19,0.679,,D976 D990,1
person:홍련,ch44,0,0.000,3,0.158,,,
person:홍련,ch45,0,0.000,1,0.091,,,
person:홍련,ch46,0,0.000,3,0.143,,,
person:홍련,ch47,0,0.000,2,0.286,,,
person:홍련,ch48,89,0.095,5,0.625,,D1332 D1333 D1334,1
